series_id,Country Name,Country Code,Indicator Name,Indicator Code,year,pred_xgb
AUT_PV.EST,Austria,AUT,Political Stability and Absence of Violence/Terrorism: Estimate,PV.EST,2024,0.7211360931396484
AUT_PV.EST,Austria,AUT,Political Stability and Absence of Violence/Terrorism: Estimate,PV.EST,2025,0.6964628100395203
AUT_PV.EST,Austria,AUT,Political Stability and Absence of Violence/Terrorism: Estimate,PV.EST,2026,0.6701191067695618
AUT_PV.EST,Austria,AUT,Political Stability and Absence of Violence/Terrorism: Estimate,PV.EST,2027,0.6771183013916016
AUT_PV.EST,Austria,AUT,Political Stability and Absence of Violence/Terrorism: Estimate,PV.EST,2028,0.7032009363174438
AUT_PV.EST,Austria,AUT,Political Stability and Absence of Violence/Terrorism: Estimate,PV.EST,2029,0.6915624737739563
AUT_PV.EST,Austria,AUT,Political Stability and Absence of Violence/Terrorism: Estimate,PV.EST,2030,0.7054906487464905
BEL_PV.EST,Belgium,BEL,Political Stability and Absence of Violence/Terrorism: Estimate,PV.EST,2024,0.4513843357563019
BEL_PV.EST,Belgium,BEL,Political Stability and Absence of Violence/Terrorism: Estimate,PV.EST,2025,0.522559404373169
BEL_PV.EST,Belgium,BEL,Political Stability and Absence of Violence/Terrorism: Estimate,PV.EST,2026,0.4727223515510559
BEL_PV.EST,Belgium,BEL,Political Stability and Absence of Violence/Terrorism: Estimate,PV.EST,2027,0.49034053087234497
BEL_PV.EST,Belgium,BEL,Political Stability and Absence of Violence/Terrorism: Estimate,PV.EST,2028,0.4860978424549103
BEL_PV.EST,Belgium,BEL,Political Stability and Absence of Violence/Terrorism: Estimate,PV.EST,2029,0.5099655389785767
BEL_PV.EST,Belgium,BEL,Political Stability and Absence of Violence/Terrorism: Estimate,PV.EST,2030,0.49644991755485535
BGR_PV.EST,Bulgaria,BGR,Political Stability and Absence of Violence/Terrorism: Estimate,PV.EST,2024,0.3759830594062805
BGR_PV.EST,Bulgaria,BGR,Political Stability and Absence of Violence/Terrorism: Estimate,PV.EST,2025,0.3925270140171051
BGR_PV.EST,Bulgaria,BGR,Political Stability and Absence of Violence/Terrorism: Estimate,PV.EST,2026,0.4318452775478363
BGR_PV.EST,Bulgaria,BGR,Political Stability and Absence of Violence/Terrorism: Estimate,PV.EST,2027,0.45037516951560974
BGR_PV.EST,Bulgaria,BGR,Political Stability and Absence of Violence/Terrorism: Estimate,PV.EST,2028,0.495662659406662
BGR_PV.EST,Bulgaria,BGR,Political Stability and Absence of Violence/Terrorism: Estimate,PV.EST,2029,0.4925357699394226
BGR_PV.EST,Bulgaria,BGR,Political Stability and Absence of Violence/Terrorism: Estimate,PV.EST,2030,0.5087854862213135
CYP_PV.EST,Cyprus,CYP,Political Stability and Absence of Violence/Terrorism: Estimate,PV.EST,2024,0.37414753437042236
CYP_PV.EST,Cyprus,CYP,Political Stability and Absence of Violence/Terrorism: Estimate,PV.EST,2025,0.4007565677165985
CYP_PV.EST,Cyprus,CYP,Political Stability and Absence of Violence/Terrorism: Estimate,PV.EST,2026,0.41582173109054565
CYP_PV.EST,Cyprus,CYP,Political Stability and Absence of Violence/Terrorism: Estimate,PV.EST,2027,0.4267708659172058
CYP_PV.EST,Cyprus,CYP,Political Stability and Absence of Violence/Terrorism: Estimate,PV.EST,2028,0.4293577969074249
CYP_PV.EST,Cyprus,CYP,Political Stability and Absence of Violence/Terrorism: Estimate,PV.EST,2029,0.4189363420009613
CYP_PV.EST,Cyprus,CYP,Political Stability and Absence of Violence/Terrorism: Estimate,PV.EST,2030,0.41175827383995056
CZE_PV.EST,Czechia,CZE,Political Stability and Absence of Violence/Terrorism: Estimate,PV.EST,2024,0.8513118028640747
CZE_PV.EST,Czechia,CZE,Political Stability and Absence of Violence/Terrorism: Estimate,PV.EST,2025,0.8259530067443848
CZE_PV.EST,Czechia,CZE,Political Stability and Absence of Violence/Terrorism: Estimate,PV.EST,2026,0.7665919065475464
CZE_PV.EST,Czechia,CZE,Political Stability and Absence of Violence/Terrorism: Estimate,PV.EST,2027,0.7362484335899353
CZE_PV.EST,Czechia,CZE,Political Stability and Absence of Violence/Terrorism: Estimate,PV.EST,2028,0.7167201042175293
CZE_PV.EST,Czechia,CZE,Political Stability and Absence of Violence/Terrorism: Estimate,PV.EST,2029,0.6616791486740112
CZE_PV.EST,Czechia,CZE,Political Stability and Absence of Violence/Terrorism: Estimate,PV.EST,2030,0.6730630397796631
DEU_PV.EST,Germany,DEU,Political Stability and Absence of Violence/Terrorism: Estimate,PV.EST,2024,0.6078045964241028
DEU_PV.EST,Germany,DEU,Political Stability and Absence of Violence/Terrorism: Estimate,PV.EST,2025,0.6115098595619202
DEU_PV.EST,Germany,DEU,Political Stability and Absence of Violence/Terrorism: Estimate,PV.EST,2026,0.6287009716033936
DEU_PV.EST,Germany,DEU,Political Stability and Absence of Violence/Terrorism: Estimate,PV.EST,2027,0.6290961503982544
DEU_PV.EST,Germany,DEU,Political Stability and Absence of Violence/Terrorism: Estimate,PV.EST,2028,0.6291107535362244
DEU_PV.EST,Germany,DEU,Political Stability and Absence of Violence/Terrorism: Estimate,PV.EST,2029,0.6092197299003601
DEU_PV.EST,Germany,DEU,Political Stability and Absence of Violence/Terrorism: Estimate,PV.EST,2030,0.5905887484550476
DNK_PV.EST,Denmark,DNK,Political Stability and Absence of Violence/Terrorism: Estimate,PV.EST,2024,0.7439952492713928
DNK_PV.EST,Denmark,DNK,Political Stability and Absence of Violence/Terrorism: Estimate,PV.EST,2025,0.6648034453392029
DNK_PV.EST,Denmark,DNK,Political Stability and Absence of Violence/Terrorism: Estimate,PV.EST,2026,0.6741767525672913
DNK_PV.EST,Denmark,DNK,Political Stability and Absence of Violence/Terrorism: Estimate,PV.EST,2027,0.6726269721984863
DNK_PV.EST,Denmark,DNK,Political Stability and Absence of Violence/Terrorism: Estimate,PV.EST,2028,0.6861066222190857
DNK_PV.EST,Denmark,DNK,Political Stability and Absence of Violence/Terrorism: Estimate,PV.EST,2029,0.6884799599647522
DNK_PV.EST,Denmark,DNK,Political Stability and Absence of Violence/Terrorism: Estimate,PV.EST,2030,0.7006798386573792
ESP_PV.EST,Spain,ESP,Political Stability and Absence of Violence/Terrorism: Estimate,PV.EST,2024,0.29816412925720215
ESP_PV.EST,Spain,ESP,Political Stability and Absence of Violence/Terrorism: Estimate,PV.EST,2025,0.29759782552719116
ESP_PV.EST,Spain,ESP,Political Stability and Absence of Violence/Terrorism: Estimate,PV.EST,2026,0.33094170689582825
ESP_PV.EST,Spain,ESP,Political Stability and Absence of Violence/Terrorism: Estimate,PV.EST,2027,0.377194881439209
ESP_PV.EST,Spain,ESP,Political Stability and Absence of Violence/Terrorism: Estimate,PV.EST,2028,0.3901953399181366
ESP_PV.EST,Spain,ESP,Political Stability and Absence of Violence/Terrorism: Estimate,PV.EST,2029,0.41983041167259216
ESP_PV.EST,Spain,ESP,Political Stability and Absence of Violence/Terrorism: Estimate,PV.EST,2030,0.4136981666088104
EST_PV.EST,Estonia,EST,Political Stability and Absence of Violence/Terrorism: Estimate,PV.EST,2024,0.6786011457443237
EST_PV.EST,Estonia,EST,Political Stability and Absence of Violence/Terrorism: Estimate,PV.EST,2025,0.686067521572113
EST_PV.EST,Estonia,EST,Political Stability and Absence of Violence/Terrorism: Estimate,PV.EST,2026,0.7032009363174438
EST_PV.EST,Estonia,EST,Political Stability and Absence of Violence/Terrorism: Estimate,PV.EST,2027,0.7108016610145569
EST_PV.EST,Estonia,EST,Political Stability and Absence of Violence/Terrorism: Estimate,PV.EST,2028,0.7067146897315979
EST_PV.EST,Estonia,EST,Political Stability and Absence of Violence/Terrorism: Estimate,PV.EST,2029,0.69737708568573
EST_PV.EST,Estonia,EST,Political Stability and Absence of Violence/Terrorism: Estimate,PV.EST,2030,0.6840903162956238
FIN_PV.EST,Finland,FIN,Political Stability and Absence of Violence/Terrorism: Estimate,PV.EST,2024,0.7278208136558533
FIN_PV.EST,Finland,FIN,Political Stability and Absence of Violence/Terrorism: Estimate,PV.EST,2025,0.703486979007721
FIN_PV.EST,Finland,FIN,Political Stability and Absence of Violence/Terrorism: Estimate,PV.EST,2026,0.7042741179466248
FIN_PV.EST,Finland,FIN,Political Stability and Absence of Violence/Terrorism: Estimate,PV.EST,2027,0.7209562659263611
FIN_PV.EST,Finland,FIN,Political Stability and Absence of Violence/Terrorism: Estimate,PV.EST,2028,0.7210144400596619
FIN_PV.EST,Finland,FIN,Political Stability and Absence of Violence/Terrorism: Estimate,PV.EST,2029,0.7191449403762817
FIN_PV.EST,Finland,FIN,Political Stability and Absence of Violence/Terrorism: Estimate,PV.EST,2030,0.6897329688072205
FRA_PV.EST,France,FRA,Political Stability and Absence of Violence/Terrorism: Estimate,PV.EST,2024,0.38960400223731995
FRA_PV.EST,France,FRA,Political Stability and Absence of Violence/Terrorism: Estimate,PV.EST,2025,0.41952794790267944
FRA_PV.EST,France,FRA,Political Stability and Absence of Violence/Terrorism: Estimate,PV.EST,2026,0.4173568785190582
FRA_PV.EST,France,FRA,Political Stability and Absence of Violence/Terrorism: Estimate,PV.EST,2027,0.41188639402389526
FRA_PV.EST,France,FRA,Political Stability and Absence of Violence/Terrorism: Estimate,PV.EST,2028,0.4074769914150238
FRA_PV.EST,France,FRA,Political Stability and Absence of Violence/Terrorism: Estimate,PV.EST,2029,0.4074769914150238
FRA_PV.EST,France,FRA,Political Stability and Absence of Violence/Terrorism: Estimate,PV.EST,2030,0.4060782790184021
GRC_PV.EST,Greece,GRC,Political Stability and Absence of Violence/Terrorism: Estimate,PV.EST,2024,0.2352249026298523
GRC_PV.EST,Greece,GRC,Political Stability and Absence of Violence/Terrorism: Estimate,PV.EST,2025,0.2904379665851593
GRC_PV.EST,Greece,GRC,Political Stability and Absence of Violence/Terrorism: Estimate,PV.EST,2026,0.28843405842781067
GRC_PV.EST,Greece,GRC,Political Stability and Absence of Violence/Terrorism: Estimate,PV.EST,2027,0.3065440356731415
GRC_PV.EST,Greece,GRC,Political Stability and Absence of Violence/Terrorism: Estimate,PV.EST,2028,0.3392951488494873
GRC_PV.EST,Greece,GRC,Political Stability and Absence of Violence/Terrorism: Estimate,PV.EST,2029,0.38784608244895935
GRC_PV.EST,Greece,GRC,Political Stability and Absence of Violence/Terrorism: Estimate,PV.EST,2030,0.3971041142940521
HRV_PV.EST,Croatia,HRV,Political Stability and Absence of Violence/Terrorism: Estimate,PV.EST,2024,0.5850894451141357
HRV_PV.EST,Croatia,HRV,Political Stability and Absence of Violence/Terrorism: Estimate,PV.EST,2025,0.5240194797515869
HRV_PV.EST,Croatia,HRV,Political Stability and Absence of Violence/Terrorism: Estimate,PV.EST,2026,0.5062874555587769
HRV_PV.EST,Croatia,HRV,Political Stability and Absence of Violence/Terrorism: Estimate,PV.EST,2027,0.49247118830680847
HRV_PV.EST,Croatia,HRV,Political Stability and Absence of Violence/Terrorism: Estimate,PV.EST,2028,0.43418681621551514
HRV_PV.EST,Croatia,HRV,Political Stability and Absence of Violence/Terrorism: Estimate,PV.EST,2029,0.416297972202301
HRV_PV.EST,Croatia,HRV,Political Stability and Absence of Violence/Terrorism: Estimate,PV.EST,2030,0.379027396440506
HUN_PV.EST,Hungary,HUN,Political Stability and Absence of Violence/Terrorism: Estimate,PV.EST,2024,0.6741507649421692
HUN_PV.EST,Hungary,HUN,Political Stability and Absence of Violence/Terrorism: Estimate,PV.EST,2025,0.6896637082099915
HUN_PV.EST,Hungary,HUN,Political Stability and Absence of Violence/Terrorism: Estimate,PV.EST,2026,0.6848704218864441
HUN_PV.EST,Hungary,HUN,Political Stability and Absence of Violence/Terrorism: Estimate,PV.EST,2027,0.6814253330230713
HUN_PV.EST,Hungary,HUN,Political Stability and Absence of Violence/Terrorism: Estimate,PV.EST,2028,0.6861066222190857
HUN_PV.EST,Hungary,HUN,Political Stability and Absence of Violence/Terrorism: Estimate,PV.EST,2029,0.6785476207733154
HUN_PV.EST,Hungary,HUN,Political Stability and Absence of Violence/Terrorism: Estimate,PV.EST,2030,0.6784588694572449
IRL_PV.EST,Ireland,IRL,Political Stability and Absence of Violence/Terrorism: Estimate,PV.EST,2024,0.8237550258636475
IRL_PV.EST,Ireland,IRL,Political Stability and Absence of Violence/Terrorism: Estimate,PV.EST,2025,0.7877873182296753
IRL_PV.EST,Ireland,IRL,Political Stability and Absence of Violence/Terrorism: Estimate,PV.EST,2026,0.7538383603096008
IRL_PV.EST,Ireland,IRL,Political Stability and Absence of Violence/Terrorism: Estimate,PV.EST,2027,0.7096900343894958
IRL_PV.EST,Ireland,IRL,Political Stability and Absence of Violence/Terrorism: Estimate,PV.EST,2028,0.7063822746276855
IRL_PV.EST,Ireland,IRL,Political Stability and Absence of Violence/Terrorism: Estimate,PV.EST,2029,0.690340518951416
IRL_PV.EST,Ireland,IRL,Political Stability and Absence of Violence/Terrorism: Estimate,PV.EST,2030,0.6766234636306763
ITA_PV.EST,Italy,ITA,Political Stability and Absence of Violence/Terrorism: Estimate,PV.EST,2024,0.42376840114593506
ITA_PV.EST,Italy,ITA,Political Stability and Absence of Violence/Terrorism: Estimate,PV.EST,2025,0.4328705072402954
ITA_PV.EST,Italy,ITA,Political Stability and Absence of Violence/Terrorism: Estimate,PV.EST,2026,0.43336161971092224
ITA_PV.EST,Italy,ITA,Political Stability and Absence of Violence/Terrorism: Estimate,PV.EST,2027,0.428218275308609
ITA_PV.EST,Italy,ITA,Political Stability and Absence of Violence/Terrorism: Estimate,PV.EST,2028,0.4160021245479584
ITA_PV.EST,Italy,ITA,Political Stability and Absence of Violence/Terrorism: Estimate,PV.EST,2029,0.41114988923072815
ITA_PV.EST,Italy,ITA,Political Stability and Absence of Violence/Terrorism: Estimate,PV.EST,2030,0.42002883553504944
LTU_PV.EST,Lithuania,LTU,Political Stability and Absence of Violence/Terrorism: Estimate,PV.EST,2024,0.6819692850112915
LTU_PV.EST,Lithuania,LTU,Political Stability and Absence of Violence/Terrorism: Estimate,PV.EST,2025,0.6853863000869751
LTU_PV.EST,Lithuania,LTU,Political Stability and Absence of Violence/Terrorism: Estimate,PV.EST,2026,0.6739433407783508
LTU_PV.EST,Lithuania,LTU,Political Stability and Absence of Violence/Terrorism: Estimate,PV.EST,2027,0.6788850426673889
LTU_PV.EST,Lithuania,LTU,Political Stability and Absence of Violence/Terrorism: Estimate,PV.EST,2028,0.6785476207733154
LTU_PV.EST,Lithuania,LTU,Political Stability and Absence of Violence/Terrorism: Estimate,PV.EST,2029,0.6861066222190857
LTU_PV.EST,Lithuania,LTU,Political Stability and Absence of Violence/Terrorism: Estimate,PV.EST,2030,0.6752830743789673
LUX_PV.EST,Luxembourg,LUX,Political Stability and Absence of Violence/Terrorism: Estimate,PV.EST,2024,0.995235800743103
LUX_PV.EST,Luxembourg,LUX,Political Stability and Absence of Violence/Terrorism: Estimate,PV.EST,2025,0.972834050655365
LUX_PV.EST,Luxembourg,LUX,Political Stability and Absence of Violence/Terrorism: Estimate,PV.EST,2026,0.8816324472427368
LUX_PV.EST,Luxembourg,LUX,Political Stability and Absence of Violence/Terrorism: Estimate,PV.EST,2027,0.8019909262657166
LUX_PV.EST,Luxembourg,LUX,Political Stability and Absence of Violence/Terrorism: Estimate,PV.EST,2028,0.747273325920105
LUX_PV.EST,Luxembourg,LUX,Political Stability and Absence of Violence/Terrorism: Estimate,PV.EST,2029,0.7036935687065125
LUX_PV.EST,Luxembourg,LUX,Political Stability and Absence of Violence/Terrorism: Estimate,PV.EST,2030,0.6968258023262024
LVA_PV.EST,Latvia,LVA,Political Stability and Absence of Violence/Terrorism: Estimate,PV.EST,2024,0.5640725493431091
LVA_PV.EST,Latvia,LVA,Political Stability and Absence of Violence/Terrorism: Estimate,PV.EST,2025,0.432568222284317
LVA_PV.EST,Latvia,LVA,Political Stability and Absence of Violence/Terrorism: Estimate,PV.EST,2026,0.4663256108760834
LVA_PV.EST,Latvia,LVA,Political Stability and Absence of Violence/Terrorism: Estimate,PV.EST,2027,0.5089157819747925
LVA_PV.EST,Latvia,LVA,Political Stability and Absence of Violence/Terrorism: Estimate,PV.EST,2028,0.4957256317138672
LVA_PV.EST,Latvia,LVA,Political Stability and Absence of Violence/Terrorism: Estimate,PV.EST,2029,0.47496822476387024
LVA_PV.EST,Latvia,LVA,Political Stability and Absence of Violence/Terrorism: Estimate,PV.EST,2030,0.44400081038475037
MLT_PV.EST,Malta,MLT,Political Stability and Absence of Violence/Terrorism: Estimate,PV.EST,2024,0.8070119023323059
MLT_PV.EST,Malta,MLT,Political Stability and Absence of Violence/Terrorism: Estimate,PV.EST,2025,0.778925359249115
MLT_PV.EST,Malta,MLT,Political Stability and Absence of Violence/Terrorism: Estimate,PV.EST,2026,0.7547900080680847
MLT_PV.EST,Malta,MLT,Political Stability and Absence of Violence/Terrorism: Estimate,PV.EST,2027,0.7246174216270447
MLT_PV.EST,Malta,MLT,Political Stability and Absence of Violence/Terrorism: Estimate,PV.EST,2028,0.7173437476158142
MLT_PV.EST,Malta,MLT,Political Stability and Absence of Violence/Terrorism: Estimate,PV.EST,2029,0.6898359656333923
MLT_PV.EST,Malta,MLT,Political Stability and Absence of Violence/Terrorism: Estimate,PV.EST,2030,0.6781286597251892
NLD_PV.EST,Netherlands,NLD,Political Stability and Absence of Violence/Terrorism: Estimate,PV.EST,2024,0.684253990650177
NLD_PV.EST,Netherlands,NLD,Political Stability and Absence of Violence/Terrorism: Estimate,PV.EST,2025,0.6886788010597229
NLD_PV.EST,Netherlands,NLD,Political Stability and Absence of Violence/Terrorism: Estimate,PV.EST,2026,0.6727044582366943
NLD_PV.EST,Netherlands,NLD,Political Stability and Absence of Violence/Terrorism: Estimate,PV.EST,2027,0.6533879637718201
NLD_PV.EST,Netherlands,NLD,Political Stability and Absence of Violence/Terrorism: Estimate,PV.EST,2028,0.6565113663673401
NLD_PV.EST,Netherlands,NLD,Political Stability and Absence of Violence/Terrorism: Estimate,PV.EST,2029,0.71082603931427
NLD_PV.EST,Netherlands,NLD,Political Stability and Absence of Violence/Terrorism: Estimate,PV.EST,2030,0.6931398510932922
POL_PV.EST,Poland,POL,Political Stability and Absence of Violence/Terrorism: Estimate,PV.EST,2024,0.46174806356430054
POL_PV.EST,Poland,POL,Political Stability and Absence of Violence/Terrorism: Estimate,PV.EST,2025,0.46792396903038025
POL_PV.EST,Poland,POL,Political Stability and Absence of Violence/Terrorism: Estimate,PV.EST,2026,0.43877357244491577
POL_PV.EST,Poland,POL,Political Stability and Absence of Violence/Terrorism: Estimate,PV.EST,2027,0.3620298206806183
POL_PV.EST,Poland,POL,Political Stability and Absence of Violence/Terrorism: Estimate,PV.EST,2028,0.34114429354667664
POL_PV.EST,Poland,POL,Political Stability and Absence of Violence/Terrorism: Estimate,PV.EST,2029,0.3271576464176178
POL_PV.EST,Poland,POL,Political Stability and Absence of Violence/Terrorism: Estimate,PV.EST,2030,0.34894582629203796
PRT_PV.EST,Portugal,PRT,Political Stability and Absence of Violence/Terrorism: Estimate,PV.EST,2024,0.6810175776481628
PRT_PV.EST,Portugal,PRT,Political Stability and Absence of Violence/Terrorism: Estimate,PV.EST,2025,0.6590770483016968
PRT_PV.EST,Portugal,PRT,Political Stability and Absence of Violence/Terrorism: Estimate,PV.EST,2026,0.6622302532196045
PRT_PV.EST,Portugal,PRT,Political Stability and Absence of Violence/Terrorism: Estimate,PV.EST,2027,0.7092987895011902
PRT_PV.EST,Portugal,PRT,Political Stability and Absence of Violence/Terrorism: Estimate,PV.EST,2028,0.6979252099990845
PRT_PV.EST,Portugal,PRT,Political Stability and Absence of Violence/Terrorism: Estimate,PV.EST,2029,0.6860913634300232
PRT_PV.EST,Portugal,PRT,Political Stability and Absence of Violence/Terrorism: Estimate,PV.EST,2030,0.7021205425262451
ROU_PV.EST,Romania,ROU,Political Stability and Absence of Violence/Terrorism: Estimate,PV.EST,2024,0.3980259597301483
ROU_PV.EST,Romania,ROU,Political Stability and Absence of Violence/Terrorism: Estimate,PV.EST,2025,0.4156651496887207
ROU_PV.EST,Romania,ROU,Political Stability and Absence of Violence/Terrorism: Estimate,PV.EST,2026,0.4250071942806244
ROU_PV.EST,Romania,ROU,Political Stability and Absence of Violence/Terrorism: Estimate,PV.EST,2027,0.43079903721809387
ROU_PV.EST,Romania,ROU,Political Stability and Absence of Violence/Terrorism: Estimate,PV.EST,2028,0.4105101525783539
ROU_PV.EST,Romania,ROU,Political Stability and Absence of Violence/Terrorism: Estimate,PV.EST,2029,0.3942181468009949
ROU_PV.EST,Romania,ROU,Political Stability and Absence of Violence/Terrorism: Estimate,PV.EST,2030,0.3784894347190857
SVK_PV.EST,Slovak Republic,SVK,Political Stability and Absence of Violence/Terrorism: Estimate,PV.EST,2024,0.4678424298763275
SVK_PV.EST,Slovak Republic,SVK,Political Stability and Absence of Violence/Terrorism: Estimate,PV.EST,2025,0.4527200758457184
SVK_PV.EST,Slovak Republic,SVK,Political Stability and Absence of Violence/Terrorism: Estimate,PV.EST,2026,0.4593117833137512
SVK_PV.EST,Slovak Republic,SVK,Political Stability and Absence of Violence/Terrorism: Estimate,PV.EST,2027,0.43986353278160095
SVK_PV.EST,Slovak Republic,SVK,Political Stability and Absence of Violence/Terrorism: Estimate,PV.EST,2028,0.3716907501220703
SVK_PV.EST,Slovak Republic,SVK,Political Stability and Absence of Violence/Terrorism: Estimate,PV.EST,2029,0.36797216534614563
SVK_PV.EST,Slovak Republic,SVK,Political Stability and Absence of Violence/Terrorism: Estimate,PV.EST,2030,0.3923403322696686
SVN_PV.EST,Slovenia,SVN,Political Stability and Absence of Violence/Terrorism: Estimate,PV.EST,2024,0.7628520131111145
SVN_PV.EST,Slovenia,SVN,Political Stability and Absence of Violence/Terrorism: Estimate,PV.EST,2025,0.6935490965843201
SVN_PV.EST,Slovenia,SVN,Political Stability and Absence of Violence/Terrorism: Estimate,PV.EST,2026,0.6810588836669922
SVN_PV.EST,Slovenia,SVN,Political Stability and Absence of Violence/Terrorism: Estimate,PV.EST,2027,0.668239951133728
SVN_PV.EST,Slovenia,SVN,Political Stability and Absence of Violence/Terrorism: Estimate,PV.EST,2028,0.6760591268539429
SVN_PV.EST,Slovenia,SVN,Political Stability and Absence of Violence/Terrorism: Estimate,PV.EST,2029,0.6752830743789673
SVN_PV.EST,Slovenia,SVN,Political Stability and Absence of Violence/Terrorism: Estimate,PV.EST,2030,0.6861066222190857
SWE_PV.EST,Sweden,SWE,Political Stability and Absence of Violence/Terrorism: Estimate,PV.EST,2024,0.7775202989578247
SWE_PV.EST,Sweden,SWE,Political Stability and Absence of Violence/Terrorism: Estimate,PV.EST,2025,0.7839042544364929
SWE_PV.EST,Sweden,SWE,Political Stability and Absence of Violence/Terrorism: Estimate,PV.EST,2026,0.7999398112297058
SWE_PV.EST,Sweden,SWE,Political Stability and Absence of Violence/Terrorism: Estimate,PV.EST,2027,0.804408848285675
SWE_PV.EST,Sweden,SWE,Political Stability and Absence of Violence/Terrorism: Estimate,PV.EST,2028,0.7732259631156921
SWE_PV.EST,Sweden,SWE,Political Stability and Absence of Violence/Terrorism: Estimate,PV.EST,2029,0.7657976746559143
SWE_PV.EST,Sweden,SWE,Political Stability and Absence of Violence/Terrorism: Estimate,PV.EST,2030,0.7594408988952637
