series_id,Country Name,Country Code,Indicator Name,Indicator Code,year,pred_xgb
AUT_SE.ENR.PRSC.FM.ZS,Austria,AUT,"School enrollment, primary and secondary (gross), gender parity index (GPI)",SE.ENR.PRSC.FM.ZS,2024,0.9884433150291443
AUT_SE.ENR.PRSC.FM.ZS,Austria,AUT,"School enrollment, primary and secondary (gross), gender parity index (GPI)",SE.ENR.PRSC.FM.ZS,2025,0.9894939661026001
AUT_SE.ENR.PRSC.FM.ZS,Austria,AUT,"School enrollment, primary and secondary (gross), gender parity index (GPI)",SE.ENR.PRSC.FM.ZS,2026,0.9901801347732544
AUT_SE.ENR.PRSC.FM.ZS,Austria,AUT,"School enrollment, primary and secondary (gross), gender parity index (GPI)",SE.ENR.PRSC.FM.ZS,2027,0.9901309013366699
AUT_SE.ENR.PRSC.FM.ZS,Austria,AUT,"School enrollment, primary and secondary (gross), gender parity index (GPI)",SE.ENR.PRSC.FM.ZS,2028,0.9909259676933289
AUT_SE.ENR.PRSC.FM.ZS,Austria,AUT,"School enrollment, primary and secondary (gross), gender parity index (GPI)",SE.ENR.PRSC.FM.ZS,2029,0.9904527068138123
AUT_SE.ENR.PRSC.FM.ZS,Austria,AUT,"School enrollment, primary and secondary (gross), gender parity index (GPI)",SE.ENR.PRSC.FM.ZS,2030,0.9913157224655151
BEL_SE.ENR.PRSC.FM.ZS,Belgium,BEL,"School enrollment, primary and secondary (gross), gender parity index (GPI)",SE.ENR.PRSC.FM.ZS,2024,1.0773558616638184
BEL_SE.ENR.PRSC.FM.ZS,Belgium,BEL,"School enrollment, primary and secondary (gross), gender parity index (GPI)",SE.ENR.PRSC.FM.ZS,2025,1.0759563446044922
BEL_SE.ENR.PRSC.FM.ZS,Belgium,BEL,"School enrollment, primary and secondary (gross), gender parity index (GPI)",SE.ENR.PRSC.FM.ZS,2026,1.0783090591430664
BEL_SE.ENR.PRSC.FM.ZS,Belgium,BEL,"School enrollment, primary and secondary (gross), gender parity index (GPI)",SE.ENR.PRSC.FM.ZS,2027,1.0776135921478271
BEL_SE.ENR.PRSC.FM.ZS,Belgium,BEL,"School enrollment, primary and secondary (gross), gender parity index (GPI)",SE.ENR.PRSC.FM.ZS,2028,1.0776045322418213
BEL_SE.ENR.PRSC.FM.ZS,Belgium,BEL,"School enrollment, primary and secondary (gross), gender parity index (GPI)",SE.ENR.PRSC.FM.ZS,2029,1.0774352550506592
BEL_SE.ENR.PRSC.FM.ZS,Belgium,BEL,"School enrollment, primary and secondary (gross), gender parity index (GPI)",SE.ENR.PRSC.FM.ZS,2030,1.0773558616638184
BGR_SE.ENR.PRSC.FM.ZS,Bulgaria,BGR,"School enrollment, primary and secondary (gross), gender parity index (GPI)",SE.ENR.PRSC.FM.ZS,2024,0.984238862991333
BGR_SE.ENR.PRSC.FM.ZS,Bulgaria,BGR,"School enrollment, primary and secondary (gross), gender parity index (GPI)",SE.ENR.PRSC.FM.ZS,2025,0.984386146068573
BGR_SE.ENR.PRSC.FM.ZS,Bulgaria,BGR,"School enrollment, primary and secondary (gross), gender parity index (GPI)",SE.ENR.PRSC.FM.ZS,2026,0.984386146068573
BGR_SE.ENR.PRSC.FM.ZS,Bulgaria,BGR,"School enrollment, primary and secondary (gross), gender parity index (GPI)",SE.ENR.PRSC.FM.ZS,2027,0.984238862991333
BGR_SE.ENR.PRSC.FM.ZS,Bulgaria,BGR,"School enrollment, primary and secondary (gross), gender parity index (GPI)",SE.ENR.PRSC.FM.ZS,2028,0.984238862991333
BGR_SE.ENR.PRSC.FM.ZS,Bulgaria,BGR,"School enrollment, primary and secondary (gross), gender parity index (GPI)",SE.ENR.PRSC.FM.ZS,2029,0.984238862991333
BGR_SE.ENR.PRSC.FM.ZS,Bulgaria,BGR,"School enrollment, primary and secondary (gross), gender parity index (GPI)",SE.ENR.PRSC.FM.ZS,2030,0.984238862991333
CYP_SE.ENR.PRSC.FM.ZS,Cyprus,CYP,"School enrollment, primary and secondary (gross), gender parity index (GPI)",SE.ENR.PRSC.FM.ZS,2024,0.9831275939941406
CYP_SE.ENR.PRSC.FM.ZS,Cyprus,CYP,"School enrollment, primary and secondary (gross), gender parity index (GPI)",SE.ENR.PRSC.FM.ZS,2025,0.982458233833313
CYP_SE.ENR.PRSC.FM.ZS,Cyprus,CYP,"School enrollment, primary and secondary (gross), gender parity index (GPI)",SE.ENR.PRSC.FM.ZS,2026,0.9833747148513794
CYP_SE.ENR.PRSC.FM.ZS,Cyprus,CYP,"School enrollment, primary and secondary (gross), gender parity index (GPI)",SE.ENR.PRSC.FM.ZS,2027,0.9830950498580933
CYP_SE.ENR.PRSC.FM.ZS,Cyprus,CYP,"School enrollment, primary and secondary (gross), gender parity index (GPI)",SE.ENR.PRSC.FM.ZS,2028,0.9838773012161255
CYP_SE.ENR.PRSC.FM.ZS,Cyprus,CYP,"School enrollment, primary and secondary (gross), gender parity index (GPI)",SE.ENR.PRSC.FM.ZS,2029,0.9836333990097046
CYP_SE.ENR.PRSC.FM.ZS,Cyprus,CYP,"School enrollment, primary and secondary (gross), gender parity index (GPI)",SE.ENR.PRSC.FM.ZS,2030,0.9831741452217102
CZE_SE.ENR.PRSC.FM.ZS,Czechia,CZE,"School enrollment, primary and secondary (gross), gender parity index (GPI)",SE.ENR.PRSC.FM.ZS,2024,1.0067188739776611
CZE_SE.ENR.PRSC.FM.ZS,Czechia,CZE,"School enrollment, primary and secondary (gross), gender parity index (GPI)",SE.ENR.PRSC.FM.ZS,2025,1.0060452222824097
CZE_SE.ENR.PRSC.FM.ZS,Czechia,CZE,"School enrollment, primary and secondary (gross), gender parity index (GPI)",SE.ENR.PRSC.FM.ZS,2026,1.0059387683868408
CZE_SE.ENR.PRSC.FM.ZS,Czechia,CZE,"School enrollment, primary and secondary (gross), gender parity index (GPI)",SE.ENR.PRSC.FM.ZS,2027,1.0060020685195923
CZE_SE.ENR.PRSC.FM.ZS,Czechia,CZE,"School enrollment, primary and secondary (gross), gender parity index (GPI)",SE.ENR.PRSC.FM.ZS,2028,1.0059583187103271
CZE_SE.ENR.PRSC.FM.ZS,Czechia,CZE,"School enrollment, primary and secondary (gross), gender parity index (GPI)",SE.ENR.PRSC.FM.ZS,2029,1.0059583187103271
CZE_SE.ENR.PRSC.FM.ZS,Czechia,CZE,"School enrollment, primary and secondary (gross), gender parity index (GPI)",SE.ENR.PRSC.FM.ZS,2030,1.0059583187103271
DEU_SE.ENR.PRSC.FM.ZS,Germany,DEU,"School enrollment, primary and secondary (gross), gender parity index (GPI)",SE.ENR.PRSC.FM.ZS,2024,0.9721566438674927
DEU_SE.ENR.PRSC.FM.ZS,Germany,DEU,"School enrollment, primary and secondary (gross), gender parity index (GPI)",SE.ENR.PRSC.FM.ZS,2025,0.9741424322128296
DEU_SE.ENR.PRSC.FM.ZS,Germany,DEU,"School enrollment, primary and secondary (gross), gender parity index (GPI)",SE.ENR.PRSC.FM.ZS,2026,0.9754904508590698
DEU_SE.ENR.PRSC.FM.ZS,Germany,DEU,"School enrollment, primary and secondary (gross), gender parity index (GPI)",SE.ENR.PRSC.FM.ZS,2027,0.9773125052452087
DEU_SE.ENR.PRSC.FM.ZS,Germany,DEU,"School enrollment, primary and secondary (gross), gender parity index (GPI)",SE.ENR.PRSC.FM.ZS,2028,0.9773939251899719
DEU_SE.ENR.PRSC.FM.ZS,Germany,DEU,"School enrollment, primary and secondary (gross), gender parity index (GPI)",SE.ENR.PRSC.FM.ZS,2029,0.9770300388336182
DEU_SE.ENR.PRSC.FM.ZS,Germany,DEU,"School enrollment, primary and secondary (gross), gender parity index (GPI)",SE.ENR.PRSC.FM.ZS,2030,0.9780035614967346
DNK_SE.ENR.PRSC.FM.ZS,Denmark,DNK,"School enrollment, primary and secondary (gross), gender parity index (GPI)",SE.ENR.PRSC.FM.ZS,2024,0.9975488185882568
DNK_SE.ENR.PRSC.FM.ZS,Denmark,DNK,"School enrollment, primary and secondary (gross), gender parity index (GPI)",SE.ENR.PRSC.FM.ZS,2025,0.9981574416160583
DNK_SE.ENR.PRSC.FM.ZS,Denmark,DNK,"School enrollment, primary and secondary (gross), gender parity index (GPI)",SE.ENR.PRSC.FM.ZS,2026,0.9975234866142273
DNK_SE.ENR.PRSC.FM.ZS,Denmark,DNK,"School enrollment, primary and secondary (gross), gender parity index (GPI)",SE.ENR.PRSC.FM.ZS,2027,0.9978153109550476
DNK_SE.ENR.PRSC.FM.ZS,Denmark,DNK,"School enrollment, primary and secondary (gross), gender parity index (GPI)",SE.ENR.PRSC.FM.ZS,2028,0.9980983138084412
DNK_SE.ENR.PRSC.FM.ZS,Denmark,DNK,"School enrollment, primary and secondary (gross), gender parity index (GPI)",SE.ENR.PRSC.FM.ZS,2029,0.9982178211212158
DNK_SE.ENR.PRSC.FM.ZS,Denmark,DNK,"School enrollment, primary and secondary (gross), gender parity index (GPI)",SE.ENR.PRSC.FM.ZS,2030,0.998347818851471
ESP_SE.ENR.PRSC.FM.ZS,Spain,ESP,"School enrollment, primary and secondary (gross), gender parity index (GPI)",SE.ENR.PRSC.FM.ZS,2024,1.0214606523513794
ESP_SE.ENR.PRSC.FM.ZS,Spain,ESP,"School enrollment, primary and secondary (gross), gender parity index (GPI)",SE.ENR.PRSC.FM.ZS,2025,1.0230368375778198
ESP_SE.ENR.PRSC.FM.ZS,Spain,ESP,"School enrollment, primary and secondary (gross), gender parity index (GPI)",SE.ENR.PRSC.FM.ZS,2026,1.0240478515625
ESP_SE.ENR.PRSC.FM.ZS,Spain,ESP,"School enrollment, primary and secondary (gross), gender parity index (GPI)",SE.ENR.PRSC.FM.ZS,2027,1.0251156091690063
ESP_SE.ENR.PRSC.FM.ZS,Spain,ESP,"School enrollment, primary and secondary (gross), gender parity index (GPI)",SE.ENR.PRSC.FM.ZS,2028,1.0250648260116577
ESP_SE.ENR.PRSC.FM.ZS,Spain,ESP,"School enrollment, primary and secondary (gross), gender parity index (GPI)",SE.ENR.PRSC.FM.ZS,2029,1.026284098625183
ESP_SE.ENR.PRSC.FM.ZS,Spain,ESP,"School enrollment, primary and secondary (gross), gender parity index (GPI)",SE.ENR.PRSC.FM.ZS,2030,1.0266218185424805
EST_SE.ENR.PRSC.FM.ZS,Estonia,EST,"School enrollment, primary and secondary (gross), gender parity index (GPI)",SE.ENR.PRSC.FM.ZS,2024,1.0247819423675537
EST_SE.ENR.PRSC.FM.ZS,Estonia,EST,"School enrollment, primary and secondary (gross), gender parity index (GPI)",SE.ENR.PRSC.FM.ZS,2025,1.0249630212783813
EST_SE.ENR.PRSC.FM.ZS,Estonia,EST,"School enrollment, primary and secondary (gross), gender parity index (GPI)",SE.ENR.PRSC.FM.ZS,2026,1.0248626470565796
EST_SE.ENR.PRSC.FM.ZS,Estonia,EST,"School enrollment, primary and secondary (gross), gender parity index (GPI)",SE.ENR.PRSC.FM.ZS,2027,1.026170015335083
EST_SE.ENR.PRSC.FM.ZS,Estonia,EST,"School enrollment, primary and secondary (gross), gender parity index (GPI)",SE.ENR.PRSC.FM.ZS,2028,1.0265122652053833
EST_SE.ENR.PRSC.FM.ZS,Estonia,EST,"School enrollment, primary and secondary (gross), gender parity index (GPI)",SE.ENR.PRSC.FM.ZS,2029,1.026822805404663
EST_SE.ENR.PRSC.FM.ZS,Estonia,EST,"School enrollment, primary and secondary (gross), gender parity index (GPI)",SE.ENR.PRSC.FM.ZS,2030,1.030057430267334
FIN_SE.ENR.PRSC.FM.ZS,Finland,FIN,"School enrollment, primary and secondary (gross), gender parity index (GPI)",SE.ENR.PRSC.FM.ZS,2024,1.0583957433700562
FIN_SE.ENR.PRSC.FM.ZS,Finland,FIN,"School enrollment, primary and secondary (gross), gender parity index (GPI)",SE.ENR.PRSC.FM.ZS,2025,1.0591143369674683
FIN_SE.ENR.PRSC.FM.ZS,Finland,FIN,"School enrollment, primary and secondary (gross), gender parity index (GPI)",SE.ENR.PRSC.FM.ZS,2026,1.0607997179031372
FIN_SE.ENR.PRSC.FM.ZS,Finland,FIN,"School enrollment, primary and secondary (gross), gender parity index (GPI)",SE.ENR.PRSC.FM.ZS,2027,1.060200810432434
FIN_SE.ENR.PRSC.FM.ZS,Finland,FIN,"School enrollment, primary and secondary (gross), gender parity index (GPI)",SE.ENR.PRSC.FM.ZS,2028,1.0598682165145874
FIN_SE.ENR.PRSC.FM.ZS,Finland,FIN,"School enrollment, primary and secondary (gross), gender parity index (GPI)",SE.ENR.PRSC.FM.ZS,2029,1.0599125623703003
FIN_SE.ENR.PRSC.FM.ZS,Finland,FIN,"School enrollment, primary and secondary (gross), gender parity index (GPI)",SE.ENR.PRSC.FM.ZS,2030,1.0598175525665283
FRA_SE.ENR.PRSC.FM.ZS,France,FRA,"School enrollment, primary and secondary (gross), gender parity index (GPI)",SE.ENR.PRSC.FM.ZS,2024,0.9975726008415222
FRA_SE.ENR.PRSC.FM.ZS,France,FRA,"School enrollment, primary and secondary (gross), gender parity index (GPI)",SE.ENR.PRSC.FM.ZS,2025,0.9980831742286682
FRA_SE.ENR.PRSC.FM.ZS,France,FRA,"School enrollment, primary and secondary (gross), gender parity index (GPI)",SE.ENR.PRSC.FM.ZS,2026,0.9975234866142273
FRA_SE.ENR.PRSC.FM.ZS,France,FRA,"School enrollment, primary and secondary (gross), gender parity index (GPI)",SE.ENR.PRSC.FM.ZS,2027,0.9979181885719299
FRA_SE.ENR.PRSC.FM.ZS,France,FRA,"School enrollment, primary and secondary (gross), gender parity index (GPI)",SE.ENR.PRSC.FM.ZS,2028,0.9980311989784241
FRA_SE.ENR.PRSC.FM.ZS,France,FRA,"School enrollment, primary and secondary (gross), gender parity index (GPI)",SE.ENR.PRSC.FM.ZS,2029,0.9982178211212158
FRA_SE.ENR.PRSC.FM.ZS,France,FRA,"School enrollment, primary and secondary (gross), gender parity index (GPI)",SE.ENR.PRSC.FM.ZS,2030,0.998347818851471
GRC_SE.ENR.PRSC.FM.ZS,Greece,GRC,"School enrollment, primary and secondary (gross), gender parity index (GPI)",SE.ENR.PRSC.FM.ZS,2024,0.9796903729438782
GRC_SE.ENR.PRSC.FM.ZS,Greece,GRC,"School enrollment, primary and secondary (gross), gender parity index (GPI)",SE.ENR.PRSC.FM.ZS,2025,0.9793190360069275
GRC_SE.ENR.PRSC.FM.ZS,Greece,GRC,"School enrollment, primary and secondary (gross), gender parity index (GPI)",SE.ENR.PRSC.FM.ZS,2026,0.9785671234130859
GRC_SE.ENR.PRSC.FM.ZS,Greece,GRC,"School enrollment, primary and secondary (gross), gender parity index (GPI)",SE.ENR.PRSC.FM.ZS,2027,0.9778068661689758
GRC_SE.ENR.PRSC.FM.ZS,Greece,GRC,"School enrollment, primary and secondary (gross), gender parity index (GPI)",SE.ENR.PRSC.FM.ZS,2028,0.9773933291435242
GRC_SE.ENR.PRSC.FM.ZS,Greece,GRC,"School enrollment, primary and secondary (gross), gender parity index (GPI)",SE.ENR.PRSC.FM.ZS,2029,0.9777837991714478
GRC_SE.ENR.PRSC.FM.ZS,Greece,GRC,"School enrollment, primary and secondary (gross), gender parity index (GPI)",SE.ENR.PRSC.FM.ZS,2030,0.9781386852264404
HRV_SE.ENR.PRSC.FM.ZS,Croatia,HRV,"School enrollment, primary and secondary (gross), gender parity index (GPI)",SE.ENR.PRSC.FM.ZS,2024,1.0389764308929443
HRV_SE.ENR.PRSC.FM.ZS,Croatia,HRV,"School enrollment, primary and secondary (gross), gender parity index (GPI)",SE.ENR.PRSC.FM.ZS,2025,1.0360578298568726
HRV_SE.ENR.PRSC.FM.ZS,Croatia,HRV,"School enrollment, primary and secondary (gross), gender parity index (GPI)",SE.ENR.PRSC.FM.ZS,2026,1.0341211557388306
HRV_SE.ENR.PRSC.FM.ZS,Croatia,HRV,"School enrollment, primary and secondary (gross), gender parity index (GPI)",SE.ENR.PRSC.FM.ZS,2027,1.0326262712478638
HRV_SE.ENR.PRSC.FM.ZS,Croatia,HRV,"School enrollment, primary and secondary (gross), gender parity index (GPI)",SE.ENR.PRSC.FM.ZS,2028,1.0310919284820557
HRV_SE.ENR.PRSC.FM.ZS,Croatia,HRV,"School enrollment, primary and secondary (gross), gender parity index (GPI)",SE.ENR.PRSC.FM.ZS,2029,1.0290381908416748
HRV_SE.ENR.PRSC.FM.ZS,Croatia,HRV,"School enrollment, primary and secondary (gross), gender parity index (GPI)",SE.ENR.PRSC.FM.ZS,2030,1.0291565656661987
HUN_SE.ENR.PRSC.FM.ZS,Hungary,HUN,"School enrollment, primary and secondary (gross), gender parity index (GPI)",SE.ENR.PRSC.FM.ZS,2024,0.990929365158081
HUN_SE.ENR.PRSC.FM.ZS,Hungary,HUN,"School enrollment, primary and secondary (gross), gender parity index (GPI)",SE.ENR.PRSC.FM.ZS,2025,0.9904527068138123
HUN_SE.ENR.PRSC.FM.ZS,Hungary,HUN,"School enrollment, primary and secondary (gross), gender parity index (GPI)",SE.ENR.PRSC.FM.ZS,2026,0.9913157224655151
HUN_SE.ENR.PRSC.FM.ZS,Hungary,HUN,"School enrollment, primary and secondary (gross), gender parity index (GPI)",SE.ENR.PRSC.FM.ZS,2027,0.9937208294868469
HUN_SE.ENR.PRSC.FM.ZS,Hungary,HUN,"School enrollment, primary and secondary (gross), gender parity index (GPI)",SE.ENR.PRSC.FM.ZS,2028,0.9954972267150879
HUN_SE.ENR.PRSC.FM.ZS,Hungary,HUN,"School enrollment, primary and secondary (gross), gender parity index (GPI)",SE.ENR.PRSC.FM.ZS,2029,0.9985990524291992
HUN_SE.ENR.PRSC.FM.ZS,Hungary,HUN,"School enrollment, primary and secondary (gross), gender parity index (GPI)",SE.ENR.PRSC.FM.ZS,2030,0.9977734684944153
IRL_SE.ENR.PRSC.FM.ZS,Ireland,IRL,"School enrollment, primary and secondary (gross), gender parity index (GPI)",SE.ENR.PRSC.FM.ZS,2024,1.042297601699829
IRL_SE.ENR.PRSC.FM.ZS,Ireland,IRL,"School enrollment, primary and secondary (gross), gender parity index (GPI)",SE.ENR.PRSC.FM.ZS,2025,1.0455597639083862
IRL_SE.ENR.PRSC.FM.ZS,Ireland,IRL,"School enrollment, primary and secondary (gross), gender parity index (GPI)",SE.ENR.PRSC.FM.ZS,2026,1.048543095588684
IRL_SE.ENR.PRSC.FM.ZS,Ireland,IRL,"School enrollment, primary and secondary (gross), gender parity index (GPI)",SE.ENR.PRSC.FM.ZS,2027,1.048814296722412
IRL_SE.ENR.PRSC.FM.ZS,Ireland,IRL,"School enrollment, primary and secondary (gross), gender parity index (GPI)",SE.ENR.PRSC.FM.ZS,2028,1.0477393865585327
IRL_SE.ENR.PRSC.FM.ZS,Ireland,IRL,"School enrollment, primary and secondary (gross), gender parity index (GPI)",SE.ENR.PRSC.FM.ZS,2029,1.0465855598449707
IRL_SE.ENR.PRSC.FM.ZS,Ireland,IRL,"School enrollment, primary and secondary (gross), gender parity index (GPI)",SE.ENR.PRSC.FM.ZS,2030,1.0466177463531494
ITA_SE.ENR.PRSC.FM.ZS,Italy,ITA,"School enrollment, primary and secondary (gross), gender parity index (GPI)",SE.ENR.PRSC.FM.ZS,2024,0.990929365158081
ITA_SE.ENR.PRSC.FM.ZS,Italy,ITA,"School enrollment, primary and secondary (gross), gender parity index (GPI)",SE.ENR.PRSC.FM.ZS,2025,0.9909738302230835
ITA_SE.ENR.PRSC.FM.ZS,Italy,ITA,"School enrollment, primary and secondary (gross), gender parity index (GPI)",SE.ENR.PRSC.FM.ZS,2026,0.991076648235321
ITA_SE.ENR.PRSC.FM.ZS,Italy,ITA,"School enrollment, primary and secondary (gross), gender parity index (GPI)",SE.ENR.PRSC.FM.ZS,2027,0.9926869869232178
ITA_SE.ENR.PRSC.FM.ZS,Italy,ITA,"School enrollment, primary and secondary (gross), gender parity index (GPI)",SE.ENR.PRSC.FM.ZS,2028,0.9972209334373474
ITA_SE.ENR.PRSC.FM.ZS,Italy,ITA,"School enrollment, primary and secondary (gross), gender parity index (GPI)",SE.ENR.PRSC.FM.ZS,2029,1.0001428127288818
ITA_SE.ENR.PRSC.FM.ZS,Italy,ITA,"School enrollment, primary and secondary (gross), gender parity index (GPI)",SE.ENR.PRSC.FM.ZS,2030,0.9988516569137573
LTU_SE.ENR.PRSC.FM.ZS,Lithuania,LTU,"School enrollment, primary and secondary (gross), gender parity index (GPI)",SE.ENR.PRSC.FM.ZS,2024,0.984238862991333
LTU_SE.ENR.PRSC.FM.ZS,Lithuania,LTU,"School enrollment, primary and secondary (gross), gender parity index (GPI)",SE.ENR.PRSC.FM.ZS,2025,0.984386146068573
LTU_SE.ENR.PRSC.FM.ZS,Lithuania,LTU,"School enrollment, primary and secondary (gross), gender parity index (GPI)",SE.ENR.PRSC.FM.ZS,2026,0.9842354655265808
LTU_SE.ENR.PRSC.FM.ZS,Lithuania,LTU,"School enrollment, primary and secondary (gross), gender parity index (GPI)",SE.ENR.PRSC.FM.ZS,2027,0.984238862991333
LTU_SE.ENR.PRSC.FM.ZS,Lithuania,LTU,"School enrollment, primary and secondary (gross), gender parity index (GPI)",SE.ENR.PRSC.FM.ZS,2028,0.984238862991333
LTU_SE.ENR.PRSC.FM.ZS,Lithuania,LTU,"School enrollment, primary and secondary (gross), gender parity index (GPI)",SE.ENR.PRSC.FM.ZS,2029,0.984238862991333
LTU_SE.ENR.PRSC.FM.ZS,Lithuania,LTU,"School enrollment, primary and secondary (gross), gender parity index (GPI)",SE.ENR.PRSC.FM.ZS,2030,0.984238862991333
LUX_SE.ENR.PRSC.FM.ZS,Luxembourg,LUX,"School enrollment, primary and secondary (gross), gender parity index (GPI)",SE.ENR.PRSC.FM.ZS,2024,0.9973196387290955
LUX_SE.ENR.PRSC.FM.ZS,Luxembourg,LUX,"School enrollment, primary and secondary (gross), gender parity index (GPI)",SE.ENR.PRSC.FM.ZS,2025,0.9990819096565247
LUX_SE.ENR.PRSC.FM.ZS,Luxembourg,LUX,"School enrollment, primary and secondary (gross), gender parity index (GPI)",SE.ENR.PRSC.FM.ZS,2026,0.9996739029884338
LUX_SE.ENR.PRSC.FM.ZS,Luxembourg,LUX,"School enrollment, primary and secondary (gross), gender parity index (GPI)",SE.ENR.PRSC.FM.ZS,2027,0.9987587332725525
LUX_SE.ENR.PRSC.FM.ZS,Luxembourg,LUX,"School enrollment, primary and secondary (gross), gender parity index (GPI)",SE.ENR.PRSC.FM.ZS,2028,0.9971519112586975
LUX_SE.ENR.PRSC.FM.ZS,Luxembourg,LUX,"School enrollment, primary and secondary (gross), gender parity index (GPI)",SE.ENR.PRSC.FM.ZS,2029,0.9955971837043762
LUX_SE.ENR.PRSC.FM.ZS,Luxembourg,LUX,"School enrollment, primary and secondary (gross), gender parity index (GPI)",SE.ENR.PRSC.FM.ZS,2030,0.9937649965286255
LVA_SE.ENR.PRSC.FM.ZS,Latvia,LVA,"School enrollment, primary and secondary (gross), gender parity index (GPI)",SE.ENR.PRSC.FM.ZS,2024,1.0024782419204712
LVA_SE.ENR.PRSC.FM.ZS,Latvia,LVA,"School enrollment, primary and secondary (gross), gender parity index (GPI)",SE.ENR.PRSC.FM.ZS,2025,1.0024961233139038
LVA_SE.ENR.PRSC.FM.ZS,Latvia,LVA,"School enrollment, primary and secondary (gross), gender parity index (GPI)",SE.ENR.PRSC.FM.ZS,2026,1.0019530057907104
LVA_SE.ENR.PRSC.FM.ZS,Latvia,LVA,"School enrollment, primary and secondary (gross), gender parity index (GPI)",SE.ENR.PRSC.FM.ZS,2027,1.0013645887374878
LVA_SE.ENR.PRSC.FM.ZS,Latvia,LVA,"School enrollment, primary and secondary (gross), gender parity index (GPI)",SE.ENR.PRSC.FM.ZS,2028,1.0009430646896362
LVA_SE.ENR.PRSC.FM.ZS,Latvia,LVA,"School enrollment, primary and secondary (gross), gender parity index (GPI)",SE.ENR.PRSC.FM.ZS,2029,1.0007107257843018
LVA_SE.ENR.PRSC.FM.ZS,Latvia,LVA,"School enrollment, primary and secondary (gross), gender parity index (GPI)",SE.ENR.PRSC.FM.ZS,2030,0.9995772242546082
MLT_SE.ENR.PRSC.FM.ZS,Malta,MLT,"School enrollment, primary and secondary (gross), gender parity index (GPI)",SE.ENR.PRSC.FM.ZS,2024,1.0055903196334839
MLT_SE.ENR.PRSC.FM.ZS,Malta,MLT,"School enrollment, primary and secondary (gross), gender parity index (GPI)",SE.ENR.PRSC.FM.ZS,2025,1.0058294534683228
MLT_SE.ENR.PRSC.FM.ZS,Malta,MLT,"School enrollment, primary and secondary (gross), gender parity index (GPI)",SE.ENR.PRSC.FM.ZS,2026,1.0060020685195923
MLT_SE.ENR.PRSC.FM.ZS,Malta,MLT,"School enrollment, primary and secondary (gross), gender parity index (GPI)",SE.ENR.PRSC.FM.ZS,2027,1.0059583187103271
MLT_SE.ENR.PRSC.FM.ZS,Malta,MLT,"School enrollment, primary and secondary (gross), gender parity index (GPI)",SE.ENR.PRSC.FM.ZS,2028,1.0059583187103271
MLT_SE.ENR.PRSC.FM.ZS,Malta,MLT,"School enrollment, primary and secondary (gross), gender parity index (GPI)",SE.ENR.PRSC.FM.ZS,2029,1.0059583187103271
MLT_SE.ENR.PRSC.FM.ZS,Malta,MLT,"School enrollment, primary and secondary (gross), gender parity index (GPI)",SE.ENR.PRSC.FM.ZS,2030,1.0059583187103271
NLD_SE.ENR.PRSC.FM.ZS,Netherlands,NLD,"School enrollment, primary and secondary (gross), gender parity index (GPI)",SE.ENR.PRSC.FM.ZS,2024,1.0075303316116333
NLD_SE.ENR.PRSC.FM.ZS,Netherlands,NLD,"School enrollment, primary and secondary (gross), gender parity index (GPI)",SE.ENR.PRSC.FM.ZS,2025,1.0069358348846436
NLD_SE.ENR.PRSC.FM.ZS,Netherlands,NLD,"School enrollment, primary and secondary (gross), gender parity index (GPI)",SE.ENR.PRSC.FM.ZS,2026,1.0060007572174072
NLD_SE.ENR.PRSC.FM.ZS,Netherlands,NLD,"School enrollment, primary and secondary (gross), gender parity index (GPI)",SE.ENR.PRSC.FM.ZS,2027,1.0056278705596924
NLD_SE.ENR.PRSC.FM.ZS,Netherlands,NLD,"School enrollment, primary and secondary (gross), gender parity index (GPI)",SE.ENR.PRSC.FM.ZS,2028,1.0056871175765991
NLD_SE.ENR.PRSC.FM.ZS,Netherlands,NLD,"School enrollment, primary and secondary (gross), gender parity index (GPI)",SE.ENR.PRSC.FM.ZS,2029,1.0059583187103271
NLD_SE.ENR.PRSC.FM.ZS,Netherlands,NLD,"School enrollment, primary and secondary (gross), gender parity index (GPI)",SE.ENR.PRSC.FM.ZS,2030,1.0059583187103271
POL_SE.ENR.PRSC.FM.ZS,Poland,POL,"School enrollment, primary and secondary (gross), gender parity index (GPI)",SE.ENR.PRSC.FM.ZS,2024,0.983012318611145
POL_SE.ENR.PRSC.FM.ZS,Poland,POL,"School enrollment, primary and secondary (gross), gender parity index (GPI)",SE.ENR.PRSC.FM.ZS,2025,0.9824582934379578
POL_SE.ENR.PRSC.FM.ZS,Poland,POL,"School enrollment, primary and secondary (gross), gender parity index (GPI)",SE.ENR.PRSC.FM.ZS,2026,0.9831321239471436
POL_SE.ENR.PRSC.FM.ZS,Poland,POL,"School enrollment, primary and secondary (gross), gender parity index (GPI)",SE.ENR.PRSC.FM.ZS,2027,0.9833393096923828
POL_SE.ENR.PRSC.FM.ZS,Poland,POL,"School enrollment, primary and secondary (gross), gender parity index (GPI)",SE.ENR.PRSC.FM.ZS,2028,0.9830306172370911
POL_SE.ENR.PRSC.FM.ZS,Poland,POL,"School enrollment, primary and secondary (gross), gender parity index (GPI)",SE.ENR.PRSC.FM.ZS,2029,0.9843025803565979
POL_SE.ENR.PRSC.FM.ZS,Poland,POL,"School enrollment, primary and secondary (gross), gender parity index (GPI)",SE.ENR.PRSC.FM.ZS,2030,0.9829607605934143
PRT_SE.ENR.PRSC.FM.ZS,Portugal,PRT,"School enrollment, primary and secondary (gross), gender parity index (GPI)",SE.ENR.PRSC.FM.ZS,2024,0.9979509115219116
PRT_SE.ENR.PRSC.FM.ZS,Portugal,PRT,"School enrollment, primary and secondary (gross), gender parity index (GPI)",SE.ENR.PRSC.FM.ZS,2025,0.9981809854507446
PRT_SE.ENR.PRSC.FM.ZS,Portugal,PRT,"School enrollment, primary and secondary (gross), gender parity index (GPI)",SE.ENR.PRSC.FM.ZS,2026,0.997710108757019
PRT_SE.ENR.PRSC.FM.ZS,Portugal,PRT,"School enrollment, primary and secondary (gross), gender parity index (GPI)",SE.ENR.PRSC.FM.ZS,2027,0.997817873954773
PRT_SE.ENR.PRSC.FM.ZS,Portugal,PRT,"School enrollment, primary and secondary (gross), gender parity index (GPI)",SE.ENR.PRSC.FM.ZS,2028,0.9980311989784241
PRT_SE.ENR.PRSC.FM.ZS,Portugal,PRT,"School enrollment, primary and secondary (gross), gender parity index (GPI)",SE.ENR.PRSC.FM.ZS,2029,0.9981610774993896
PRT_SE.ENR.PRSC.FM.ZS,Portugal,PRT,"School enrollment, primary and secondary (gross), gender parity index (GPI)",SE.ENR.PRSC.FM.ZS,2030,0.9981610774993896
ROU_SE.ENR.PRSC.FM.ZS,Romania,ROU,"School enrollment, primary and secondary (gross), gender parity index (GPI)",SE.ENR.PRSC.FM.ZS,2024,0.9993254542350769
ROU_SE.ENR.PRSC.FM.ZS,Romania,ROU,"School enrollment, primary and secondary (gross), gender parity index (GPI)",SE.ENR.PRSC.FM.ZS,2025,0.9993254542350769
ROU_SE.ENR.PRSC.FM.ZS,Romania,ROU,"School enrollment, primary and secondary (gross), gender parity index (GPI)",SE.ENR.PRSC.FM.ZS,2026,0.9993254542350769
ROU_SE.ENR.PRSC.FM.ZS,Romania,ROU,"School enrollment, primary and secondary (gross), gender parity index (GPI)",SE.ENR.PRSC.FM.ZS,2027,0.9993254542350769
ROU_SE.ENR.PRSC.FM.ZS,Romania,ROU,"School enrollment, primary and secondary (gross), gender parity index (GPI)",SE.ENR.PRSC.FM.ZS,2028,0.9993254542350769
ROU_SE.ENR.PRSC.FM.ZS,Romania,ROU,"School enrollment, primary and secondary (gross), gender parity index (GPI)",SE.ENR.PRSC.FM.ZS,2029,0.9993254542350769
ROU_SE.ENR.PRSC.FM.ZS,Romania,ROU,"School enrollment, primary and secondary (gross), gender parity index (GPI)",SE.ENR.PRSC.FM.ZS,2030,0.9993254542350769
SVK_SE.ENR.PRSC.FM.ZS,Slovak Republic,SVK,"School enrollment, primary and secondary (gross), gender parity index (GPI)",SE.ENR.PRSC.FM.ZS,2024,1.0059583187103271
SVK_SE.ENR.PRSC.FM.ZS,Slovak Republic,SVK,"School enrollment, primary and secondary (gross), gender parity index (GPI)",SE.ENR.PRSC.FM.ZS,2025,1.0061217546463013
SVK_SE.ENR.PRSC.FM.ZS,Slovak Republic,SVK,"School enrollment, primary and secondary (gross), gender parity index (GPI)",SE.ENR.PRSC.FM.ZS,2026,1.0060821771621704
SVK_SE.ENR.PRSC.FM.ZS,Slovak Republic,SVK,"School enrollment, primary and secondary (gross), gender parity index (GPI)",SE.ENR.PRSC.FM.ZS,2027,1.0059583187103271
SVK_SE.ENR.PRSC.FM.ZS,Slovak Republic,SVK,"School enrollment, primary and secondary (gross), gender parity index (GPI)",SE.ENR.PRSC.FM.ZS,2028,1.0059583187103271
SVK_SE.ENR.PRSC.FM.ZS,Slovak Republic,SVK,"School enrollment, primary and secondary (gross), gender parity index (GPI)",SE.ENR.PRSC.FM.ZS,2029,1.0059583187103271
SVK_SE.ENR.PRSC.FM.ZS,Slovak Republic,SVK,"School enrollment, primary and secondary (gross), gender parity index (GPI)",SE.ENR.PRSC.FM.ZS,2030,1.0059583187103271
SVN_SE.ENR.PRSC.FM.ZS,Slovenia,SVN,"School enrollment, primary and secondary (gross), gender parity index (GPI)",SE.ENR.PRSC.FM.ZS,2024,1.0067312717437744
SVN_SE.ENR.PRSC.FM.ZS,Slovenia,SVN,"School enrollment, primary and secondary (gross), gender parity index (GPI)",SE.ENR.PRSC.FM.ZS,2025,1.0060137510299683
SVN_SE.ENR.PRSC.FM.ZS,Slovenia,SVN,"School enrollment, primary and secondary (gross), gender parity index (GPI)",SE.ENR.PRSC.FM.ZS,2026,1.0059387683868408
SVN_SE.ENR.PRSC.FM.ZS,Slovenia,SVN,"School enrollment, primary and secondary (gross), gender parity index (GPI)",SE.ENR.PRSC.FM.ZS,2027,1.0060020685195923
SVN_SE.ENR.PRSC.FM.ZS,Slovenia,SVN,"School enrollment, primary and secondary (gross), gender parity index (GPI)",SE.ENR.PRSC.FM.ZS,2028,1.0059583187103271
SVN_SE.ENR.PRSC.FM.ZS,Slovenia,SVN,"School enrollment, primary and secondary (gross), gender parity index (GPI)",SE.ENR.PRSC.FM.ZS,2029,1.0059583187103271
SVN_SE.ENR.PRSC.FM.ZS,Slovenia,SVN,"School enrollment, primary and secondary (gross), gender parity index (GPI)",SE.ENR.PRSC.FM.ZS,2030,1.0059583187103271
SWE_SE.ENR.PRSC.FM.ZS,Sweden,SWE,"School enrollment, primary and secondary (gross), gender parity index (GPI)",SE.ENR.PRSC.FM.ZS,2024,1.0701045989990234
SWE_SE.ENR.PRSC.FM.ZS,Sweden,SWE,"School enrollment, primary and secondary (gross), gender parity index (GPI)",SE.ENR.PRSC.FM.ZS,2025,1.0719926357269287
SWE_SE.ENR.PRSC.FM.ZS,Sweden,SWE,"School enrollment, primary and secondary (gross), gender parity index (GPI)",SE.ENR.PRSC.FM.ZS,2026,1.0723174810409546
SWE_SE.ENR.PRSC.FM.ZS,Sweden,SWE,"School enrollment, primary and secondary (gross), gender parity index (GPI)",SE.ENR.PRSC.FM.ZS,2027,1.072069764137268
SWE_SE.ENR.PRSC.FM.ZS,Sweden,SWE,"School enrollment, primary and secondary (gross), gender parity index (GPI)",SE.ENR.PRSC.FM.ZS,2028,1.0719183683395386
SWE_SE.ENR.PRSC.FM.ZS,Sweden,SWE,"School enrollment, primary and secondary (gross), gender parity index (GPI)",SE.ENR.PRSC.FM.ZS,2029,1.0718952417373657
SWE_SE.ENR.PRSC.FM.ZS,Sweden,SWE,"School enrollment, primary and secondary (gross), gender parity index (GPI)",SE.ENR.PRSC.FM.ZS,2030,1.0718952417373657
