series_id,Country Name,Country Code,Indicator Name,Indicator Code,year,pred_xgb
AUT_NY.GDP.MKTP.KD.ZG,Austria,AUT,GDP growth (annual %),NY.GDP.MKTP.KD.ZG,2024,4.326743125915527
AUT_NY.GDP.MKTP.KD.ZG,Austria,AUT,GDP growth (annual %),NY.GDP.MKTP.KD.ZG,2025,1.715233564376831
AUT_NY.GDP.MKTP.KD.ZG,Austria,AUT,GDP growth (annual %),NY.GDP.MKTP.KD.ZG,2026,0.310524582862854
AUT_NY.GDP.MKTP.KD.ZG,Austria,AUT,GDP growth (annual %),NY.GDP.MKTP.KD.ZG,2027,1.8746699094772339
AUT_NY.GDP.MKTP.KD.ZG,Austria,AUT,GDP growth (annual %),NY.GDP.MKTP.KD.ZG,2028,0.06358768045902252
AUT_NY.GDP.MKTP.KD.ZG,Austria,AUT,GDP growth (annual %),NY.GDP.MKTP.KD.ZG,2029,-0.6056712865829468
AUT_NY.GDP.MKTP.KD.ZG,Austria,AUT,GDP growth (annual %),NY.GDP.MKTP.KD.ZG,2030,0.7073782086372375
BEL_NY.GDP.MKTP.KD.ZG,Belgium,BEL,GDP growth (annual %),NY.GDP.MKTP.KD.ZG,2024,1.7053797245025635
BEL_NY.GDP.MKTP.KD.ZG,Belgium,BEL,GDP growth (annual %),NY.GDP.MKTP.KD.ZG,2025,1.4311225414276123
BEL_NY.GDP.MKTP.KD.ZG,Belgium,BEL,GDP growth (annual %),NY.GDP.MKTP.KD.ZG,2026,-2.7987418174743652
BEL_NY.GDP.MKTP.KD.ZG,Belgium,BEL,GDP growth (annual %),NY.GDP.MKTP.KD.ZG,2027,1.1970008611679077
BEL_NY.GDP.MKTP.KD.ZG,Belgium,BEL,GDP growth (annual %),NY.GDP.MKTP.KD.ZG,2028,0.9271620512008667
BEL_NY.GDP.MKTP.KD.ZG,Belgium,BEL,GDP growth (annual %),NY.GDP.MKTP.KD.ZG,2029,-0.6190218329429626
BEL_NY.GDP.MKTP.KD.ZG,Belgium,BEL,GDP growth (annual %),NY.GDP.MKTP.KD.ZG,2030,-0.010481923818588257
BGR_NY.GDP.MKTP.KD.ZG,Bulgaria,BGR,GDP growth (annual %),NY.GDP.MKTP.KD.ZG,2024,2.988140106201172
BGR_NY.GDP.MKTP.KD.ZG,Bulgaria,BGR,GDP growth (annual %),NY.GDP.MKTP.KD.ZG,2025,-0.05955203250050545
BGR_NY.GDP.MKTP.KD.ZG,Bulgaria,BGR,GDP growth (annual %),NY.GDP.MKTP.KD.ZG,2026,1.1323810815811157
BGR_NY.GDP.MKTP.KD.ZG,Bulgaria,BGR,GDP growth (annual %),NY.GDP.MKTP.KD.ZG,2027,0.5780652761459351
BGR_NY.GDP.MKTP.KD.ZG,Bulgaria,BGR,GDP growth (annual %),NY.GDP.MKTP.KD.ZG,2028,-2.9934234619140625
BGR_NY.GDP.MKTP.KD.ZG,Bulgaria,BGR,GDP growth (annual %),NY.GDP.MKTP.KD.ZG,2029,0.6843264698982239
BGR_NY.GDP.MKTP.KD.ZG,Bulgaria,BGR,GDP growth (annual %),NY.GDP.MKTP.KD.ZG,2030,0.4641883373260498
CYP_NY.GDP.MKTP.KD.ZG,Cyprus,CYP,GDP growth (annual %),NY.GDP.MKTP.KD.ZG,2024,0.9750076532363892
CYP_NY.GDP.MKTP.KD.ZG,Cyprus,CYP,GDP growth (annual %),NY.GDP.MKTP.KD.ZG,2025,3.465369462966919
CYP_NY.GDP.MKTP.KD.ZG,Cyprus,CYP,GDP growth (annual %),NY.GDP.MKTP.KD.ZG,2026,0.9517510533332825
CYP_NY.GDP.MKTP.KD.ZG,Cyprus,CYP,GDP growth (annual %),NY.GDP.MKTP.KD.ZG,2027,0.6294570565223694
CYP_NY.GDP.MKTP.KD.ZG,Cyprus,CYP,GDP growth (annual %),NY.GDP.MKTP.KD.ZG,2028,0.5836412310600281
CYP_NY.GDP.MKTP.KD.ZG,Cyprus,CYP,GDP growth (annual %),NY.GDP.MKTP.KD.ZG,2029,-2.3673884868621826
CYP_NY.GDP.MKTP.KD.ZG,Cyprus,CYP,GDP growth (annual %),NY.GDP.MKTP.KD.ZG,2030,0.1042306125164032
CZE_NY.GDP.MKTP.KD.ZG,Czechia,CZE,GDP growth (annual %),NY.GDP.MKTP.KD.ZG,2024,1.0827953815460205
CZE_NY.GDP.MKTP.KD.ZG,Czechia,CZE,GDP growth (annual %),NY.GDP.MKTP.KD.ZG,2025,0.5102296471595764
CZE_NY.GDP.MKTP.KD.ZG,Czechia,CZE,GDP growth (annual %),NY.GDP.MKTP.KD.ZG,2026,-3.0218563079833984
CZE_NY.GDP.MKTP.KD.ZG,Czechia,CZE,GDP growth (annual %),NY.GDP.MKTP.KD.ZG,2027,0.768698513507843
CZE_NY.GDP.MKTP.KD.ZG,Czechia,CZE,GDP growth (annual %),NY.GDP.MKTP.KD.ZG,2028,0.37835460901260376
CZE_NY.GDP.MKTP.KD.ZG,Czechia,CZE,GDP growth (annual %),NY.GDP.MKTP.KD.ZG,2029,-0.7463106513023376
CZE_NY.GDP.MKTP.KD.ZG,Czechia,CZE,GDP growth (annual %),NY.GDP.MKTP.KD.ZG,2030,-0.6817706227302551
DEU_NY.GDP.MKTP.KD.ZG,Germany,DEU,GDP growth (annual %),NY.GDP.MKTP.KD.ZG,2024,0.7948890924453735
DEU_NY.GDP.MKTP.KD.ZG,Germany,DEU,GDP growth (annual %),NY.GDP.MKTP.KD.ZG,2025,0.8476794958114624
DEU_NY.GDP.MKTP.KD.ZG,Germany,DEU,GDP growth (annual %),NY.GDP.MKTP.KD.ZG,2026,-0.47329920530319214
DEU_NY.GDP.MKTP.KD.ZG,Germany,DEU,GDP growth (annual %),NY.GDP.MKTP.KD.ZG,2027,-0.2773495018482208
DEU_NY.GDP.MKTP.KD.ZG,Germany,DEU,GDP growth (annual %),NY.GDP.MKTP.KD.ZG,2028,-0.1298300325870514
DEU_NY.GDP.MKTP.KD.ZG,Germany,DEU,GDP growth (annual %),NY.GDP.MKTP.KD.ZG,2029,-2.4846527576446533
DEU_NY.GDP.MKTP.KD.ZG,Germany,DEU,GDP growth (annual %),NY.GDP.MKTP.KD.ZG,2030,0.3000408411026001
DNK_NY.GDP.MKTP.KD.ZG,Denmark,DNK,GDP growth (annual %),NY.GDP.MKTP.KD.ZG,2024,3.391249656677246
DNK_NY.GDP.MKTP.KD.ZG,Denmark,DNK,GDP growth (annual %),NY.GDP.MKTP.KD.ZG,2025,-0.44286808371543884
DNK_NY.GDP.MKTP.KD.ZG,Denmark,DNK,GDP growth (annual %),NY.GDP.MKTP.KD.ZG,2026,0.8253512978553772
DNK_NY.GDP.MKTP.KD.ZG,Denmark,DNK,GDP growth (annual %),NY.GDP.MKTP.KD.ZG,2027,1.2243940830230713
DNK_NY.GDP.MKTP.KD.ZG,Denmark,DNK,GDP growth (annual %),NY.GDP.MKTP.KD.ZG,2028,-0.12076451629400253
DNK_NY.GDP.MKTP.KD.ZG,Denmark,DNK,GDP growth (annual %),NY.GDP.MKTP.KD.ZG,2029,-0.2773495018482208
DNK_NY.GDP.MKTP.KD.ZG,Denmark,DNK,GDP growth (annual %),NY.GDP.MKTP.KD.ZG,2030,0.6287474632263184
ESP_NY.GDP.MKTP.KD.ZG,Spain,ESP,GDP growth (annual %),NY.GDP.MKTP.KD.ZG,2024,1.3734824657440186
ESP_NY.GDP.MKTP.KD.ZG,Spain,ESP,GDP growth (annual %),NY.GDP.MKTP.KD.ZG,2025,1.175137996673584
ESP_NY.GDP.MKTP.KD.ZG,Spain,ESP,GDP growth (annual %),NY.GDP.MKTP.KD.ZG,2026,-0.24722351133823395
ESP_NY.GDP.MKTP.KD.ZG,Spain,ESP,GDP growth (annual %),NY.GDP.MKTP.KD.ZG,2027,0.48079177737236023
ESP_NY.GDP.MKTP.KD.ZG,Spain,ESP,GDP growth (annual %),NY.GDP.MKTP.KD.ZG,2028,0.0600401945412159
ESP_NY.GDP.MKTP.KD.ZG,Spain,ESP,GDP growth (annual %),NY.GDP.MKTP.KD.ZG,2029,-2.9778923988342285
ESP_NY.GDP.MKTP.KD.ZG,Spain,ESP,GDP growth (annual %),NY.GDP.MKTP.KD.ZG,2030,-0.19479520618915558
EST_NY.GDP.MKTP.KD.ZG,Estonia,EST,GDP growth (annual %),NY.GDP.MKTP.KD.ZG,2024,2.868812084197998
EST_NY.GDP.MKTP.KD.ZG,Estonia,EST,GDP growth (annual %),NY.GDP.MKTP.KD.ZG,2025,0.594556987285614
EST_NY.GDP.MKTP.KD.ZG,Estonia,EST,GDP growth (annual %),NY.GDP.MKTP.KD.ZG,2026,-1.376589298248291
EST_NY.GDP.MKTP.KD.ZG,Estonia,EST,GDP growth (annual %),NY.GDP.MKTP.KD.ZG,2027,0.9972701668739319
EST_NY.GDP.MKTP.KD.ZG,Estonia,EST,GDP growth (annual %),NY.GDP.MKTP.KD.ZG,2028,1.011176586151123
EST_NY.GDP.MKTP.KD.ZG,Estonia,EST,GDP growth (annual %),NY.GDP.MKTP.KD.ZG,2029,0.4704265594482422
EST_NY.GDP.MKTP.KD.ZG,Estonia,EST,GDP growth (annual %),NY.GDP.MKTP.KD.ZG,2030,-2.5732057094573975
FIN_NY.GDP.MKTP.KD.ZG,Finland,FIN,GDP growth (annual %),NY.GDP.MKTP.KD.ZG,2024,0.7761469483375549
FIN_NY.GDP.MKTP.KD.ZG,Finland,FIN,GDP growth (annual %),NY.GDP.MKTP.KD.ZG,2025,0.303061842918396
FIN_NY.GDP.MKTP.KD.ZG,Finland,FIN,GDP growth (annual %),NY.GDP.MKTP.KD.ZG,2026,-0.525532066822052
FIN_NY.GDP.MKTP.KD.ZG,Finland,FIN,GDP growth (annual %),NY.GDP.MKTP.KD.ZG,2027,-0.8468791842460632
FIN_NY.GDP.MKTP.KD.ZG,Finland,FIN,GDP growth (annual %),NY.GDP.MKTP.KD.ZG,2028,-3.1170597076416016
FIN_NY.GDP.MKTP.KD.ZG,Finland,FIN,GDP growth (annual %),NY.GDP.MKTP.KD.ZG,2029,0.14720921218395233
FIN_NY.GDP.MKTP.KD.ZG,Finland,FIN,GDP growth (annual %),NY.GDP.MKTP.KD.ZG,2030,0.5415650606155396
FRA_NY.GDP.MKTP.KD.ZG,France,FRA,GDP growth (annual %),NY.GDP.MKTP.KD.ZG,2024,1.1739743947982788
FRA_NY.GDP.MKTP.KD.ZG,France,FRA,GDP growth (annual %),NY.GDP.MKTP.KD.ZG,2025,-0.2167479395866394
FRA_NY.GDP.MKTP.KD.ZG,France,FRA,GDP growth (annual %),NY.GDP.MKTP.KD.ZG,2026,-0.26362344622612
FRA_NY.GDP.MKTP.KD.ZG,France,FRA,GDP growth (annual %),NY.GDP.MKTP.KD.ZG,2027,0.07083210349082947
FRA_NY.GDP.MKTP.KD.ZG,France,FRA,GDP growth (annual %),NY.GDP.MKTP.KD.ZG,2028,-2.6264235973358154
FRA_NY.GDP.MKTP.KD.ZG,France,FRA,GDP growth (annual %),NY.GDP.MKTP.KD.ZG,2029,-0.5973244309425354
FRA_NY.GDP.MKTP.KD.ZG,France,FRA,GDP growth (annual %),NY.GDP.MKTP.KD.ZG,2030,0.42618992924690247
GRC_NY.GDP.MKTP.KD.ZG,Greece,GRC,GDP growth (annual %),NY.GDP.MKTP.KD.ZG,2024,4.631429672241211
GRC_NY.GDP.MKTP.KD.ZG,Greece,GRC,GDP growth (annual %),NY.GDP.MKTP.KD.ZG,2025,3.0315303802490234
GRC_NY.GDP.MKTP.KD.ZG,Greece,GRC,GDP growth (annual %),NY.GDP.MKTP.KD.ZG,2026,-0.08629637956619263
GRC_NY.GDP.MKTP.KD.ZG,Greece,GRC,GDP growth (annual %),NY.GDP.MKTP.KD.ZG,2027,3.0025482177734375
GRC_NY.GDP.MKTP.KD.ZG,Greece,GRC,GDP growth (annual %),NY.GDP.MKTP.KD.ZG,2028,1.5756648778915405
GRC_NY.GDP.MKTP.KD.ZG,Greece,GRC,GDP growth (annual %),NY.GDP.MKTP.KD.ZG,2029,-0.12774930894374847
GRC_NY.GDP.MKTP.KD.ZG,Greece,GRC,GDP growth (annual %),NY.GDP.MKTP.KD.ZG,2030,0.6993555426597595
HRV_NY.GDP.MKTP.KD.ZG,Croatia,HRV,GDP growth (annual %),NY.GDP.MKTP.KD.ZG,2024,-0.8518296480178833
HRV_NY.GDP.MKTP.KD.ZG,Croatia,HRV,GDP growth (annual %),NY.GDP.MKTP.KD.ZG,2025,4.285281658172607
HRV_NY.GDP.MKTP.KD.ZG,Croatia,HRV,GDP growth (annual %),NY.GDP.MKTP.KD.ZG,2026,1.2773079872131348
HRV_NY.GDP.MKTP.KD.ZG,Croatia,HRV,GDP growth (annual %),NY.GDP.MKTP.KD.ZG,2027,0.2787103056907654
HRV_NY.GDP.MKTP.KD.ZG,Croatia,HRV,GDP growth (annual %),NY.GDP.MKTP.KD.ZG,2028,1.9184454679489136
HRV_NY.GDP.MKTP.KD.ZG,Croatia,HRV,GDP growth (annual %),NY.GDP.MKTP.KD.ZG,2029,0.09103576093912125
HRV_NY.GDP.MKTP.KD.ZG,Croatia,HRV,GDP growth (annual %),NY.GDP.MKTP.KD.ZG,2030,-0.6377577781677246
HUN_NY.GDP.MKTP.KD.ZG,Hungary,HUN,GDP growth (annual %),NY.GDP.MKTP.KD.ZG,2024,6.023177623748779
HUN_NY.GDP.MKTP.KD.ZG,Hungary,HUN,GDP growth (annual %),NY.GDP.MKTP.KD.ZG,2025,3.206141471862793
HUN_NY.GDP.MKTP.KD.ZG,Hungary,HUN,GDP growth (annual %),NY.GDP.MKTP.KD.ZG,2026,0.6656694412231445
HUN_NY.GDP.MKTP.KD.ZG,Hungary,HUN,GDP growth (annual %),NY.GDP.MKTP.KD.ZG,2027,1.9820431470870972
HUN_NY.GDP.MKTP.KD.ZG,Hungary,HUN,GDP growth (annual %),NY.GDP.MKTP.KD.ZG,2028,0.8124553561210632
HUN_NY.GDP.MKTP.KD.ZG,Hungary,HUN,GDP growth (annual %),NY.GDP.MKTP.KD.ZG,2029,-0.48594051599502563
HUN_NY.GDP.MKTP.KD.ZG,Hungary,HUN,GDP growth (annual %),NY.GDP.MKTP.KD.ZG,2030,0.7246423363685608
IRL_NY.GDP.MKTP.KD.ZG,Ireland,IRL,GDP growth (annual %),NY.GDP.MKTP.KD.ZG,2024,1.944090723991394
IRL_NY.GDP.MKTP.KD.ZG,Ireland,IRL,GDP growth (annual %),NY.GDP.MKTP.KD.ZG,2025,6.019014358520508
IRL_NY.GDP.MKTP.KD.ZG,Ireland,IRL,GDP growth (annual %),NY.GDP.MKTP.KD.ZG,2026,1.614020586013794
IRL_NY.GDP.MKTP.KD.ZG,Ireland,IRL,GDP growth (annual %),NY.GDP.MKTP.KD.ZG,2027,1.113707184791565
IRL_NY.GDP.MKTP.KD.ZG,Ireland,IRL,GDP growth (annual %),NY.GDP.MKTP.KD.ZG,2028,0.8474785685539246
IRL_NY.GDP.MKTP.KD.ZG,Ireland,IRL,GDP growth (annual %),NY.GDP.MKTP.KD.ZG,2029,-2.0768861770629883
IRL_NY.GDP.MKTP.KD.ZG,Ireland,IRL,GDP growth (annual %),NY.GDP.MKTP.KD.ZG,2030,0.6846646666526794
ITA_NY.GDP.MKTP.KD.ZG,Italy,ITA,GDP growth (annual %),NY.GDP.MKTP.KD.ZG,2024,4.4792866706848145
ITA_NY.GDP.MKTP.KD.ZG,Italy,ITA,GDP growth (annual %),NY.GDP.MKTP.KD.ZG,2025,2.517942190170288
ITA_NY.GDP.MKTP.KD.ZG,Italy,ITA,GDP growth (annual %),NY.GDP.MKTP.KD.ZG,2026,0.5752793550491333
ITA_NY.GDP.MKTP.KD.ZG,Italy,ITA,GDP growth (annual %),NY.GDP.MKTP.KD.ZG,2027,1.8396347761154175
ITA_NY.GDP.MKTP.KD.ZG,Italy,ITA,GDP growth (annual %),NY.GDP.MKTP.KD.ZG,2028,0.2112669050693512
ITA_NY.GDP.MKTP.KD.ZG,Italy,ITA,GDP growth (annual %),NY.GDP.MKTP.KD.ZG,2029,-0.415580153465271
ITA_NY.GDP.MKTP.KD.ZG,Italy,ITA,GDP growth (annual %),NY.GDP.MKTP.KD.ZG,2030,0.3509828746318817
LTU_NY.GDP.MKTP.KD.ZG,Lithuania,LTU,GDP growth (annual %),NY.GDP.MKTP.KD.ZG,2024,1.1332401037216187
LTU_NY.GDP.MKTP.KD.ZG,Lithuania,LTU,GDP growth (annual %),NY.GDP.MKTP.KD.ZG,2025,-0.31602975726127625
LTU_NY.GDP.MKTP.KD.ZG,Lithuania,LTU,GDP growth (annual %),NY.GDP.MKTP.KD.ZG,2026,-0.637941837310791
LTU_NY.GDP.MKTP.KD.ZG,Lithuania,LTU,GDP growth (annual %),NY.GDP.MKTP.KD.ZG,2027,0.1241200715303421
LTU_NY.GDP.MKTP.KD.ZG,Lithuania,LTU,GDP growth (annual %),NY.GDP.MKTP.KD.ZG,2028,-2.372281074523926
LTU_NY.GDP.MKTP.KD.ZG,Lithuania,LTU,GDP growth (annual %),NY.GDP.MKTP.KD.ZG,2029,-0.11333316564559937
LTU_NY.GDP.MKTP.KD.ZG,Lithuania,LTU,GDP growth (annual %),NY.GDP.MKTP.KD.ZG,2030,0.8360387086868286
LUX_NY.GDP.MKTP.KD.ZG,Luxembourg,LUX,GDP growth (annual %),NY.GDP.MKTP.KD.ZG,2024,1.953714370727539
LUX_NY.GDP.MKTP.KD.ZG,Luxembourg,LUX,GDP growth (annual %),NY.GDP.MKTP.KD.ZG,2025,1.058943510055542
LUX_NY.GDP.MKTP.KD.ZG,Luxembourg,LUX,GDP growth (annual %),NY.GDP.MKTP.KD.ZG,2026,0.38406631350517273
LUX_NY.GDP.MKTP.KD.ZG,Luxembourg,LUX,GDP growth (annual %),NY.GDP.MKTP.KD.ZG,2027,0.4054626524448395
LUX_NY.GDP.MKTP.KD.ZG,Luxembourg,LUX,GDP growth (annual %),NY.GDP.MKTP.KD.ZG,2028,-2.7506022453308105
LUX_NY.GDP.MKTP.KD.ZG,Luxembourg,LUX,GDP growth (annual %),NY.GDP.MKTP.KD.ZG,2029,0.509034276008606
LUX_NY.GDP.MKTP.KD.ZG,Luxembourg,LUX,GDP growth (annual %),NY.GDP.MKTP.KD.ZG,2030,0.7374696135520935
LVA_NY.GDP.MKTP.KD.ZG,Latvia,LVA,GDP growth (annual %),NY.GDP.MKTP.KD.ZG,2024,1.7292003631591797
LVA_NY.GDP.MKTP.KD.ZG,Latvia,LVA,GDP growth (annual %),NY.GDP.MKTP.KD.ZG,2025,-0.5117605924606323
LVA_NY.GDP.MKTP.KD.ZG,Latvia,LVA,GDP growth (annual %),NY.GDP.MKTP.KD.ZG,2026,0.6872873902320862
LVA_NY.GDP.MKTP.KD.ZG,Latvia,LVA,GDP growth (annual %),NY.GDP.MKTP.KD.ZG,2027,0.9284339547157288
LVA_NY.GDP.MKTP.KD.ZG,Latvia,LVA,GDP growth (annual %),NY.GDP.MKTP.KD.ZG,2028,0.13025709986686707
LVA_NY.GDP.MKTP.KD.ZG,Latvia,LVA,GDP growth (annual %),NY.GDP.MKTP.KD.ZG,2029,-2.9247548580169678
LVA_NY.GDP.MKTP.KD.ZG,Latvia,LVA,GDP growth (annual %),NY.GDP.MKTP.KD.ZG,2030,0.255256325006485
MLT_NY.GDP.MKTP.KD.ZG,Malta,MLT,GDP growth (annual %),NY.GDP.MKTP.KD.ZG,2024,5.282398223876953
MLT_NY.GDP.MKTP.KD.ZG,Malta,MLT,GDP growth (annual %),NY.GDP.MKTP.KD.ZG,2025,1.579408884048462
MLT_NY.GDP.MKTP.KD.ZG,Malta,MLT,GDP growth (annual %),NY.GDP.MKTP.KD.ZG,2026,1.5633962154388428
MLT_NY.GDP.MKTP.KD.ZG,Malta,MLT,GDP growth (annual %),NY.GDP.MKTP.KD.ZG,2027,1.0424115657806396
MLT_NY.GDP.MKTP.KD.ZG,Malta,MLT,GDP growth (annual %),NY.GDP.MKTP.KD.ZG,2028,-2.831575393676758
MLT_NY.GDP.MKTP.KD.ZG,Malta,MLT,GDP growth (annual %),NY.GDP.MKTP.KD.ZG,2029,0.5357157588005066
MLT_NY.GDP.MKTP.KD.ZG,Malta,MLT,GDP growth (annual %),NY.GDP.MKTP.KD.ZG,2030,0.57648766040802
NLD_NY.GDP.MKTP.KD.ZG,Netherlands,NLD,GDP growth (annual %),NY.GDP.MKTP.KD.ZG,2024,3.648726224899292
NLD_NY.GDP.MKTP.KD.ZG,Netherlands,NLD,GDP growth (annual %),NY.GDP.MKTP.KD.ZG,2025,1.0594316720962524
NLD_NY.GDP.MKTP.KD.ZG,Netherlands,NLD,GDP growth (annual %),NY.GDP.MKTP.KD.ZG,2026,0.38776642084121704
NLD_NY.GDP.MKTP.KD.ZG,Netherlands,NLD,GDP growth (annual %),NY.GDP.MKTP.KD.ZG,2027,0.7556009888648987
NLD_NY.GDP.MKTP.KD.ZG,Netherlands,NLD,GDP growth (annual %),NY.GDP.MKTP.KD.ZG,2028,-2.803921937942505
NLD_NY.GDP.MKTP.KD.ZG,Netherlands,NLD,GDP growth (annual %),NY.GDP.MKTP.KD.ZG,2029,0.43551576137542725
NLD_NY.GDP.MKTP.KD.ZG,Netherlands,NLD,GDP growth (annual %),NY.GDP.MKTP.KD.ZG,2030,0.43516141176223755
POL_NY.GDP.MKTP.KD.ZG,Poland,POL,GDP growth (annual %),NY.GDP.MKTP.KD.ZG,2024,3.3853938579559326
POL_NY.GDP.MKTP.KD.ZG,Poland,POL,GDP growth (annual %),NY.GDP.MKTP.KD.ZG,2025,1.3170872926712036
POL_NY.GDP.MKTP.KD.ZG,Poland,POL,GDP growth (annual %),NY.GDP.MKTP.KD.ZG,2026,-0.09482724964618683
POL_NY.GDP.MKTP.KD.ZG,Poland,POL,GDP growth (annual %),NY.GDP.MKTP.KD.ZG,2027,0.7946854829788208
POL_NY.GDP.MKTP.KD.ZG,Poland,POL,GDP growth (annual %),NY.GDP.MKTP.KD.ZG,2028,0.5439648628234863
POL_NY.GDP.MKTP.KD.ZG,Poland,POL,GDP growth (annual %),NY.GDP.MKTP.KD.ZG,2029,-2.9834251403808594
POL_NY.GDP.MKTP.KD.ZG,Poland,POL,GDP growth (annual %),NY.GDP.MKTP.KD.ZG,2030,0.8341142535209656
PRT_NY.GDP.MKTP.KD.ZG,Portugal,PRT,GDP growth (annual %),NY.GDP.MKTP.KD.ZG,2024,1.1926393508911133
PRT_NY.GDP.MKTP.KD.ZG,Portugal,PRT,GDP growth (annual %),NY.GDP.MKTP.KD.ZG,2025,1.1999295949935913
PRT_NY.GDP.MKTP.KD.ZG,Portugal,PRT,GDP growth (annual %),NY.GDP.MKTP.KD.ZG,2026,-0.24722351133823395
PRT_NY.GDP.MKTP.KD.ZG,Portugal,PRT,GDP growth (annual %),NY.GDP.MKTP.KD.ZG,2027,-0.09851536899805069
PRT_NY.GDP.MKTP.KD.ZG,Portugal,PRT,GDP growth (annual %),NY.GDP.MKTP.KD.ZG,2028,0.10557759553194046
PRT_NY.GDP.MKTP.KD.ZG,Portugal,PRT,GDP growth (annual %),NY.GDP.MKTP.KD.ZG,2029,-2.6934947967529297
PRT_NY.GDP.MKTP.KD.ZG,Portugal,PRT,GDP growth (annual %),NY.GDP.MKTP.KD.ZG,2030,-0.794460117816925
ROU_NY.GDP.MKTP.KD.ZG,Romania,ROU,GDP growth (annual %),NY.GDP.MKTP.KD.ZG,2024,1.0936884880065918
ROU_NY.GDP.MKTP.KD.ZG,Romania,ROU,GDP growth (annual %),NY.GDP.MKTP.KD.ZG,2025,0.041380081325769424
ROU_NY.GDP.MKTP.KD.ZG,Romania,ROU,GDP growth (annual %),NY.GDP.MKTP.KD.ZG,2026,0.41541117429733276
ROU_NY.GDP.MKTP.KD.ZG,Romania,ROU,GDP growth (annual %),NY.GDP.MKTP.KD.ZG,2027,-2.7747626304626465
ROU_NY.GDP.MKTP.KD.ZG,Romania,ROU,GDP growth (annual %),NY.GDP.MKTP.KD.ZG,2028,0.09167081862688065
ROU_NY.GDP.MKTP.KD.ZG,Romania,ROU,GDP growth (annual %),NY.GDP.MKTP.KD.ZG,2029,0.42269596457481384
ROU_NY.GDP.MKTP.KD.ZG,Romania,ROU,GDP growth (annual %),NY.GDP.MKTP.KD.ZG,2030,-1.0540430545806885
SVK_NY.GDP.MKTP.KD.ZG,Slovak Republic,SVK,GDP growth (annual %),NY.GDP.MKTP.KD.ZG,2024,1.362903356552124
SVK_NY.GDP.MKTP.KD.ZG,Slovak Republic,SVK,GDP growth (annual %),NY.GDP.MKTP.KD.ZG,2025,-0.5466498732566833
SVK_NY.GDP.MKTP.KD.ZG,Slovak Republic,SVK,GDP growth (annual %),NY.GDP.MKTP.KD.ZG,2026,1.1616235971450806
SVK_NY.GDP.MKTP.KD.ZG,Slovak Republic,SVK,GDP growth (annual %),NY.GDP.MKTP.KD.ZG,2027,0.40357664227485657
SVK_NY.GDP.MKTP.KD.ZG,Slovak Republic,SVK,GDP growth (annual %),NY.GDP.MKTP.KD.ZG,2028,-0.565977156162262
SVK_NY.GDP.MKTP.KD.ZG,Slovak Republic,SVK,GDP growth (annual %),NY.GDP.MKTP.KD.ZG,2029,-0.3750041127204895
SVK_NY.GDP.MKTP.KD.ZG,Slovak Republic,SVK,GDP growth (annual %),NY.GDP.MKTP.KD.ZG,2030,-2.9482903480529785
SVN_NY.GDP.MKTP.KD.ZG,Slovenia,SVN,GDP growth (annual %),NY.GDP.MKTP.KD.ZG,2024,2.5204765796661377
SVN_NY.GDP.MKTP.KD.ZG,Slovenia,SVN,GDP growth (annual %),NY.GDP.MKTP.KD.ZG,2025,-2.305893659591675
SVN_NY.GDP.MKTP.KD.ZG,Slovenia,SVN,GDP growth (annual %),NY.GDP.MKTP.KD.ZG,2026,2.288641929626465
SVN_NY.GDP.MKTP.KD.ZG,Slovenia,SVN,GDP growth (annual %),NY.GDP.MKTP.KD.ZG,2027,0.8329073190689087
SVN_NY.GDP.MKTP.KD.ZG,Slovenia,SVN,GDP growth (annual %),NY.GDP.MKTP.KD.ZG,2028,-0.6661832928657532
SVN_NY.GDP.MKTP.KD.ZG,Slovenia,SVN,GDP growth (annual %),NY.GDP.MKTP.KD.ZG,2029,0.6785070896148682
SVN_NY.GDP.MKTP.KD.ZG,Slovenia,SVN,GDP growth (annual %),NY.GDP.MKTP.KD.ZG,2030,0.40571948885917664
SWE_NY.GDP.MKTP.KD.ZG,Sweden,SWE,GDP growth (annual %),NY.GDP.MKTP.KD.ZG,2024,1.4817179441452026
SWE_NY.GDP.MKTP.KD.ZG,Sweden,SWE,GDP growth (annual %),NY.GDP.MKTP.KD.ZG,2025,0.40357664227485657
SWE_NY.GDP.MKTP.KD.ZG,Sweden,SWE,GDP growth (annual %),NY.GDP.MKTP.KD.ZG,2026,-0.5701234340667725
SWE_NY.GDP.MKTP.KD.ZG,Sweden,SWE,GDP growth (annual %),NY.GDP.MKTP.KD.ZG,2027,0.33085063099861145
SWE_NY.GDP.MKTP.KD.ZG,Sweden,SWE,GDP growth (annual %),NY.GDP.MKTP.KD.ZG,2028,-2.313199758529663
SWE_NY.GDP.MKTP.KD.ZG,Sweden,SWE,GDP growth (annual %),NY.GDP.MKTP.KD.ZG,2029,-0.012142837047576904
SWE_NY.GDP.MKTP.KD.ZG,Sweden,SWE,GDP growth (annual %),NY.GDP.MKTP.KD.ZG,2030,0.143504798412323
