series_id,Country Name,Country Code,Indicator Name,Indicator Code,year,pred_xgb
AUT_GE.EST,Austria,AUT,Government Effectiveness: Estimate,GE.EST,2024,1.3051172494888306
AUT_GE.EST,Austria,AUT,Government Effectiveness: Estimate,GE.EST,2025,1.2576441764831543
AUT_GE.EST,Austria,AUT,Government Effectiveness: Estimate,GE.EST,2026,1.144864797592163
AUT_GE.EST,Austria,AUT,Government Effectiveness: Estimate,GE.EST,2027,1.0528548955917358
AUT_GE.EST,Austria,AUT,Government Effectiveness: Estimate,GE.EST,2028,0.9535984992980957
AUT_GE.EST,Austria,AUT,Government Effectiveness: Estimate,GE.EST,2029,0.9539214968681335
AUT_GE.EST,Austria,AUT,Government Effectiveness: Estimate,GE.EST,2030,0.9271872639656067
BEL_GE.EST,Belgium,BEL,Government Effectiveness: Estimate,GE.EST,2024,0.9582262635231018
BEL_GE.EST,Belgium,BEL,Government Effectiveness: Estimate,GE.EST,2025,0.9219838976860046
BEL_GE.EST,Belgium,BEL,Government Effectiveness: Estimate,GE.EST,2026,0.9343096613883972
BEL_GE.EST,Belgium,BEL,Government Effectiveness: Estimate,GE.EST,2027,0.9465749263763428
BEL_GE.EST,Belgium,BEL,Government Effectiveness: Estimate,GE.EST,2028,0.9064012169837952
BEL_GE.EST,Belgium,BEL,Government Effectiveness: Estimate,GE.EST,2029,0.9301897287368774
BEL_GE.EST,Belgium,BEL,Government Effectiveness: Estimate,GE.EST,2030,0.9617769122123718
BGR_GE.EST,Bulgaria,BGR,Government Effectiveness: Estimate,GE.EST,2024,-0.016157859936356544
BGR_GE.EST,Bulgaria,BGR,Government Effectiveness: Estimate,GE.EST,2025,-0.04915756732225418
BGR_GE.EST,Bulgaria,BGR,Government Effectiveness: Estimate,GE.EST,2026,0.02579224854707718
BGR_GE.EST,Bulgaria,BGR,Government Effectiveness: Estimate,GE.EST,2027,0.0022520229686051607
BGR_GE.EST,Bulgaria,BGR,Government Effectiveness: Estimate,GE.EST,2028,0.04162340983748436
BGR_GE.EST,Bulgaria,BGR,Government Effectiveness: Estimate,GE.EST,2029,0.027158871293067932
BGR_GE.EST,Bulgaria,BGR,Government Effectiveness: Estimate,GE.EST,2030,0.05846826359629631
CYP_GE.EST,Cyprus,CYP,Government Effectiveness: Estimate,GE.EST,2024,0.6437980532646179
CYP_GE.EST,Cyprus,CYP,Government Effectiveness: Estimate,GE.EST,2025,0.5590585470199585
CYP_GE.EST,Cyprus,CYP,Government Effectiveness: Estimate,GE.EST,2026,0.48590317368507385
CYP_GE.EST,Cyprus,CYP,Government Effectiveness: Estimate,GE.EST,2027,0.42070135474205017
CYP_GE.EST,Cyprus,CYP,Government Effectiveness: Estimate,GE.EST,2028,0.3648732006549835
CYP_GE.EST,Cyprus,CYP,Government Effectiveness: Estimate,GE.EST,2029,0.34863388538360596
CYP_GE.EST,Cyprus,CYP,Government Effectiveness: Estimate,GE.EST,2030,0.3279883563518524
CZE_GE.EST,Czechia,CZE,Government Effectiveness: Estimate,GE.EST,2024,1.0902128219604492
CZE_GE.EST,Czechia,CZE,Government Effectiveness: Estimate,GE.EST,2025,1.0789517164230347
CZE_GE.EST,Czechia,CZE,Government Effectiveness: Estimate,GE.EST,2026,1.0879791975021362
CZE_GE.EST,Czechia,CZE,Government Effectiveness: Estimate,GE.EST,2027,1.0818500518798828
CZE_GE.EST,Czechia,CZE,Government Effectiveness: Estimate,GE.EST,2028,1.0286579132080078
CZE_GE.EST,Czechia,CZE,Government Effectiveness: Estimate,GE.EST,2029,0.9646939039230347
CZE_GE.EST,Czechia,CZE,Government Effectiveness: Estimate,GE.EST,2030,0.9402164220809937
DEU_GE.EST,Germany,DEU,Government Effectiveness: Estimate,GE.EST,2024,1.1434543132781982
DEU_GE.EST,Germany,DEU,Government Effectiveness: Estimate,GE.EST,2025,1.073738694190979
DEU_GE.EST,Germany,DEU,Government Effectiveness: Estimate,GE.EST,2026,1.0426827669143677
DEU_GE.EST,Germany,DEU,Government Effectiveness: Estimate,GE.EST,2027,1.0190086364746094
DEU_GE.EST,Germany,DEU,Government Effectiveness: Estimate,GE.EST,2028,0.9818892478942871
DEU_GE.EST,Germany,DEU,Government Effectiveness: Estimate,GE.EST,2029,0.9704354405403137
DEU_GE.EST,Germany,DEU,Government Effectiveness: Estimate,GE.EST,2030,0.9442970752716064
DNK_GE.EST,Denmark,DNK,Government Effectiveness: Estimate,GE.EST,2024,1.980379581451416
DNK_GE.EST,Denmark,DNK,Government Effectiveness: Estimate,GE.EST,2025,1.9658459424972534
DNK_GE.EST,Denmark,DNK,Government Effectiveness: Estimate,GE.EST,2026,1.9560517072677612
DNK_GE.EST,Denmark,DNK,Government Effectiveness: Estimate,GE.EST,2027,1.9565720558166504
DNK_GE.EST,Denmark,DNK,Government Effectiveness: Estimate,GE.EST,2028,1.9397684335708618
DNK_GE.EST,Denmark,DNK,Government Effectiveness: Estimate,GE.EST,2029,1.8527698516845703
DNK_GE.EST,Denmark,DNK,Government Effectiveness: Estimate,GE.EST,2030,1.7797046899795532
ESP_GE.EST,Spain,ESP,Government Effectiveness: Estimate,GE.EST,2024,0.6460370421409607
ESP_GE.EST,Spain,ESP,Government Effectiveness: Estimate,GE.EST,2025,0.5734235048294067
ESP_GE.EST,Spain,ESP,Government Effectiveness: Estimate,GE.EST,2026,0.5145192742347717
ESP_GE.EST,Spain,ESP,Government Effectiveness: Estimate,GE.EST,2027,0.4648810923099518
ESP_GE.EST,Spain,ESP,Government Effectiveness: Estimate,GE.EST,2028,0.42059069871902466
ESP_GE.EST,Spain,ESP,Government Effectiveness: Estimate,GE.EST,2029,0.42757943272590637
ESP_GE.EST,Spain,ESP,Government Effectiveness: Estimate,GE.EST,2030,0.3821873366832733
EST_GE.EST,Estonia,EST,Government Effectiveness: Estimate,GE.EST,2024,1.213193416595459
EST_GE.EST,Estonia,EST,Government Effectiveness: Estimate,GE.EST,2025,1.1435104608535767
EST_GE.EST,Estonia,EST,Government Effectiveness: Estimate,GE.EST,2026,1.079581379890442
EST_GE.EST,Estonia,EST,Government Effectiveness: Estimate,GE.EST,2027,1.0394102334976196
EST_GE.EST,Estonia,EST,Government Effectiveness: Estimate,GE.EST,2028,1.0253190994262695
EST_GE.EST,Estonia,EST,Government Effectiveness: Estimate,GE.EST,2029,0.9836054444313049
EST_GE.EST,Estonia,EST,Government Effectiveness: Estimate,GE.EST,2030,0.9651469588279724
FIN_GE.EST,Finland,FIN,Government Effectiveness: Estimate,GE.EST,2024,1.7543728351593018
FIN_GE.EST,Finland,FIN,Government Effectiveness: Estimate,GE.EST,2025,1.69378662109375
FIN_GE.EST,Finland,FIN,Government Effectiveness: Estimate,GE.EST,2026,1.6715117692947388
FIN_GE.EST,Finland,FIN,Government Effectiveness: Estimate,GE.EST,2027,1.742200255393982
FIN_GE.EST,Finland,FIN,Government Effectiveness: Estimate,GE.EST,2028,1.6962987184524536
FIN_GE.EST,Finland,FIN,Government Effectiveness: Estimate,GE.EST,2029,1.6989789009094238
FIN_GE.EST,Finland,FIN,Government Effectiveness: Estimate,GE.EST,2030,1.684976577758789
FRA_GE.EST,France,FRA,Government Effectiveness: Estimate,GE.EST,2024,1.135715365409851
FRA_GE.EST,France,FRA,Government Effectiveness: Estimate,GE.EST,2025,1.075137734413147
FRA_GE.EST,France,FRA,Government Effectiveness: Estimate,GE.EST,2026,1.0632811784744263
FRA_GE.EST,France,FRA,Government Effectiveness: Estimate,GE.EST,2027,1.032599925994873
FRA_GE.EST,France,FRA,Government Effectiveness: Estimate,GE.EST,2028,0.9974634051322937
FRA_GE.EST,France,FRA,Government Effectiveness: Estimate,GE.EST,2029,0.9552303552627563
FRA_GE.EST,France,FRA,Government Effectiveness: Estimate,GE.EST,2030,0.9515911936759949
GRC_GE.EST,Greece,GRC,Government Effectiveness: Estimate,GE.EST,2024,0.1779838651418686
GRC_GE.EST,Greece,GRC,Government Effectiveness: Estimate,GE.EST,2025,0.2098412662744522
GRC_GE.EST,Greece,GRC,Government Effectiveness: Estimate,GE.EST,2026,0.14710241556167603
GRC_GE.EST,Greece,GRC,Government Effectiveness: Estimate,GE.EST,2027,0.1732797920703888
GRC_GE.EST,Greece,GRC,Government Effectiveness: Estimate,GE.EST,2028,0.20326773822307587
GRC_GE.EST,Greece,GRC,Government Effectiveness: Estimate,GE.EST,2029,0.21041704714298248
GRC_GE.EST,Greece,GRC,Government Effectiveness: Estimate,GE.EST,2030,0.23000767827033997
HRV_GE.EST,Croatia,HRV,Government Effectiveness: Estimate,GE.EST,2024,0.6453819870948792
HRV_GE.EST,Croatia,HRV,Government Effectiveness: Estimate,GE.EST,2025,0.5420985221862793
HRV_GE.EST,Croatia,HRV,Government Effectiveness: Estimate,GE.EST,2026,0.5081167221069336
HRV_GE.EST,Croatia,HRV,Government Effectiveness: Estimate,GE.EST,2027,0.4623110890388489
HRV_GE.EST,Croatia,HRV,Government Effectiveness: Estimate,GE.EST,2028,0.4083411395549774
HRV_GE.EST,Croatia,HRV,Government Effectiveness: Estimate,GE.EST,2029,0.41708338260650635
HRV_GE.EST,Croatia,HRV,Government Effectiveness: Estimate,GE.EST,2030,0.3790293335914612
HUN_GE.EST,Hungary,HUN,Government Effectiveness: Estimate,GE.EST,2024,0.3184524476528168
HUN_GE.EST,Hungary,HUN,Government Effectiveness: Estimate,GE.EST,2025,0.29920557141304016
HUN_GE.EST,Hungary,HUN,Government Effectiveness: Estimate,GE.EST,2026,0.3629240095615387
HUN_GE.EST,Hungary,HUN,Government Effectiveness: Estimate,GE.EST,2027,0.32366615533828735
HUN_GE.EST,Hungary,HUN,Government Effectiveness: Estimate,GE.EST,2028,0.28933432698249817
HUN_GE.EST,Hungary,HUN,Government Effectiveness: Estimate,GE.EST,2029,0.3568653166294098
HUN_GE.EST,Hungary,HUN,Government Effectiveness: Estimate,GE.EST,2030,0.29429155588150024
IRL_GE.EST,Ireland,IRL,Government Effectiveness: Estimate,GE.EST,2024,1.5611788034439087
IRL_GE.EST,Ireland,IRL,Government Effectiveness: Estimate,GE.EST,2025,1.5160601139068604
IRL_GE.EST,Ireland,IRL,Government Effectiveness: Estimate,GE.EST,2026,1.5081661939620972
IRL_GE.EST,Ireland,IRL,Government Effectiveness: Estimate,GE.EST,2027,1.5070080757141113
IRL_GE.EST,Ireland,IRL,Government Effectiveness: Estimate,GE.EST,2028,1.4586557149887085
IRL_GE.EST,Ireland,IRL,Government Effectiveness: Estimate,GE.EST,2029,1.4135092496871948
IRL_GE.EST,Ireland,IRL,Government Effectiveness: Estimate,GE.EST,2030,1.3915431499481201
ITA_GE.EST,Italy,ITA,Government Effectiveness: Estimate,GE.EST,2024,0.5070840120315552
ITA_GE.EST,Italy,ITA,Government Effectiveness: Estimate,GE.EST,2025,0.4788150191307068
ITA_GE.EST,Italy,ITA,Government Effectiveness: Estimate,GE.EST,2026,0.42139697074890137
ITA_GE.EST,Italy,ITA,Government Effectiveness: Estimate,GE.EST,2027,0.4226981997489929
ITA_GE.EST,Italy,ITA,Government Effectiveness: Estimate,GE.EST,2028,0.3652256727218628
ITA_GE.EST,Italy,ITA,Government Effectiveness: Estimate,GE.EST,2029,0.3108356297016144
ITA_GE.EST,Italy,ITA,Government Effectiveness: Estimate,GE.EST,2030,0.3212085962295532
LTU_GE.EST,Lithuania,LTU,Government Effectiveness: Estimate,GE.EST,2024,0.9912635087966919
LTU_GE.EST,Lithuania,LTU,Government Effectiveness: Estimate,GE.EST,2025,0.9348722100257874
LTU_GE.EST,Lithuania,LTU,Government Effectiveness: Estimate,GE.EST,2026,0.9154185056686401
LTU_GE.EST,Lithuania,LTU,Government Effectiveness: Estimate,GE.EST,2027,0.9622979164123535
LTU_GE.EST,Lithuania,LTU,Government Effectiveness: Estimate,GE.EST,2028,0.9437605142593384
LTU_GE.EST,Lithuania,LTU,Government Effectiveness: Estimate,GE.EST,2029,0.9154297709465027
LTU_GE.EST,Lithuania,LTU,Government Effectiveness: Estimate,GE.EST,2030,0.9414472579956055
LUX_GE.EST,Luxembourg,LUX,Government Effectiveness: Estimate,GE.EST,2024,1.8510407209396362
LUX_GE.EST,Luxembourg,LUX,Government Effectiveness: Estimate,GE.EST,2025,1.7615180015563965
LUX_GE.EST,Luxembourg,LUX,Government Effectiveness: Estimate,GE.EST,2026,1.7225685119628906
LUX_GE.EST,Luxembourg,LUX,Government Effectiveness: Estimate,GE.EST,2027,1.740770697593689
LUX_GE.EST,Luxembourg,LUX,Government Effectiveness: Estimate,GE.EST,2028,1.6987797021865845
LUX_GE.EST,Luxembourg,LUX,Government Effectiveness: Estimate,GE.EST,2029,1.6934043169021606
LUX_GE.EST,Luxembourg,LUX,Government Effectiveness: Estimate,GE.EST,2030,1.6840790510177612
LVA_GE.EST,Latvia,LVA,Government Effectiveness: Estimate,GE.EST,2024,0.6719781756401062
LVA_GE.EST,Latvia,LVA,Government Effectiveness: Estimate,GE.EST,2025,0.6294283270835876
LVA_GE.EST,Latvia,LVA,Government Effectiveness: Estimate,GE.EST,2026,0.5371338129043579
LVA_GE.EST,Latvia,LVA,Government Effectiveness: Estimate,GE.EST,2027,0.4865647852420807
LVA_GE.EST,Latvia,LVA,Government Effectiveness: Estimate,GE.EST,2028,0.40637433528900146
LVA_GE.EST,Latvia,LVA,Government Effectiveness: Estimate,GE.EST,2029,0.3767317831516266
LVA_GE.EST,Latvia,LVA,Government Effectiveness: Estimate,GE.EST,2030,0.361594557762146
MLT_GE.EST,Malta,MLT,Government Effectiveness: Estimate,GE.EST,2024,0.3723528981208801
MLT_GE.EST,Malta,MLT,Government Effectiveness: Estimate,GE.EST,2025,0.30677157640457153
MLT_GE.EST,Malta,MLT,Government Effectiveness: Estimate,GE.EST,2026,0.3237006962299347
MLT_GE.EST,Malta,MLT,Government Effectiveness: Estimate,GE.EST,2027,0.32445797324180603
MLT_GE.EST,Malta,MLT,Government Effectiveness: Estimate,GE.EST,2028,0.36215823888778687
MLT_GE.EST,Malta,MLT,Government Effectiveness: Estimate,GE.EST,2029,0.3568015396595001
MLT_GE.EST,Malta,MLT,Government Effectiveness: Estimate,GE.EST,2030,0.3259761929512024
NLD_GE.EST,Netherlands,NLD,Government Effectiveness: Estimate,GE.EST,2024,1.593995451927185
NLD_GE.EST,Netherlands,NLD,Government Effectiveness: Estimate,GE.EST,2025,1.579912781715393
NLD_GE.EST,Netherlands,NLD,Government Effectiveness: Estimate,GE.EST,2026,1.5763059854507446
NLD_GE.EST,Netherlands,NLD,Government Effectiveness: Estimate,GE.EST,2027,1.5315653085708618
NLD_GE.EST,Netherlands,NLD,Government Effectiveness: Estimate,GE.EST,2028,1.4815621376037598
NLD_GE.EST,Netherlands,NLD,Government Effectiveness: Estimate,GE.EST,2029,1.4671547412872314
NLD_GE.EST,Netherlands,NLD,Government Effectiveness: Estimate,GE.EST,2030,1.4286597967147827
POL_GE.EST,Poland,POL,Government Effectiveness: Estimate,GE.EST,2024,0.42471879720687866
POL_GE.EST,Poland,POL,Government Effectiveness: Estimate,GE.EST,2025,0.388211727142334
POL_GE.EST,Poland,POL,Government Effectiveness: Estimate,GE.EST,2026,0.3630703389644623
POL_GE.EST,Poland,POL,Government Effectiveness: Estimate,GE.EST,2027,0.33937159180641174
POL_GE.EST,Poland,POL,Government Effectiveness: Estimate,GE.EST,2028,0.3245849907398224
POL_GE.EST,Poland,POL,Government Effectiveness: Estimate,GE.EST,2029,0.3735290765762329
POL_GE.EST,Poland,POL,Government Effectiveness: Estimate,GE.EST,2030,0.3434901237487793
PRT_GE.EST,Portugal,PRT,Government Effectiveness: Estimate,GE.EST,2024,0.9712515473365784
PRT_GE.EST,Portugal,PRT,Government Effectiveness: Estimate,GE.EST,2025,0.953547477722168
PRT_GE.EST,Portugal,PRT,Government Effectiveness: Estimate,GE.EST,2026,0.9516295194625854
PRT_GE.EST,Portugal,PRT,Government Effectiveness: Estimate,GE.EST,2027,0.9319438338279724
PRT_GE.EST,Portugal,PRT,Government Effectiveness: Estimate,GE.EST,2028,0.9455631375312805
PRT_GE.EST,Portugal,PRT,Government Effectiveness: Estimate,GE.EST,2029,0.9444896578788757
PRT_GE.EST,Portugal,PRT,Government Effectiveness: Estimate,GE.EST,2030,0.9269217252731323
ROU_GE.EST,Romania,ROU,Government Effectiveness: Estimate,GE.EST,2024,-0.09536375105381012
ROU_GE.EST,Romania,ROU,Government Effectiveness: Estimate,GE.EST,2025,-0.015204885974526405
ROU_GE.EST,Romania,ROU,Government Effectiveness: Estimate,GE.EST,2026,0.00033967260969802737
ROU_GE.EST,Romania,ROU,Government Effectiveness: Estimate,GE.EST,2027,0.03950580209493637
ROU_GE.EST,Romania,ROU,Government Effectiveness: Estimate,GE.EST,2028,0.008256888948380947
ROU_GE.EST,Romania,ROU,Government Effectiveness: Estimate,GE.EST,2029,0.060794439166784286
ROU_GE.EST,Romania,ROU,Government Effectiveness: Estimate,GE.EST,2030,0.011866354383528233
SVK_GE.EST,Slovak Republic,SVK,Government Effectiveness: Estimate,GE.EST,2024,0.1550995260477066
SVK_GE.EST,Slovak Republic,SVK,Government Effectiveness: Estimate,GE.EST,2025,0.18959708511829376
SVK_GE.EST,Slovak Republic,SVK,Government Effectiveness: Estimate,GE.EST,2026,0.18175803124904633
SVK_GE.EST,Slovak Republic,SVK,Government Effectiveness: Estimate,GE.EST,2027,0.23552002012729645
SVK_GE.EST,Slovak Republic,SVK,Government Effectiveness: Estimate,GE.EST,2028,0.15503555536270142
SVK_GE.EST,Slovak Republic,SVK,Government Effectiveness: Estimate,GE.EST,2029,0.16307073831558228
SVK_GE.EST,Slovak Republic,SVK,Government Effectiveness: Estimate,GE.EST,2030,0.2390778660774231
SVN_GE.EST,Slovenia,SVN,Government Effectiveness: Estimate,GE.EST,2024,1.0170559883117676
SVN_GE.EST,Slovenia,SVN,Government Effectiveness: Estimate,GE.EST,2025,0.989051103591919
SVN_GE.EST,Slovenia,SVN,Government Effectiveness: Estimate,GE.EST,2026,0.9743472933769226
SVN_GE.EST,Slovenia,SVN,Government Effectiveness: Estimate,GE.EST,2027,0.9581584930419922
SVN_GE.EST,Slovenia,SVN,Government Effectiveness: Estimate,GE.EST,2028,0.9376681447029114
SVN_GE.EST,Slovenia,SVN,Government Effectiveness: Estimate,GE.EST,2029,0.9587830305099487
SVN_GE.EST,Slovenia,SVN,Government Effectiveness: Estimate,GE.EST,2030,0.9642590284347534
SWE_GE.EST,Sweden,SWE,Government Effectiveness: Estimate,GE.EST,2024,1.6009420156478882
SWE_GE.EST,Sweden,SWE,Government Effectiveness: Estimate,GE.EST,2025,1.5775773525238037
SWE_GE.EST,Sweden,SWE,Government Effectiveness: Estimate,GE.EST,2026,1.5849366188049316
SWE_GE.EST,Sweden,SWE,Government Effectiveness: Estimate,GE.EST,2027,1.5798954963684082
SWE_GE.EST,Sweden,SWE,Government Effectiveness: Estimate,GE.EST,2028,1.4883378744125366
SWE_GE.EST,Sweden,SWE,Government Effectiveness: Estimate,GE.EST,2029,1.4253530502319336
SWE_GE.EST,Sweden,SWE,Government Effectiveness: Estimate,GE.EST,2030,1.4037504196166992
