series_id,Country Name,Country Code,Indicator Name,Indicator Code,year,pred_xgb
AUT_CC.EST,Austria,AUT,Control of Corruption: Estimate,CC.EST,2024,1.2103427648544312
AUT_CC.EST,Austria,AUT,Control of Corruption: Estimate,CC.EST,2025,1.2124472856521606
AUT_CC.EST,Austria,AUT,Control of Corruption: Estimate,CC.EST,2026,1.132182002067566
AUT_CC.EST,Austria,AUT,Control of Corruption: Estimate,CC.EST,2027,1.110355257987976
AUT_CC.EST,Austria,AUT,Control of Corruption: Estimate,CC.EST,2028,1.0656038522720337
AUT_CC.EST,Austria,AUT,Control of Corruption: Estimate,CC.EST,2029,0.9750155210494995
AUT_CC.EST,Austria,AUT,Control of Corruption: Estimate,CC.EST,2030,0.9067845940589905
BEL_CC.EST,Belgium,BEL,Control of Corruption: Estimate,CC.EST,2024,1.3048794269561768
BEL_CC.EST,Belgium,BEL,Control of Corruption: Estimate,CC.EST,2025,1.3079726696014404
BEL_CC.EST,Belgium,BEL,Control of Corruption: Estimate,CC.EST,2026,1.2733594179153442
BEL_CC.EST,Belgium,BEL,Control of Corruption: Estimate,CC.EST,2027,1.2504396438598633
BEL_CC.EST,Belgium,BEL,Control of Corruption: Estimate,CC.EST,2028,1.2258952856063843
BEL_CC.EST,Belgium,BEL,Control of Corruption: Estimate,CC.EST,2029,1.2070000171661377
BEL_CC.EST,Belgium,BEL,Control of Corruption: Estimate,CC.EST,2030,1.1934453248977661
BGR_CC.EST,Bulgaria,BGR,Control of Corruption: Estimate,CC.EST,2024,-0.13330399990081787
BGR_CC.EST,Bulgaria,BGR,Control of Corruption: Estimate,CC.EST,2025,-0.1089140996336937
BGR_CC.EST,Bulgaria,BGR,Control of Corruption: Estimate,CC.EST,2026,-0.10059065371751785
BGR_CC.EST,Bulgaria,BGR,Control of Corruption: Estimate,CC.EST,2027,-0.07469591498374939
BGR_CC.EST,Bulgaria,BGR,Control of Corruption: Estimate,CC.EST,2028,-0.05202087014913559
BGR_CC.EST,Bulgaria,BGR,Control of Corruption: Estimate,CC.EST,2029,0.016087746247649193
BGR_CC.EST,Bulgaria,BGR,Control of Corruption: Estimate,CC.EST,2030,0.06216055527329445
CYP_CC.EST,Cyprus,CYP,Control of Corruption: Estimate,CC.EST,2024,0.3590121865272522
CYP_CC.EST,Cyprus,CYP,Control of Corruption: Estimate,CC.EST,2025,0.39967191219329834
CYP_CC.EST,Cyprus,CYP,Control of Corruption: Estimate,CC.EST,2026,0.37716537714004517
CYP_CC.EST,Cyprus,CYP,Control of Corruption: Estimate,CC.EST,2027,0.3517337739467621
CYP_CC.EST,Cyprus,CYP,Control of Corruption: Estimate,CC.EST,2028,0.3291464149951935
CYP_CC.EST,Cyprus,CYP,Control of Corruption: Estimate,CC.EST,2029,0.3203573524951935
CYP_CC.EST,Cyprus,CYP,Control of Corruption: Estimate,CC.EST,2030,0.31014329195022583
CZE_CC.EST,Czechia,CZE,Control of Corruption: Estimate,CC.EST,2024,0.7565279006958008
CZE_CC.EST,Czechia,CZE,Control of Corruption: Estimate,CC.EST,2025,0.7026035189628601
CZE_CC.EST,Czechia,CZE,Control of Corruption: Estimate,CC.EST,2026,0.6503934860229492
CZE_CC.EST,Czechia,CZE,Control of Corruption: Estimate,CC.EST,2027,0.636157214641571
CZE_CC.EST,Czechia,CZE,Control of Corruption: Estimate,CC.EST,2028,0.6492051482200623
CZE_CC.EST,Czechia,CZE,Control of Corruption: Estimate,CC.EST,2029,0.6493241190910339
CZE_CC.EST,Czechia,CZE,Control of Corruption: Estimate,CC.EST,2030,0.649459958076477
DEU_CC.EST,Germany,DEU,Control of Corruption: Estimate,CC.EST,2024,1.6873929500579834
DEU_CC.EST,Germany,DEU,Control of Corruption: Estimate,CC.EST,2025,1.611413598060608
DEU_CC.EST,Germany,DEU,Control of Corruption: Estimate,CC.EST,2026,1.5130712985992432
DEU_CC.EST,Germany,DEU,Control of Corruption: Estimate,CC.EST,2027,1.5189763307571411
DEU_CC.EST,Germany,DEU,Control of Corruption: Estimate,CC.EST,2028,1.4947365522384644
DEU_CC.EST,Germany,DEU,Control of Corruption: Estimate,CC.EST,2029,1.449904441833496
DEU_CC.EST,Germany,DEU,Control of Corruption: Estimate,CC.EST,2030,1.3945502042770386
DNK_CC.EST,Denmark,DNK,Control of Corruption: Estimate,CC.EST,2024,2.380728006362915
DNK_CC.EST,Denmark,DNK,Control of Corruption: Estimate,CC.EST,2025,2.3569066524505615
DNK_CC.EST,Denmark,DNK,Control of Corruption: Estimate,CC.EST,2026,2.3537988662719727
DNK_CC.EST,Denmark,DNK,Control of Corruption: Estimate,CC.EST,2027,2.331303596496582
DNK_CC.EST,Denmark,DNK,Control of Corruption: Estimate,CC.EST,2028,2.3538308143615723
DNK_CC.EST,Denmark,DNK,Control of Corruption: Estimate,CC.EST,2029,2.340980052947998
DNK_CC.EST,Denmark,DNK,Control of Corruption: Estimate,CC.EST,2030,2.363602638244629
ESP_CC.EST,Spain,ESP,Control of Corruption: Estimate,CC.EST,2024,0.5773805379867554
ESP_CC.EST,Spain,ESP,Control of Corruption: Estimate,CC.EST,2025,0.49522116780281067
ESP_CC.EST,Spain,ESP,Control of Corruption: Estimate,CC.EST,2026,0.48351413011550903
ESP_CC.EST,Spain,ESP,Control of Corruption: Estimate,CC.EST,2027,0.51557856798172
ESP_CC.EST,Spain,ESP,Control of Corruption: Estimate,CC.EST,2028,0.5399710536003113
ESP_CC.EST,Spain,ESP,Control of Corruption: Estimate,CC.EST,2029,0.5583569407463074
ESP_CC.EST,Spain,ESP,Control of Corruption: Estimate,CC.EST,2030,0.5715277791023254
EST_CC.EST,Estonia,EST,Control of Corruption: Estimate,CC.EST,2024,1.4767537117004395
EST_CC.EST,Estonia,EST,Control of Corruption: Estimate,CC.EST,2025,1.3911988735198975
EST_CC.EST,Estonia,EST,Control of Corruption: Estimate,CC.EST,2026,1.4284244775772095
EST_CC.EST,Estonia,EST,Control of Corruption: Estimate,CC.EST,2027,1.4113795757293701
EST_CC.EST,Estonia,EST,Control of Corruption: Estimate,CC.EST,2028,1.3958598375320435
EST_CC.EST,Estonia,EST,Control of Corruption: Estimate,CC.EST,2029,1.3958598375320435
EST_CC.EST,Estonia,EST,Control of Corruption: Estimate,CC.EST,2030,1.3931301832199097
FIN_CC.EST,Finland,FIN,Control of Corruption: Estimate,CC.EST,2024,2.199667453765869
FIN_CC.EST,Finland,FIN,Control of Corruption: Estimate,CC.EST,2025,2.1748459339141846
FIN_CC.EST,Finland,FIN,Control of Corruption: Estimate,CC.EST,2026,2.16707444190979
FIN_CC.EST,Finland,FIN,Control of Corruption: Estimate,CC.EST,2027,2.1756863594055176
FIN_CC.EST,Finland,FIN,Control of Corruption: Estimate,CC.EST,2028,2.171665906906128
FIN_CC.EST,Finland,FIN,Control of Corruption: Estimate,CC.EST,2029,2.1806435585021973
FIN_CC.EST,Finland,FIN,Control of Corruption: Estimate,CC.EST,2030,2.171665906906128
FRA_CC.EST,France,FRA,Control of Corruption: Estimate,CC.EST,2024,1.206454873085022
FRA_CC.EST,France,FRA,Control of Corruption: Estimate,CC.EST,2025,1.2226437330245972
FRA_CC.EST,France,FRA,Control of Corruption: Estimate,CC.EST,2026,1.1873077154159546
FRA_CC.EST,France,FRA,Control of Corruption: Estimate,CC.EST,2027,1.1508004665374756
FRA_CC.EST,France,FRA,Control of Corruption: Estimate,CC.EST,2028,1.1012026071548462
FRA_CC.EST,France,FRA,Control of Corruption: Estimate,CC.EST,2029,1.0607448816299438
FRA_CC.EST,France,FRA,Control of Corruption: Estimate,CC.EST,2030,1.0263066291809082
GRC_CC.EST,Greece,GRC,Control of Corruption: Estimate,CC.EST,2024,0.1500651240348816
GRC_CC.EST,Greece,GRC,Control of Corruption: Estimate,CC.EST,2025,0.10938620567321777
GRC_CC.EST,Greece,GRC,Control of Corruption: Estimate,CC.EST,2026,0.17587910592556
GRC_CC.EST,Greece,GRC,Control of Corruption: Estimate,CC.EST,2027,0.16227243840694427
GRC_CC.EST,Greece,GRC,Control of Corruption: Estimate,CC.EST,2028,0.18664783239364624
GRC_CC.EST,Greece,GRC,Control of Corruption: Estimate,CC.EST,2029,0.2090459167957306
GRC_CC.EST,Greece,GRC,Control of Corruption: Estimate,CC.EST,2030,0.21112951636314392
HRV_CC.EST,Croatia,HRV,Control of Corruption: Estimate,CC.EST,2024,0.18146459758281708
HRV_CC.EST,Croatia,HRV,Control of Corruption: Estimate,CC.EST,2025,0.12603308260440826
HRV_CC.EST,Croatia,HRV,Control of Corruption: Estimate,CC.EST,2026,0.12862630188465118
HRV_CC.EST,Croatia,HRV,Control of Corruption: Estimate,CC.EST,2027,0.19802266359329224
HRV_CC.EST,Croatia,HRV,Control of Corruption: Estimate,CC.EST,2028,0.2139771282672882
HRV_CC.EST,Croatia,HRV,Control of Corruption: Estimate,CC.EST,2029,0.26384684443473816
HRV_CC.EST,Croatia,HRV,Control of Corruption: Estimate,CC.EST,2030,0.261262983083725
HUN_CC.EST,Hungary,HUN,Control of Corruption: Estimate,CC.EST,2024,0.02640419639647007
HUN_CC.EST,Hungary,HUN,Control of Corruption: Estimate,CC.EST,2025,0.06365542858839035
HUN_CC.EST,Hungary,HUN,Control of Corruption: Estimate,CC.EST,2026,0.09760531783103943
HUN_CC.EST,Hungary,HUN,Control of Corruption: Estimate,CC.EST,2027,0.09838391095399857
HUN_CC.EST,Hungary,HUN,Control of Corruption: Estimate,CC.EST,2028,0.07800161093473434
HUN_CC.EST,Hungary,HUN,Control of Corruption: Estimate,CC.EST,2029,0.07683787494897842
HUN_CC.EST,Hungary,HUN,Control of Corruption: Estimate,CC.EST,2030,0.06491166353225708
IRL_CC.EST,Ireland,IRL,Control of Corruption: Estimate,CC.EST,2024,1.52117919921875
IRL_CC.EST,Ireland,IRL,Control of Corruption: Estimate,CC.EST,2025,1.472051978111267
IRL_CC.EST,Ireland,IRL,Control of Corruption: Estimate,CC.EST,2026,1.385794758796692
IRL_CC.EST,Ireland,IRL,Control of Corruption: Estimate,CC.EST,2027,1.417708396911621
IRL_CC.EST,Ireland,IRL,Control of Corruption: Estimate,CC.EST,2028,1.4164427518844604
IRL_CC.EST,Ireland,IRL,Control of Corruption: Estimate,CC.EST,2029,1.395196795463562
IRL_CC.EST,Ireland,IRL,Control of Corruption: Estimate,CC.EST,2030,1.4003015756607056
ITA_CC.EST,Italy,ITA,Control of Corruption: Estimate,CC.EST,2024,0.5589349865913391
ITA_CC.EST,Italy,ITA,Control of Corruption: Estimate,CC.EST,2025,0.5814872980117798
ITA_CC.EST,Italy,ITA,Control of Corruption: Estimate,CC.EST,2026,0.5729079246520996
ITA_CC.EST,Italy,ITA,Control of Corruption: Estimate,CC.EST,2027,0.5374051928520203
ITA_CC.EST,Italy,ITA,Control of Corruption: Estimate,CC.EST,2028,0.5092018842697144
ITA_CC.EST,Italy,ITA,Control of Corruption: Estimate,CC.EST,2029,0.5684579610824585
ITA_CC.EST,Italy,ITA,Control of Corruption: Estimate,CC.EST,2030,0.5985543727874756
LTU_CC.EST,Lithuania,LTU,Control of Corruption: Estimate,CC.EST,2024,0.8077648282051086
LTU_CC.EST,Lithuania,LTU,Control of Corruption: Estimate,CC.EST,2025,0.8191902041435242
LTU_CC.EST,Lithuania,LTU,Control of Corruption: Estimate,CC.EST,2026,0.8187177181243896
LTU_CC.EST,Lithuania,LTU,Control of Corruption: Estimate,CC.EST,2027,0.8161832094192505
LTU_CC.EST,Lithuania,LTU,Control of Corruption: Estimate,CC.EST,2028,0.792989194393158
LTU_CC.EST,Lithuania,LTU,Control of Corruption: Estimate,CC.EST,2029,0.8006048798561096
LTU_CC.EST,Lithuania,LTU,Control of Corruption: Estimate,CC.EST,2030,0.7887189984321594
LUX_CC.EST,Luxembourg,LUX,Control of Corruption: Estimate,CC.EST,2024,1.9154237508773804
LUX_CC.EST,Luxembourg,LUX,Control of Corruption: Estimate,CC.EST,2025,1.915867805480957
LUX_CC.EST,Luxembourg,LUX,Control of Corruption: Estimate,CC.EST,2026,1.9242479801177979
LUX_CC.EST,Luxembourg,LUX,Control of Corruption: Estimate,CC.EST,2027,1.9008647203445435
LUX_CC.EST,Luxembourg,LUX,Control of Corruption: Estimate,CC.EST,2028,1.9145174026489258
LUX_CC.EST,Luxembourg,LUX,Control of Corruption: Estimate,CC.EST,2029,1.8914436101913452
LUX_CC.EST,Luxembourg,LUX,Control of Corruption: Estimate,CC.EST,2030,1.8889703750610352
LVA_CC.EST,Latvia,LVA,Control of Corruption: Estimate,CC.EST,2024,0.6533754467964172
LVA_CC.EST,Latvia,LVA,Control of Corruption: Estimate,CC.EST,2025,0.5963637232780457
LVA_CC.EST,Latvia,LVA,Control of Corruption: Estimate,CC.EST,2026,0.4893926680088043
LVA_CC.EST,Latvia,LVA,Control of Corruption: Estimate,CC.EST,2027,0.4730011224746704
LVA_CC.EST,Latvia,LVA,Control of Corruption: Estimate,CC.EST,2028,0.5076625943183899
LVA_CC.EST,Latvia,LVA,Control of Corruption: Estimate,CC.EST,2029,0.538200318813324
LVA_CC.EST,Latvia,LVA,Control of Corruption: Estimate,CC.EST,2030,0.5745131373405457
MLT_CC.EST,Malta,MLT,Control of Corruption: Estimate,CC.EST,2024,0.12955014407634735
MLT_CC.EST,Malta,MLT,Control of Corruption: Estimate,CC.EST,2025,0.11452723294496536
MLT_CC.EST,Malta,MLT,Control of Corruption: Estimate,CC.EST,2026,0.173844575881958
MLT_CC.EST,Malta,MLT,Control of Corruption: Estimate,CC.EST,2027,0.1853918582201004
MLT_CC.EST,Malta,MLT,Control of Corruption: Estimate,CC.EST,2028,0.23864693939685822
MLT_CC.EST,Malta,MLT,Control of Corruption: Estimate,CC.EST,2029,0.25617173314094543
MLT_CC.EST,Malta,MLT,Control of Corruption: Estimate,CC.EST,2030,0.2850099205970764
NLD_CC.EST,Netherlands,NLD,Control of Corruption: Estimate,CC.EST,2024,1.8707187175750732
NLD_CC.EST,Netherlands,NLD,Control of Corruption: Estimate,CC.EST,2025,1.8438736200332642
NLD_CC.EST,Netherlands,NLD,Control of Corruption: Estimate,CC.EST,2026,1.8226561546325684
NLD_CC.EST,Netherlands,NLD,Control of Corruption: Estimate,CC.EST,2027,1.7504284381866455
NLD_CC.EST,Netherlands,NLD,Control of Corruption: Estimate,CC.EST,2028,1.7604495286941528
NLD_CC.EST,Netherlands,NLD,Control of Corruption: Estimate,CC.EST,2029,1.7345843315124512
NLD_CC.EST,Netherlands,NLD,Control of Corruption: Estimate,CC.EST,2030,1.7668787240982056
POL_CC.EST,Poland,POL,Control of Corruption: Estimate,CC.EST,2024,0.5985543727874756
POL_CC.EST,Poland,POL,Control of Corruption: Estimate,CC.EST,2025,0.5955103039741516
POL_CC.EST,Poland,POL,Control of Corruption: Estimate,CC.EST,2026,0.5337021946907043
POL_CC.EST,Poland,POL,Control of Corruption: Estimate,CC.EST,2027,0.48533204197883606
POL_CC.EST,Poland,POL,Control of Corruption: Estimate,CC.EST,2028,0.48145923018455505
POL_CC.EST,Poland,POL,Control of Corruption: Estimate,CC.EST,2029,0.4903038740158081
POL_CC.EST,Poland,POL,Control of Corruption: Estimate,CC.EST,2030,0.4920859932899475
PRT_CC.EST,Portugal,PRT,Control of Corruption: Estimate,CC.EST,2024,0.6539455056190491
PRT_CC.EST,Portugal,PRT,Control of Corruption: Estimate,CC.EST,2025,0.6611203551292419
PRT_CC.EST,Portugal,PRT,Control of Corruption: Estimate,CC.EST,2026,0.6111800074577332
PRT_CC.EST,Portugal,PRT,Control of Corruption: Estimate,CC.EST,2027,0.5697906613349915
PRT_CC.EST,Portugal,PRT,Control of Corruption: Estimate,CC.EST,2028,0.5616121888160706
PRT_CC.EST,Portugal,PRT,Control of Corruption: Estimate,CC.EST,2029,0.5483871102333069
PRT_CC.EST,Portugal,PRT,Control of Corruption: Estimate,CC.EST,2030,0.5418695211410522
ROU_CC.EST,Romania,ROU,Control of Corruption: Estimate,CC.EST,2024,0.07435239851474762
ROU_CC.EST,Romania,ROU,Control of Corruption: Estimate,CC.EST,2025,0.076579749584198
ROU_CC.EST,Romania,ROU,Control of Corruption: Estimate,CC.EST,2026,0.06465207785367966
ROU_CC.EST,Romania,ROU,Control of Corruption: Estimate,CC.EST,2027,0.060578640550374985
ROU_CC.EST,Romania,ROU,Control of Corruption: Estimate,CC.EST,2028,0.03098910301923752
ROU_CC.EST,Romania,ROU,Control of Corruption: Estimate,CC.EST,2029,0.029262728989124298
ROU_CC.EST,Romania,ROU,Control of Corruption: Estimate,CC.EST,2030,0.030921369791030884
SVK_CC.EST,Slovak Republic,SVK,Control of Corruption: Estimate,CC.EST,2024,0.31637874245643616
SVK_CC.EST,Slovak Republic,SVK,Control of Corruption: Estimate,CC.EST,2025,0.30334022641181946
SVK_CC.EST,Slovak Republic,SVK,Control of Corruption: Estimate,CC.EST,2026,0.2972508668899536
SVK_CC.EST,Slovak Republic,SVK,Control of Corruption: Estimate,CC.EST,2027,0.2761306166648865
SVK_CC.EST,Slovak Republic,SVK,Control of Corruption: Estimate,CC.EST,2028,0.23315295577049255
SVK_CC.EST,Slovak Republic,SVK,Control of Corruption: Estimate,CC.EST,2029,0.2454015165567398
SVK_CC.EST,Slovak Republic,SVK,Control of Corruption: Estimate,CC.EST,2030,0.19747622311115265
SVN_CC.EST,Slovenia,SVN,Control of Corruption: Estimate,CC.EST,2024,0.7741041779518127
SVN_CC.EST,Slovenia,SVN,Control of Corruption: Estimate,CC.EST,2025,0.7954567670822144
SVN_CC.EST,Slovenia,SVN,Control of Corruption: Estimate,CC.EST,2026,0.7973840236663818
SVN_CC.EST,Slovenia,SVN,Control of Corruption: Estimate,CC.EST,2027,0.8126237392425537
SVN_CC.EST,Slovenia,SVN,Control of Corruption: Estimate,CC.EST,2028,0.7878929376602173
SVN_CC.EST,Slovenia,SVN,Control of Corruption: Estimate,CC.EST,2029,0.8023462295532227
SVN_CC.EST,Slovenia,SVN,Control of Corruption: Estimate,CC.EST,2030,0.7910264730453491
SWE_CC.EST,Sweden,SWE,Control of Corruption: Estimate,CC.EST,2024,1.9545165300369263
SWE_CC.EST,Sweden,SWE,Control of Corruption: Estimate,CC.EST,2025,1.9254659414291382
SWE_CC.EST,Sweden,SWE,Control of Corruption: Estimate,CC.EST,2026,1.924720048904419
SWE_CC.EST,Sweden,SWE,Control of Corruption: Estimate,CC.EST,2027,1.9184844493865967
SWE_CC.EST,Sweden,SWE,Control of Corruption: Estimate,CC.EST,2028,1.9281691312789917
SWE_CC.EST,Sweden,SWE,Control of Corruption: Estimate,CC.EST,2029,1.905806541442871
SWE_CC.EST,Sweden,SWE,Control of Corruption: Estimate,CC.EST,2030,1.9159376621246338
