series_id,Country Name,Country Code,Indicator Name,Indicator Code,year,pred_xgb
AUT_RQ.EST,Austria,AUT,Regulatory Quality: Estimate,RQ.EST,2024,1.3545187711715698
AUT_RQ.EST,Austria,AUT,Regulatory Quality: Estimate,RQ.EST,2025,1.3092701435089111
AUT_RQ.EST,Austria,AUT,Regulatory Quality: Estimate,RQ.EST,2026,1.2591750621795654
AUT_RQ.EST,Austria,AUT,Regulatory Quality: Estimate,RQ.EST,2027,1.1887115240097046
AUT_RQ.EST,Austria,AUT,Regulatory Quality: Estimate,RQ.EST,2028,1.1966310739517212
AUT_RQ.EST,Austria,AUT,Regulatory Quality: Estimate,RQ.EST,2029,1.2210251092910767
AUT_RQ.EST,Austria,AUT,Regulatory Quality: Estimate,RQ.EST,2030,1.217297911643982
BEL_RQ.EST,Belgium,BEL,Regulatory Quality: Estimate,RQ.EST,2024,1.1730461120605469
BEL_RQ.EST,Belgium,BEL,Regulatory Quality: Estimate,RQ.EST,2025,1.1537349224090576
BEL_RQ.EST,Belgium,BEL,Regulatory Quality: Estimate,RQ.EST,2026,1.1538840532302856
BEL_RQ.EST,Belgium,BEL,Regulatory Quality: Estimate,RQ.EST,2027,1.1833736896514893
BEL_RQ.EST,Belgium,BEL,Regulatory Quality: Estimate,RQ.EST,2028,1.218742847442627
BEL_RQ.EST,Belgium,BEL,Regulatory Quality: Estimate,RQ.EST,2029,1.2282309532165527
BEL_RQ.EST,Belgium,BEL,Regulatory Quality: Estimate,RQ.EST,2030,1.2350754737854004
BGR_RQ.EST,Bulgaria,BGR,Regulatory Quality: Estimate,RQ.EST,2024,0.4038428068161011
BGR_RQ.EST,Bulgaria,BGR,Regulatory Quality: Estimate,RQ.EST,2025,0.34469765424728394
BGR_RQ.EST,Bulgaria,BGR,Regulatory Quality: Estimate,RQ.EST,2026,0.35895785689353943
BGR_RQ.EST,Bulgaria,BGR,Regulatory Quality: Estimate,RQ.EST,2027,0.3625636696815491
BGR_RQ.EST,Bulgaria,BGR,Regulatory Quality: Estimate,RQ.EST,2028,0.4142163395881653
BGR_RQ.EST,Bulgaria,BGR,Regulatory Quality: Estimate,RQ.EST,2029,0.39402756094932556
BGR_RQ.EST,Bulgaria,BGR,Regulatory Quality: Estimate,RQ.EST,2030,0.3669200837612152
CYP_RQ.EST,Cyprus,CYP,Regulatory Quality: Estimate,RQ.EST,2024,0.8208438754081726
CYP_RQ.EST,Cyprus,CYP,Regulatory Quality: Estimate,RQ.EST,2025,0.7544362545013428
CYP_RQ.EST,Cyprus,CYP,Regulatory Quality: Estimate,RQ.EST,2026,0.7393000721931458
CYP_RQ.EST,Cyprus,CYP,Regulatory Quality: Estimate,RQ.EST,2027,0.6708321571350098
CYP_RQ.EST,Cyprus,CYP,Regulatory Quality: Estimate,RQ.EST,2028,0.6190344095230103
CYP_RQ.EST,Cyprus,CYP,Regulatory Quality: Estimate,RQ.EST,2029,0.5603309869766235
CYP_RQ.EST,Cyprus,CYP,Regulatory Quality: Estimate,RQ.EST,2030,0.5906813740730286
CZE_RQ.EST,Czechia,CZE,Regulatory Quality: Estimate,RQ.EST,2024,1.2968389987945557
CZE_RQ.EST,Czechia,CZE,Regulatory Quality: Estimate,RQ.EST,2025,1.2090517282485962
CZE_RQ.EST,Czechia,CZE,Regulatory Quality: Estimate,RQ.EST,2026,1.213996171951294
CZE_RQ.EST,Czechia,CZE,Regulatory Quality: Estimate,RQ.EST,2027,1.1654623746871948
CZE_RQ.EST,Czechia,CZE,Regulatory Quality: Estimate,RQ.EST,2028,1.1275204420089722
CZE_RQ.EST,Czechia,CZE,Regulatory Quality: Estimate,RQ.EST,2029,1.1014604568481445
CZE_RQ.EST,Czechia,CZE,Regulatory Quality: Estimate,RQ.EST,2030,1.0789780616760254
DEU_RQ.EST,Germany,DEU,Regulatory Quality: Estimate,RQ.EST,2024,1.5437597036361694
DEU_RQ.EST,Germany,DEU,Regulatory Quality: Estimate,RQ.EST,2025,1.5234448909759521
DEU_RQ.EST,Germany,DEU,Regulatory Quality: Estimate,RQ.EST,2026,1.4974316358566284
DEU_RQ.EST,Germany,DEU,Regulatory Quality: Estimate,RQ.EST,2027,1.514788031578064
DEU_RQ.EST,Germany,DEU,Regulatory Quality: Estimate,RQ.EST,2028,1.5481895208358765
DEU_RQ.EST,Germany,DEU,Regulatory Quality: Estimate,RQ.EST,2029,1.5639556646347046
DEU_RQ.EST,Germany,DEU,Regulatory Quality: Estimate,RQ.EST,2030,1.5552189350128174
DNK_RQ.EST,Denmark,DNK,Regulatory Quality: Estimate,RQ.EST,2024,1.8266278505325317
DNK_RQ.EST,Denmark,DNK,Regulatory Quality: Estimate,RQ.EST,2025,1.8276170492172241
DNK_RQ.EST,Denmark,DNK,Regulatory Quality: Estimate,RQ.EST,2026,1.8093470335006714
DNK_RQ.EST,Denmark,DNK,Regulatory Quality: Estimate,RQ.EST,2027,1.7979990243911743
DNK_RQ.EST,Denmark,DNK,Regulatory Quality: Estimate,RQ.EST,2028,1.8008265495300293
DNK_RQ.EST,Denmark,DNK,Regulatory Quality: Estimate,RQ.EST,2029,1.8341262340545654
DNK_RQ.EST,Denmark,DNK,Regulatory Quality: Estimate,RQ.EST,2030,1.8327465057373047
ESP_RQ.EST,Spain,ESP,Regulatory Quality: Estimate,RQ.EST,2024,0.6562634110450745
ESP_RQ.EST,Spain,ESP,Regulatory Quality: Estimate,RQ.EST,2025,0.6378093957901001
ESP_RQ.EST,Spain,ESP,Regulatory Quality: Estimate,RQ.EST,2026,0.5679798126220703
ESP_RQ.EST,Spain,ESP,Regulatory Quality: Estimate,RQ.EST,2027,0.5424225330352783
ESP_RQ.EST,Spain,ESP,Regulatory Quality: Estimate,RQ.EST,2028,0.47601231932640076
ESP_RQ.EST,Spain,ESP,Regulatory Quality: Estimate,RQ.EST,2029,0.42641323804855347
ESP_RQ.EST,Spain,ESP,Regulatory Quality: Estimate,RQ.EST,2030,0.4079624116420746
EST_RQ.EST,Estonia,EST,Regulatory Quality: Estimate,RQ.EST,2024,1.4933345317840576
EST_RQ.EST,Estonia,EST,Regulatory Quality: Estimate,RQ.EST,2025,1.4546855688095093
EST_RQ.EST,Estonia,EST,Regulatory Quality: Estimate,RQ.EST,2026,1.4674568176269531
EST_RQ.EST,Estonia,EST,Regulatory Quality: Estimate,RQ.EST,2027,1.4582772254943848
EST_RQ.EST,Estonia,EST,Regulatory Quality: Estimate,RQ.EST,2028,1.4751473665237427
EST_RQ.EST,Estonia,EST,Regulatory Quality: Estimate,RQ.EST,2029,1.4765070676803589
EST_RQ.EST,Estonia,EST,Regulatory Quality: Estimate,RQ.EST,2030,1.491622805595398
FIN_RQ.EST,Finland,FIN,Regulatory Quality: Estimate,RQ.EST,2024,1.711033582687378
FIN_RQ.EST,Finland,FIN,Regulatory Quality: Estimate,RQ.EST,2025,1.712228775024414
FIN_RQ.EST,Finland,FIN,Regulatory Quality: Estimate,RQ.EST,2026,1.7316972017288208
FIN_RQ.EST,Finland,FIN,Regulatory Quality: Estimate,RQ.EST,2027,1.747595191001892
FIN_RQ.EST,Finland,FIN,Regulatory Quality: Estimate,RQ.EST,2028,1.750708818435669
FIN_RQ.EST,Finland,FIN,Regulatory Quality: Estimate,RQ.EST,2029,1.771058201789856
FIN_RQ.EST,Finland,FIN,Regulatory Quality: Estimate,RQ.EST,2030,1.7900218963623047
FRA_RQ.EST,France,FRA,Regulatory Quality: Estimate,RQ.EST,2024,1.1750668287277222
FRA_RQ.EST,France,FRA,Regulatory Quality: Estimate,RQ.EST,2025,1.17595636844635
FRA_RQ.EST,France,FRA,Regulatory Quality: Estimate,RQ.EST,2026,1.1859419345855713
FRA_RQ.EST,France,FRA,Regulatory Quality: Estimate,RQ.EST,2027,1.210415005683899
FRA_RQ.EST,France,FRA,Regulatory Quality: Estimate,RQ.EST,2028,1.193333625793457
FRA_RQ.EST,France,FRA,Regulatory Quality: Estimate,RQ.EST,2029,1.158194661140442
FRA_RQ.EST,France,FRA,Regulatory Quality: Estimate,RQ.EST,2030,1.14102041721344
GRC_RQ.EST,Greece,GRC,Regulatory Quality: Estimate,RQ.EST,2024,0.5232210755348206
GRC_RQ.EST,Greece,GRC,Regulatory Quality: Estimate,RQ.EST,2025,0.5494809746742249
GRC_RQ.EST,Greece,GRC,Regulatory Quality: Estimate,RQ.EST,2026,0.5084198117256165
GRC_RQ.EST,Greece,GRC,Regulatory Quality: Estimate,RQ.EST,2027,0.5495348572731018
GRC_RQ.EST,Greece,GRC,Regulatory Quality: Estimate,RQ.EST,2028,0.5267338752746582
GRC_RQ.EST,Greece,GRC,Regulatory Quality: Estimate,RQ.EST,2029,0.5625341534614563
GRC_RQ.EST,Greece,GRC,Regulatory Quality: Estimate,RQ.EST,2030,0.5477281808853149
HRV_RQ.EST,Croatia,HRV,Regulatory Quality: Estimate,RQ.EST,2024,0.5887389183044434
HRV_RQ.EST,Croatia,HRV,Regulatory Quality: Estimate,RQ.EST,2025,0.5728253126144409
HRV_RQ.EST,Croatia,HRV,Regulatory Quality: Estimate,RQ.EST,2026,0.5351866483688354
HRV_RQ.EST,Croatia,HRV,Regulatory Quality: Estimate,RQ.EST,2027,0.5268411040306091
HRV_RQ.EST,Croatia,HRV,Regulatory Quality: Estimate,RQ.EST,2028,0.5253368616104126
HRV_RQ.EST,Croatia,HRV,Regulatory Quality: Estimate,RQ.EST,2029,0.5770620107650757
HRV_RQ.EST,Croatia,HRV,Regulatory Quality: Estimate,RQ.EST,2030,0.5478203892707825
HUN_RQ.EST,Hungary,HUN,Regulatory Quality: Estimate,RQ.EST,2024,0.3730565905570984
HUN_RQ.EST,Hungary,HUN,Regulatory Quality: Estimate,RQ.EST,2025,0.3426377773284912
HUN_RQ.EST,Hungary,HUN,Regulatory Quality: Estimate,RQ.EST,2026,0.3663291931152344
HUN_RQ.EST,Hungary,HUN,Regulatory Quality: Estimate,RQ.EST,2027,0.39836835861206055
HUN_RQ.EST,Hungary,HUN,Regulatory Quality: Estimate,RQ.EST,2028,0.3794046640396118
HUN_RQ.EST,Hungary,HUN,Regulatory Quality: Estimate,RQ.EST,2029,0.38800060749053955
HUN_RQ.EST,Hungary,HUN,Regulatory Quality: Estimate,RQ.EST,2030,0.42075639963150024
IRL_RQ.EST,Ireland,IRL,Regulatory Quality: Estimate,RQ.EST,2024,1.7334473133087158
IRL_RQ.EST,Ireland,IRL,Regulatory Quality: Estimate,RQ.EST,2025,1.7002745866775513
IRL_RQ.EST,Ireland,IRL,Regulatory Quality: Estimate,RQ.EST,2026,1.7165277004241943
IRL_RQ.EST,Ireland,IRL,Regulatory Quality: Estimate,RQ.EST,2027,1.7454267740249634
IRL_RQ.EST,Ireland,IRL,Regulatory Quality: Estimate,RQ.EST,2028,1.740674376487732
IRL_RQ.EST,Ireland,IRL,Regulatory Quality: Estimate,RQ.EST,2029,1.748471736907959
IRL_RQ.EST,Ireland,IRL,Regulatory Quality: Estimate,RQ.EST,2030,1.7687532901763916
ITA_RQ.EST,Italy,ITA,Regulatory Quality: Estimate,RQ.EST,2024,0.6060874462127686
ITA_RQ.EST,Italy,ITA,Regulatory Quality: Estimate,RQ.EST,2025,0.575706958770752
ITA_RQ.EST,Italy,ITA,Regulatory Quality: Estimate,RQ.EST,2026,0.5528333783149719
ITA_RQ.EST,Italy,ITA,Regulatory Quality: Estimate,RQ.EST,2027,0.5411367416381836
ITA_RQ.EST,Italy,ITA,Regulatory Quality: Estimate,RQ.EST,2028,0.5722790360450745
ITA_RQ.EST,Italy,ITA,Regulatory Quality: Estimate,RQ.EST,2029,0.5899501442909241
ITA_RQ.EST,Italy,ITA,Regulatory Quality: Estimate,RQ.EST,2030,0.5638508200645447
LTU_RQ.EST,Lithuania,LTU,Regulatory Quality: Estimate,RQ.EST,2024,1.3169140815734863
LTU_RQ.EST,Lithuania,LTU,Regulatory Quality: Estimate,RQ.EST,2025,1.2424328327178955
LTU_RQ.EST,Lithuania,LTU,Regulatory Quality: Estimate,RQ.EST,2026,1.2130317687988281
LTU_RQ.EST,Lithuania,LTU,Regulatory Quality: Estimate,RQ.EST,2027,1.2101563215255737
LTU_RQ.EST,Lithuania,LTU,Regulatory Quality: Estimate,RQ.EST,2028,1.1749316453933716
LTU_RQ.EST,Lithuania,LTU,Regulatory Quality: Estimate,RQ.EST,2029,1.1556639671325684
LTU_RQ.EST,Lithuania,LTU,Regulatory Quality: Estimate,RQ.EST,2030,1.1463924646377563
LUX_RQ.EST,Luxembourg,LUX,Regulatory Quality: Estimate,RQ.EST,2024,1.7870646715164185
LUX_RQ.EST,Luxembourg,LUX,Regulatory Quality: Estimate,RQ.EST,2025,1.7619364261627197
LUX_RQ.EST,Luxembourg,LUX,Regulatory Quality: Estimate,RQ.EST,2026,1.6899387836456299
LUX_RQ.EST,Luxembourg,LUX,Regulatory Quality: Estimate,RQ.EST,2027,1.6932976245880127
LUX_RQ.EST,Luxembourg,LUX,Regulatory Quality: Estimate,RQ.EST,2028,1.723317265510559
LUX_RQ.EST,Luxembourg,LUX,Regulatory Quality: Estimate,RQ.EST,2029,1.7168446779251099
LUX_RQ.EST,Luxembourg,LUX,Regulatory Quality: Estimate,RQ.EST,2030,1.7445969581604004
LVA_RQ.EST,Latvia,LVA,Regulatory Quality: Estimate,RQ.EST,2024,1.1631213426589966
LVA_RQ.EST,Latvia,LVA,Regulatory Quality: Estimate,RQ.EST,2025,1.1671967506408691
LVA_RQ.EST,Latvia,LVA,Regulatory Quality: Estimate,RQ.EST,2026,1.1869947910308838
LVA_RQ.EST,Latvia,LVA,Regulatory Quality: Estimate,RQ.EST,2027,1.1854829788208008
LVA_RQ.EST,Latvia,LVA,Regulatory Quality: Estimate,RQ.EST,2028,1.1933680772781372
LVA_RQ.EST,Latvia,LVA,Regulatory Quality: Estimate,RQ.EST,2029,1.202578067779541
LVA_RQ.EST,Latvia,LVA,Regulatory Quality: Estimate,RQ.EST,2030,1.1943275928497314
MLT_RQ.EST,Malta,MLT,Regulatory Quality: Estimate,RQ.EST,2024,0.628019392490387
MLT_RQ.EST,Malta,MLT,Regulatory Quality: Estimate,RQ.EST,2025,0.6009132266044617
MLT_RQ.EST,Malta,MLT,Regulatory Quality: Estimate,RQ.EST,2026,0.5252259373664856
MLT_RQ.EST,Malta,MLT,Regulatory Quality: Estimate,RQ.EST,2027,0.5549061894416809
MLT_RQ.EST,Malta,MLT,Regulatory Quality: Estimate,RQ.EST,2028,0.5623714923858643
MLT_RQ.EST,Malta,MLT,Regulatory Quality: Estimate,RQ.EST,2029,0.5820503234863281
MLT_RQ.EST,Malta,MLT,Regulatory Quality: Estimate,RQ.EST,2030,0.5870807766914368
NLD_RQ.EST,Netherlands,NLD,Regulatory Quality: Estimate,RQ.EST,2024,1.8430638313293457
NLD_RQ.EST,Netherlands,NLD,Regulatory Quality: Estimate,RQ.EST,2025,1.8243030309677124
NLD_RQ.EST,Netherlands,NLD,Regulatory Quality: Estimate,RQ.EST,2026,1.7919809818267822
NLD_RQ.EST,Netherlands,NLD,Regulatory Quality: Estimate,RQ.EST,2027,1.7781156301498413
NLD_RQ.EST,Netherlands,NLD,Regulatory Quality: Estimate,RQ.EST,2028,1.7171827554702759
NLD_RQ.EST,Netherlands,NLD,Regulatory Quality: Estimate,RQ.EST,2029,1.7365596294403076
NLD_RQ.EST,Netherlands,NLD,Regulatory Quality: Estimate,RQ.EST,2030,1.7141128778457642
POL_RQ.EST,Poland,POL,Regulatory Quality: Estimate,RQ.EST,2024,0.7377975583076477
POL_RQ.EST,Poland,POL,Regulatory Quality: Estimate,RQ.EST,2025,0.6961948275566101
POL_RQ.EST,Poland,POL,Regulatory Quality: Estimate,RQ.EST,2026,0.6803240180015564
POL_RQ.EST,Poland,POL,Regulatory Quality: Estimate,RQ.EST,2027,0.6226514577865601
POL_RQ.EST,Poland,POL,Regulatory Quality: Estimate,RQ.EST,2028,0.6245940327644348
POL_RQ.EST,Poland,POL,Regulatory Quality: Estimate,RQ.EST,2029,0.5954528450965881
POL_RQ.EST,Poland,POL,Regulatory Quality: Estimate,RQ.EST,2030,0.5862117409706116
PRT_RQ.EST,Portugal,PRT,Regulatory Quality: Estimate,RQ.EST,2024,0.729304850101471
PRT_RQ.EST,Portugal,PRT,Regulatory Quality: Estimate,RQ.EST,2025,0.722898006439209
PRT_RQ.EST,Portugal,PRT,Regulatory Quality: Estimate,RQ.EST,2026,0.7289604544639587
PRT_RQ.EST,Portugal,PRT,Regulatory Quality: Estimate,RQ.EST,2027,0.7429138422012329
PRT_RQ.EST,Portugal,PRT,Regulatory Quality: Estimate,RQ.EST,2028,0.7215338945388794
PRT_RQ.EST,Portugal,PRT,Regulatory Quality: Estimate,RQ.EST,2029,0.7153681516647339
PRT_RQ.EST,Portugal,PRT,Regulatory Quality: Estimate,RQ.EST,2030,0.7315658926963806
ROU_RQ.EST,Romania,ROU,Regulatory Quality: Estimate,RQ.EST,2024,0.36869940161705017
ROU_RQ.EST,Romania,ROU,Regulatory Quality: Estimate,RQ.EST,2025,0.3688497245311737
ROU_RQ.EST,Romania,ROU,Regulatory Quality: Estimate,RQ.EST,2026,0.3774016797542572
ROU_RQ.EST,Romania,ROU,Regulatory Quality: Estimate,RQ.EST,2027,0.41869282722473145
ROU_RQ.EST,Romania,ROU,Regulatory Quality: Estimate,RQ.EST,2028,0.39850738644599915
ROU_RQ.EST,Romania,ROU,Regulatory Quality: Estimate,RQ.EST,2029,0.38280996680259705
ROU_RQ.EST,Romania,ROU,Regulatory Quality: Estimate,RQ.EST,2030,0.37574517726898193
SVK_RQ.EST,Slovak Republic,SVK,Regulatory Quality: Estimate,RQ.EST,2024,0.5817217230796814
SVK_RQ.EST,Slovak Republic,SVK,Regulatory Quality: Estimate,RQ.EST,2025,0.5317665338516235
SVK_RQ.EST,Slovak Republic,SVK,Regulatory Quality: Estimate,RQ.EST,2026,0.5082183480262756
SVK_RQ.EST,Slovak Republic,SVK,Regulatory Quality: Estimate,RQ.EST,2027,0.5077199339866638
SVK_RQ.EST,Slovak Republic,SVK,Regulatory Quality: Estimate,RQ.EST,2028,0.5793079137802124
SVK_RQ.EST,Slovak Republic,SVK,Regulatory Quality: Estimate,RQ.EST,2029,0.5673782229423523
SVK_RQ.EST,Slovak Republic,SVK,Regulatory Quality: Estimate,RQ.EST,2030,0.5803850293159485
SVN_RQ.EST,Slovenia,SVN,Regulatory Quality: Estimate,RQ.EST,2024,0.7091424465179443
SVN_RQ.EST,Slovenia,SVN,Regulatory Quality: Estimate,RQ.EST,2025,0.6736333966255188
SVN_RQ.EST,Slovenia,SVN,Regulatory Quality: Estimate,RQ.EST,2026,0.6445024013519287
SVN_RQ.EST,Slovenia,SVN,Regulatory Quality: Estimate,RQ.EST,2027,0.6156512498855591
SVN_RQ.EST,Slovenia,SVN,Regulatory Quality: Estimate,RQ.EST,2028,0.5566260814666748
SVN_RQ.EST,Slovenia,SVN,Regulatory Quality: Estimate,RQ.EST,2029,0.5440093874931335
SVN_RQ.EST,Slovenia,SVN,Regulatory Quality: Estimate,RQ.EST,2030,0.5398252606391907
SWE_RQ.EST,Sweden,SWE,Regulatory Quality: Estimate,RQ.EST,2024,1.6821454763412476
SWE_RQ.EST,Sweden,SWE,Regulatory Quality: Estimate,RQ.EST,2025,1.7271101474761963
SWE_RQ.EST,Sweden,SWE,Regulatory Quality: Estimate,RQ.EST,2026,1.6597201824188232
SWE_RQ.EST,Sweden,SWE,Regulatory Quality: Estimate,RQ.EST,2027,1.7281293869018555
SWE_RQ.EST,Sweden,SWE,Regulatory Quality: Estimate,RQ.EST,2028,1.6861391067504883
SWE_RQ.EST,Sweden,SWE,Regulatory Quality: Estimate,RQ.EST,2029,1.7013124227523804
SWE_RQ.EST,Sweden,SWE,Regulatory Quality: Estimate,RQ.EST,2030,1.6871707439422607
