series_id,Country Name,Country Code,Indicator Name,Indicator Code,year,pred_xgb
AUT_IP.JRN.ARTC.SC,Austria,AUT,Scientific and technical journal articles,IP.JRN.ARTC.SC,2024,14445.0869140625
AUT_IP.JRN.ARTC.SC,Austria,AUT,Scientific and technical journal articles,IP.JRN.ARTC.SC,2025,14271.208984375
AUT_IP.JRN.ARTC.SC,Austria,AUT,Scientific and technical journal articles,IP.JRN.ARTC.SC,2026,14327.021484375
AUT_IP.JRN.ARTC.SC,Austria,AUT,Scientific and technical journal articles,IP.JRN.ARTC.SC,2027,14309.830078125
AUT_IP.JRN.ARTC.SC,Austria,AUT,Scientific and technical journal articles,IP.JRN.ARTC.SC,2028,14288.9736328125
AUT_IP.JRN.ARTC.SC,Austria,AUT,Scientific and technical journal articles,IP.JRN.ARTC.SC,2029,14288.9736328125
AUT_IP.JRN.ARTC.SC,Austria,AUT,Scientific and technical journal articles,IP.JRN.ARTC.SC,2030,14288.9736328125
BEL_IP.JRN.ARTC.SC,Belgium,BEL,Scientific and technical journal articles,IP.JRN.ARTC.SC,2024,17630.896484375
BEL_IP.JRN.ARTC.SC,Belgium,BEL,Scientific and technical journal articles,IP.JRN.ARTC.SC,2025,17571.966796875
BEL_IP.JRN.ARTC.SC,Belgium,BEL,Scientific and technical journal articles,IP.JRN.ARTC.SC,2026,17576.365234375
BEL_IP.JRN.ARTC.SC,Belgium,BEL,Scientific and technical journal articles,IP.JRN.ARTC.SC,2027,17571.966796875
BEL_IP.JRN.ARTC.SC,Belgium,BEL,Scientific and technical journal articles,IP.JRN.ARTC.SC,2028,17571.966796875
BEL_IP.JRN.ARTC.SC,Belgium,BEL,Scientific and technical journal articles,IP.JRN.ARTC.SC,2029,17571.966796875
BEL_IP.JRN.ARTC.SC,Belgium,BEL,Scientific and technical journal articles,IP.JRN.ARTC.SC,2030,17571.966796875
BGR_IP.JRN.ARTC.SC,Bulgaria,BGR,Scientific and technical journal articles,IP.JRN.ARTC.SC,2024,4787.2607421875
BGR_IP.JRN.ARTC.SC,Bulgaria,BGR,Scientific and technical journal articles,IP.JRN.ARTC.SC,2025,4790.1083984375
BGR_IP.JRN.ARTC.SC,Bulgaria,BGR,Scientific and technical journal articles,IP.JRN.ARTC.SC,2026,4790.1083984375
BGR_IP.JRN.ARTC.SC,Bulgaria,BGR,Scientific and technical journal articles,IP.JRN.ARTC.SC,2027,4790.1083984375
BGR_IP.JRN.ARTC.SC,Bulgaria,BGR,Scientific and technical journal articles,IP.JRN.ARTC.SC,2028,4790.1083984375
BGR_IP.JRN.ARTC.SC,Bulgaria,BGR,Scientific and technical journal articles,IP.JRN.ARTC.SC,2029,4790.1083984375
BGR_IP.JRN.ARTC.SC,Bulgaria,BGR,Scientific and technical journal articles,IP.JRN.ARTC.SC,2030,4790.1083984375
CYP_IP.JRN.ARTC.SC,Cyprus,CYP,Scientific and technical journal articles,IP.JRN.ARTC.SC,2024,1784.8240966796875
CYP_IP.JRN.ARTC.SC,Cyprus,CYP,Scientific and technical journal articles,IP.JRN.ARTC.SC,2025,1872.03173828125
CYP_IP.JRN.ARTC.SC,Cyprus,CYP,Scientific and technical journal articles,IP.JRN.ARTC.SC,2026,1872.03173828125
CYP_IP.JRN.ARTC.SC,Cyprus,CYP,Scientific and technical journal articles,IP.JRN.ARTC.SC,2027,1757.13330078125
CYP_IP.JRN.ARTC.SC,Cyprus,CYP,Scientific and technical journal articles,IP.JRN.ARTC.SC,2028,1916.739501953125
CYP_IP.JRN.ARTC.SC,Cyprus,CYP,Scientific and technical journal articles,IP.JRN.ARTC.SC,2029,1897.08984375
CYP_IP.JRN.ARTC.SC,Cyprus,CYP,Scientific and technical journal articles,IP.JRN.ARTC.SC,2030,1784.8240966796875
CZE_IP.JRN.ARTC.SC,Czechia,CZE,Scientific and technical journal articles,IP.JRN.ARTC.SC,2024,14223.96484375
CZE_IP.JRN.ARTC.SC,Czechia,CZE,Scientific and technical journal articles,IP.JRN.ARTC.SC,2025,14319.3427734375
CZE_IP.JRN.ARTC.SC,Czechia,CZE,Scientific and technical journal articles,IP.JRN.ARTC.SC,2026,14321.5244140625
CZE_IP.JRN.ARTC.SC,Czechia,CZE,Scientific and technical journal articles,IP.JRN.ARTC.SC,2027,14314.349609375
CZE_IP.JRN.ARTC.SC,Czechia,CZE,Scientific and technical journal articles,IP.JRN.ARTC.SC,2028,14288.9736328125
CZE_IP.JRN.ARTC.SC,Czechia,CZE,Scientific and technical journal articles,IP.JRN.ARTC.SC,2029,14288.9736328125
CZE_IP.JRN.ARTC.SC,Czechia,CZE,Scientific and technical journal articles,IP.JRN.ARTC.SC,2030,14288.9736328125
DEU_IP.JRN.ARTC.SC,Germany,DEU,Scientific and technical journal articles,IP.JRN.ARTC.SC,2024,113524.4921875
DEU_IP.JRN.ARTC.SC,Germany,DEU,Scientific and technical journal articles,IP.JRN.ARTC.SC,2025,114392.703125
DEU_IP.JRN.ARTC.SC,Germany,DEU,Scientific and technical journal articles,IP.JRN.ARTC.SC,2026,113916.0625
DEU_IP.JRN.ARTC.SC,Germany,DEU,Scientific and technical journal articles,IP.JRN.ARTC.SC,2027,114445.03125
DEU_IP.JRN.ARTC.SC,Germany,DEU,Scientific and technical journal articles,IP.JRN.ARTC.SC,2028,113924.2578125
DEU_IP.JRN.ARTC.SC,Germany,DEU,Scientific and technical journal articles,IP.JRN.ARTC.SC,2029,114422.4296875
DEU_IP.JRN.ARTC.SC,Germany,DEU,Scientific and technical journal articles,IP.JRN.ARTC.SC,2030,113910.8515625
DNK_IP.JRN.ARTC.SC,Denmark,DNK,Scientific and technical journal articles,IP.JRN.ARTC.SC,2024,15666.7734375
DNK_IP.JRN.ARTC.SC,Denmark,DNK,Scientific and technical journal articles,IP.JRN.ARTC.SC,2025,15666.458984375
DNK_IP.JRN.ARTC.SC,Denmark,DNK,Scientific and technical journal articles,IP.JRN.ARTC.SC,2026,15546.7548828125
DNK_IP.JRN.ARTC.SC,Denmark,DNK,Scientific and technical journal articles,IP.JRN.ARTC.SC,2027,15517.212890625
DNK_IP.JRN.ARTC.SC,Denmark,DNK,Scientific and technical journal articles,IP.JRN.ARTC.SC,2028,15500.1953125
DNK_IP.JRN.ARTC.SC,Denmark,DNK,Scientific and technical journal articles,IP.JRN.ARTC.SC,2029,15467.2470703125
DNK_IP.JRN.ARTC.SC,Denmark,DNK,Scientific and technical journal articles,IP.JRN.ARTC.SC,2030,15471.6455078125
ESP_IP.JRN.ARTC.SC,Spain,ESP,Scientific and technical journal articles,IP.JRN.ARTC.SC,2024,66685.671875
ESP_IP.JRN.ARTC.SC,Spain,ESP,Scientific and technical journal articles,IP.JRN.ARTC.SC,2025,65882.25
ESP_IP.JRN.ARTC.SC,Spain,ESP,Scientific and technical journal articles,IP.JRN.ARTC.SC,2026,65784.7109375
ESP_IP.JRN.ARTC.SC,Spain,ESP,Scientific and technical journal articles,IP.JRN.ARTC.SC,2027,65978.5859375
ESP_IP.JRN.ARTC.SC,Spain,ESP,Scientific and technical journal articles,IP.JRN.ARTC.SC,2028,65992.2265625
ESP_IP.JRN.ARTC.SC,Spain,ESP,Scientific and technical journal articles,IP.JRN.ARTC.SC,2029,66002.34375
ESP_IP.JRN.ARTC.SC,Spain,ESP,Scientific and technical journal articles,IP.JRN.ARTC.SC,2030,65957.7890625
EST_IP.JRN.ARTC.SC,Estonia,EST,Scientific and technical journal articles,IP.JRN.ARTC.SC,2024,1866.775634765625
EST_IP.JRN.ARTC.SC,Estonia,EST,Scientific and technical journal articles,IP.JRN.ARTC.SC,2025,1866.775634765625
EST_IP.JRN.ARTC.SC,Estonia,EST,Scientific and technical journal articles,IP.JRN.ARTC.SC,2026,1866.775634765625
EST_IP.JRN.ARTC.SC,Estonia,EST,Scientific and technical journal articles,IP.JRN.ARTC.SC,2027,1866.775634765625
EST_IP.JRN.ARTC.SC,Estonia,EST,Scientific and technical journal articles,IP.JRN.ARTC.SC,2028,1866.775634765625
EST_IP.JRN.ARTC.SC,Estonia,EST,Scientific and technical journal articles,IP.JRN.ARTC.SC,2029,1866.775634765625
EST_IP.JRN.ARTC.SC,Estonia,EST,Scientific and technical journal articles,IP.JRN.ARTC.SC,2030,1866.775634765625
FIN_IP.JRN.ARTC.SC,Finland,FIN,Scientific and technical journal articles,IP.JRN.ARTC.SC,2024,11834.890625
FIN_IP.JRN.ARTC.SC,Finland,FIN,Scientific and technical journal articles,IP.JRN.ARTC.SC,2025,11749.5224609375
FIN_IP.JRN.ARTC.SC,Finland,FIN,Scientific and technical journal articles,IP.JRN.ARTC.SC,2026,11628.09375
FIN_IP.JRN.ARTC.SC,Finland,FIN,Scientific and technical journal articles,IP.JRN.ARTC.SC,2027,11621.9599609375
FIN_IP.JRN.ARTC.SC,Finland,FIN,Scientific and technical journal articles,IP.JRN.ARTC.SC,2028,11585.7607421875
FIN_IP.JRN.ARTC.SC,Finland,FIN,Scientific and technical journal articles,IP.JRN.ARTC.SC,2029,11557.2109375
FIN_IP.JRN.ARTC.SC,Finland,FIN,Scientific and technical journal articles,IP.JRN.ARTC.SC,2030,11557.2109375
FRA_IP.JRN.ARTC.SC,France,FRA,Scientific and technical journal articles,IP.JRN.ARTC.SC,2024,66205.6015625
FRA_IP.JRN.ARTC.SC,France,FRA,Scientific and technical journal articles,IP.JRN.ARTC.SC,2025,66291.5546875
FRA_IP.JRN.ARTC.SC,France,FRA,Scientific and technical journal articles,IP.JRN.ARTC.SC,2026,66017.2265625
FRA_IP.JRN.ARTC.SC,France,FRA,Scientific and technical journal articles,IP.JRN.ARTC.SC,2027,65849.5390625
FRA_IP.JRN.ARTC.SC,France,FRA,Scientific and technical journal articles,IP.JRN.ARTC.SC,2028,65855.6640625
FRA_IP.JRN.ARTC.SC,France,FRA,Scientific and technical journal articles,IP.JRN.ARTC.SC,2029,65983.1640625
FRA_IP.JRN.ARTC.SC,France,FRA,Scientific and technical journal articles,IP.JRN.ARTC.SC,2030,65980.53125
GRC_IP.JRN.ARTC.SC,Greece,GRC,Scientific and technical journal articles,IP.JRN.ARTC.SC,2024,15116.6796875
GRC_IP.JRN.ARTC.SC,Greece,GRC,Scientific and technical journal articles,IP.JRN.ARTC.SC,2025,15205.0029296875
GRC_IP.JRN.ARTC.SC,Greece,GRC,Scientific and technical journal articles,IP.JRN.ARTC.SC,2026,15210.259765625
GRC_IP.JRN.ARTC.SC,Greece,GRC,Scientific and technical journal articles,IP.JRN.ARTC.SC,2027,15210.259765625
GRC_IP.JRN.ARTC.SC,Greece,GRC,Scientific and technical journal articles,IP.JRN.ARTC.SC,2028,15205.0029296875
GRC_IP.JRN.ARTC.SC,Greece,GRC,Scientific and technical journal articles,IP.JRN.ARTC.SC,2029,15205.0029296875
GRC_IP.JRN.ARTC.SC,Greece,GRC,Scientific and technical journal articles,IP.JRN.ARTC.SC,2030,15205.0029296875
HRV_IP.JRN.ARTC.SC,Croatia,HRV,Scientific and technical journal articles,IP.JRN.ARTC.SC,2024,5491.00537109375
HRV_IP.JRN.ARTC.SC,Croatia,HRV,Scientific and technical journal articles,IP.JRN.ARTC.SC,2025,5545.0673828125
HRV_IP.JRN.ARTC.SC,Croatia,HRV,Scientific and technical journal articles,IP.JRN.ARTC.SC,2026,5545.982421875
HRV_IP.JRN.ARTC.SC,Croatia,HRV,Scientific and technical journal articles,IP.JRN.ARTC.SC,2027,5493.85302734375
HRV_IP.JRN.ARTC.SC,Croatia,HRV,Scientific and technical journal articles,IP.JRN.ARTC.SC,2028,5498.251953125
HRV_IP.JRN.ARTC.SC,Croatia,HRV,Scientific and technical journal articles,IP.JRN.ARTC.SC,2029,5493.85302734375
HRV_IP.JRN.ARTC.SC,Croatia,HRV,Scientific and technical journal articles,IP.JRN.ARTC.SC,2030,5493.85302734375
HUN_IP.JRN.ARTC.SC,Hungary,HUN,Scientific and technical journal articles,IP.JRN.ARTC.SC,2024,9010.490234375
HUN_IP.JRN.ARTC.SC,Hungary,HUN,Scientific and technical journal articles,IP.JRN.ARTC.SC,2025,8980.4794921875
HUN_IP.JRN.ARTC.SC,Hungary,HUN,Scientific and technical journal articles,IP.JRN.ARTC.SC,2026,8983.1123046875
HUN_IP.JRN.ARTC.SC,Hungary,HUN,Scientific and technical journal articles,IP.JRN.ARTC.SC,2027,8930.982421875
HUN_IP.JRN.ARTC.SC,Hungary,HUN,Scientific and technical journal articles,IP.JRN.ARTC.SC,2028,8935.380859375
HUN_IP.JRN.ARTC.SC,Hungary,HUN,Scientific and technical journal articles,IP.JRN.ARTC.SC,2029,8930.982421875
HUN_IP.JRN.ARTC.SC,Hungary,HUN,Scientific and technical journal articles,IP.JRN.ARTC.SC,2030,8930.982421875
IRL_IP.JRN.ARTC.SC,Ireland,IRL,Scientific and technical journal articles,IP.JRN.ARTC.SC,2024,9471.662109375
IRL_IP.JRN.ARTC.SC,Ireland,IRL,Scientific and technical journal articles,IP.JRN.ARTC.SC,2025,9483.943359375
IRL_IP.JRN.ARTC.SC,Ireland,IRL,Scientific and technical journal articles,IP.JRN.ARTC.SC,2026,9496.427734375
IRL_IP.JRN.ARTC.SC,Ireland,IRL,Scientific and technical journal articles,IP.JRN.ARTC.SC,2027,9428.3310546875
IRL_IP.JRN.ARTC.SC,Ireland,IRL,Scientific and technical journal articles,IP.JRN.ARTC.SC,2028,9429.8818359375
IRL_IP.JRN.ARTC.SC,Ireland,IRL,Scientific and technical journal articles,IP.JRN.ARTC.SC,2029,9425.4833984375
IRL_IP.JRN.ARTC.SC,Ireland,IRL,Scientific and technical journal articles,IP.JRN.ARTC.SC,2030,9428.3310546875
ITA_IP.JRN.ARTC.SC,Italy,ITA,Scientific and technical journal articles,IP.JRN.ARTC.SC,2024,92801.015625
ITA_IP.JRN.ARTC.SC,Italy,ITA,Scientific and technical journal articles,IP.JRN.ARTC.SC,2025,92653.7265625
ITA_IP.JRN.ARTC.SC,Italy,ITA,Scientific and technical journal articles,IP.JRN.ARTC.SC,2026,92490.4296875
ITA_IP.JRN.ARTC.SC,Italy,ITA,Scientific and technical journal articles,IP.JRN.ARTC.SC,2027,92559.296875
ITA_IP.JRN.ARTC.SC,Italy,ITA,Scientific and technical journal articles,IP.JRN.ARTC.SC,2028,92861.125
ITA_IP.JRN.ARTC.SC,Italy,ITA,Scientific and technical journal articles,IP.JRN.ARTC.SC,2029,93156.4609375
ITA_IP.JRN.ARTC.SC,Italy,ITA,Scientific and technical journal articles,IP.JRN.ARTC.SC,2030,93143.0546875
LTU_IP.JRN.ARTC.SC,Lithuania,LTU,Scientific and technical journal articles,IP.JRN.ARTC.SC,2024,3181.442626953125
LTU_IP.JRN.ARTC.SC,Lithuania,LTU,Scientific and technical journal articles,IP.JRN.ARTC.SC,2025,3181.442626953125
LTU_IP.JRN.ARTC.SC,Lithuania,LTU,Scientific and technical journal articles,IP.JRN.ARTC.SC,2026,3181.442626953125
LTU_IP.JRN.ARTC.SC,Lithuania,LTU,Scientific and technical journal articles,IP.JRN.ARTC.SC,2027,3181.442626953125
LTU_IP.JRN.ARTC.SC,Lithuania,LTU,Scientific and technical journal articles,IP.JRN.ARTC.SC,2028,3181.442626953125
LTU_IP.JRN.ARTC.SC,Lithuania,LTU,Scientific and technical journal articles,IP.JRN.ARTC.SC,2029,3181.442626953125
LTU_IP.JRN.ARTC.SC,Lithuania,LTU,Scientific and technical journal articles,IP.JRN.ARTC.SC,2030,3181.442626953125
LUX_IP.JRN.ARTC.SC,Luxembourg,LUX,Scientific and technical journal articles,IP.JRN.ARTC.SC,2024,1170.2437744140625
LUX_IP.JRN.ARTC.SC,Luxembourg,LUX,Scientific and technical journal articles,IP.JRN.ARTC.SC,2025,1164.9876708984375
LUX_IP.JRN.ARTC.SC,Luxembourg,LUX,Scientific and technical journal articles,IP.JRN.ARTC.SC,2026,1164.9876708984375
LUX_IP.JRN.ARTC.SC,Luxembourg,LUX,Scientific and technical journal articles,IP.JRN.ARTC.SC,2027,1164.9876708984375
LUX_IP.JRN.ARTC.SC,Luxembourg,LUX,Scientific and technical journal articles,IP.JRN.ARTC.SC,2028,1164.9876708984375
LUX_IP.JRN.ARTC.SC,Luxembourg,LUX,Scientific and technical journal articles,IP.JRN.ARTC.SC,2029,1164.9876708984375
LUX_IP.JRN.ARTC.SC,Luxembourg,LUX,Scientific and technical journal articles,IP.JRN.ARTC.SC,2030,1164.9876708984375
LVA_IP.JRN.ARTC.SC,Latvia,LVA,Scientific and technical journal articles,IP.JRN.ARTC.SC,2024,1793.17529296875
LVA_IP.JRN.ARTC.SC,Latvia,LVA,Scientific and technical journal articles,IP.JRN.ARTC.SC,2025,1731.1348876953125
LVA_IP.JRN.ARTC.SC,Latvia,LVA,Scientific and technical journal articles,IP.JRN.ARTC.SC,2026,1757.13330078125
LVA_IP.JRN.ARTC.SC,Latvia,LVA,Scientific and technical journal articles,IP.JRN.ARTC.SC,2027,1748.818603515625
LVA_IP.JRN.ARTC.SC,Latvia,LVA,Scientific and technical journal articles,IP.JRN.ARTC.SC,2028,1751.877197265625
LVA_IP.JRN.ARTC.SC,Latvia,LVA,Scientific and technical journal articles,IP.JRN.ARTC.SC,2029,1751.877197265625
LVA_IP.JRN.ARTC.SC,Latvia,LVA,Scientific and technical journal articles,IP.JRN.ARTC.SC,2030,1751.877197265625
MLT_IP.JRN.ARTC.SC,Malta,MLT,Scientific and technical journal articles,IP.JRN.ARTC.SC,2024,505.85626220703125
MLT_IP.JRN.ARTC.SC,Malta,MLT,Scientific and technical journal articles,IP.JRN.ARTC.SC,2025,478.01824951171875
MLT_IP.JRN.ARTC.SC,Malta,MLT,Scientific and technical journal articles,IP.JRN.ARTC.SC,2026,436.0016784667969
MLT_IP.JRN.ARTC.SC,Malta,MLT,Scientific and technical journal articles,IP.JRN.ARTC.SC,2027,356.8258972167969
MLT_IP.JRN.ARTC.SC,Malta,MLT,Scientific and technical journal articles,IP.JRN.ARTC.SC,2028,373.1943054199219
MLT_IP.JRN.ARTC.SC,Malta,MLT,Scientific and technical journal articles,IP.JRN.ARTC.SC,2029,275.9350280761719
MLT_IP.JRN.ARTC.SC,Malta,MLT,Scientific and technical journal articles,IP.JRN.ARTC.SC,2030,223.02841186523438
NLD_IP.JRN.ARTC.SC,Netherlands,NLD,Scientific and technical journal articles,IP.JRN.ARTC.SC,2024,33567.671875
NLD_IP.JRN.ARTC.SC,Netherlands,NLD,Scientific and technical journal articles,IP.JRN.ARTC.SC,2025,33206.21875
NLD_IP.JRN.ARTC.SC,Netherlands,NLD,Scientific and technical journal articles,IP.JRN.ARTC.SC,2026,33073.86328125
NLD_IP.JRN.ARTC.SC,Netherlands,NLD,Scientific and technical journal articles,IP.JRN.ARTC.SC,2027,33170.83203125
NLD_IP.JRN.ARTC.SC,Netherlands,NLD,Scientific and technical journal articles,IP.JRN.ARTC.SC,2028,33119.75
NLD_IP.JRN.ARTC.SC,Netherlands,NLD,Scientific and technical journal articles,IP.JRN.ARTC.SC,2029,33099.63671875
NLD_IP.JRN.ARTC.SC,Netherlands,NLD,Scientific and technical journal articles,IP.JRN.ARTC.SC,2030,33091.53125
POL_IP.JRN.ARTC.SC,Poland,POL,Scientific and technical journal articles,IP.JRN.ARTC.SC,2024,36560.1953125
POL_IP.JRN.ARTC.SC,Poland,POL,Scientific and technical journal articles,IP.JRN.ARTC.SC,2025,36450.5
POL_IP.JRN.ARTC.SC,Poland,POL,Scientific and technical journal articles,IP.JRN.ARTC.SC,2026,36412.17578125
POL_IP.JRN.ARTC.SC,Poland,POL,Scientific and technical journal articles,IP.JRN.ARTC.SC,2027,36423.78125
POL_IP.JRN.ARTC.SC,Poland,POL,Scientific and technical journal articles,IP.JRN.ARTC.SC,2028,36971.19921875
POL_IP.JRN.ARTC.SC,Poland,POL,Scientific and technical journal articles,IP.JRN.ARTC.SC,2029,36984.2109375
POL_IP.JRN.ARTC.SC,Poland,POL,Scientific and technical journal articles,IP.JRN.ARTC.SC,2030,37008.13671875
PRT_IP.JRN.ARTC.SC,Portugal,PRT,Scientific and technical journal articles,IP.JRN.ARTC.SC,2024,19497.66796875
PRT_IP.JRN.ARTC.SC,Portugal,PRT,Scientific and technical journal articles,IP.JRN.ARTC.SC,2025,19547.634765625
PRT_IP.JRN.ARTC.SC,Portugal,PRT,Scientific and technical journal articles,IP.JRN.ARTC.SC,2026,19530.619140625
PRT_IP.JRN.ARTC.SC,Portugal,PRT,Scientific and technical journal articles,IP.JRN.ARTC.SC,2027,19497.66796875
PRT_IP.JRN.ARTC.SC,Portugal,PRT,Scientific and technical journal articles,IP.JRN.ARTC.SC,2028,19502.06640625
PRT_IP.JRN.ARTC.SC,Portugal,PRT,Scientific and technical journal articles,IP.JRN.ARTC.SC,2029,19497.66796875
PRT_IP.JRN.ARTC.SC,Portugal,PRT,Scientific and technical journal articles,IP.JRN.ARTC.SC,2030,19497.66796875
ROU_IP.JRN.ARTC.SC,Romania,ROU,Scientific and technical journal articles,IP.JRN.ARTC.SC,2024,11636.86328125
ROU_IP.JRN.ARTC.SC,Romania,ROU,Scientific and technical journal articles,IP.JRN.ARTC.SC,2025,11557.2109375
ROU_IP.JRN.ARTC.SC,Romania,ROU,Scientific and technical journal articles,IP.JRN.ARTC.SC,2026,11578.1884765625
ROU_IP.JRN.ARTC.SC,Romania,ROU,Scientific and technical journal articles,IP.JRN.ARTC.SC,2027,11549.96484375
ROU_IP.JRN.ARTC.SC,Romania,ROU,Scientific and technical journal articles,IP.JRN.ARTC.SC,2028,11557.2109375
ROU_IP.JRN.ARTC.SC,Romania,ROU,Scientific and technical journal articles,IP.JRN.ARTC.SC,2029,11552.8125
ROU_IP.JRN.ARTC.SC,Romania,ROU,Scientific and technical journal articles,IP.JRN.ARTC.SC,2030,11552.8125
SVK_IP.JRN.ARTC.SC,Slovak Republic,SVK,Scientific and technical journal articles,IP.JRN.ARTC.SC,2024,5573.359375
SVK_IP.JRN.ARTC.SC,Slovak Republic,SVK,Scientific and technical journal articles,IP.JRN.ARTC.SC,2025,5543.349609375
SVK_IP.JRN.ARTC.SC,Slovak Republic,SVK,Scientific and technical journal articles,IP.JRN.ARTC.SC,2026,5538.4951171875
SVK_IP.JRN.ARTC.SC,Slovak Republic,SVK,Scientific and technical journal articles,IP.JRN.ARTC.SC,2027,5493.85302734375
SVK_IP.JRN.ARTC.SC,Slovak Republic,SVK,Scientific and technical journal articles,IP.JRN.ARTC.SC,2028,5498.251953125
SVK_IP.JRN.ARTC.SC,Slovak Republic,SVK,Scientific and technical journal articles,IP.JRN.ARTC.SC,2029,5493.85302734375
SVK_IP.JRN.ARTC.SC,Slovak Republic,SVK,Scientific and technical journal articles,IP.JRN.ARTC.SC,2030,5493.85302734375
SVN_IP.JRN.ARTC.SC,Slovenia,SVN,Scientific and technical journal articles,IP.JRN.ARTC.SC,2024,4161.27880859375
SVN_IP.JRN.ARTC.SC,Slovenia,SVN,Scientific and technical journal articles,IP.JRN.ARTC.SC,2025,4087.0283203125
SVN_IP.JRN.ARTC.SC,Slovenia,SVN,Scientific and technical journal articles,IP.JRN.ARTC.SC,2026,4087.0283203125
SVN_IP.JRN.ARTC.SC,Slovenia,SVN,Scientific and technical journal articles,IP.JRN.ARTC.SC,2027,4078.926025390625
SVN_IP.JRN.ARTC.SC,Slovenia,SVN,Scientific and technical journal articles,IP.JRN.ARTC.SC,2028,4081.7734375
SVN_IP.JRN.ARTC.SC,Slovenia,SVN,Scientific and technical journal articles,IP.JRN.ARTC.SC,2029,4081.7734375
SVN_IP.JRN.ARTC.SC,Slovenia,SVN,Scientific and technical journal articles,IP.JRN.ARTC.SC,2030,4081.7734375
SWE_IP.JRN.ARTC.SC,Sweden,SWE,Scientific and technical journal articles,IP.JRN.ARTC.SC,2024,22185.970703125
SWE_IP.JRN.ARTC.SC,Sweden,SWE,Scientific and technical journal articles,IP.JRN.ARTC.SC,2025,22141.435546875
SWE_IP.JRN.ARTC.SC,Sweden,SWE,Scientific and technical journal articles,IP.JRN.ARTC.SC,2026,22158.59375
SWE_IP.JRN.ARTC.SC,Sweden,SWE,Scientific and technical journal articles,IP.JRN.ARTC.SC,2027,22106.4609375
SWE_IP.JRN.ARTC.SC,Sweden,SWE,Scientific and technical journal articles,IP.JRN.ARTC.SC,2028,22110.859375
SWE_IP.JRN.ARTC.SC,Sweden,SWE,Scientific and technical journal articles,IP.JRN.ARTC.SC,2029,22106.4609375
SWE_IP.JRN.ARTC.SC,Sweden,SWE,Scientific and technical journal articles,IP.JRN.ARTC.SC,2030,22106.4609375
