series_id,Country Name,Country Code,Indicator Name,Indicator Code,year,pred_xgb
AUT_SL.TLF.CACT.FM.ZS,Austria,AUT,Ratio of female to male labor force participation rate (%) (modeled ILO estimate),SL.TLF.CACT.FM.ZS,2024,84.29397583007812
AUT_SL.TLF.CACT.FM.ZS,Austria,AUT,Ratio of female to male labor force participation rate (%) (modeled ILO estimate),SL.TLF.CACT.FM.ZS,2025,84.28418731689453
AUT_SL.TLF.CACT.FM.ZS,Austria,AUT,Ratio of female to male labor force participation rate (%) (modeled ILO estimate),SL.TLF.CACT.FM.ZS,2026,84.37220001220703
AUT_SL.TLF.CACT.FM.ZS,Austria,AUT,Ratio of female to male labor force participation rate (%) (modeled ILO estimate),SL.TLF.CACT.FM.ZS,2027,84.46853637695312
AUT_SL.TLF.CACT.FM.ZS,Austria,AUT,Ratio of female to male labor force participation rate (%) (modeled ILO estimate),SL.TLF.CACT.FM.ZS,2028,84.26853942871094
AUT_SL.TLF.CACT.FM.ZS,Austria,AUT,Ratio of female to male labor force participation rate (%) (modeled ILO estimate),SL.TLF.CACT.FM.ZS,2029,84.03804779052734
AUT_SL.TLF.CACT.FM.ZS,Austria,AUT,Ratio of female to male labor force participation rate (%) (modeled ILO estimate),SL.TLF.CACT.FM.ZS,2030,84.32660675048828
BEL_SL.TLF.CACT.FM.ZS,Belgium,BEL,Ratio of female to male labor force participation rate (%) (modeled ILO estimate),SL.TLF.CACT.FM.ZS,2024,84.19928741455078
BEL_SL.TLF.CACT.FM.ZS,Belgium,BEL,Ratio of female to male labor force participation rate (%) (modeled ILO estimate),SL.TLF.CACT.FM.ZS,2025,84.42459106445312
BEL_SL.TLF.CACT.FM.ZS,Belgium,BEL,Ratio of female to male labor force participation rate (%) (modeled ILO estimate),SL.TLF.CACT.FM.ZS,2026,84.31441497802734
BEL_SL.TLF.CACT.FM.ZS,Belgium,BEL,Ratio of female to male labor force participation rate (%) (modeled ILO estimate),SL.TLF.CACT.FM.ZS,2027,84.18575286865234
BEL_SL.TLF.CACT.FM.ZS,Belgium,BEL,Ratio of female to male labor force participation rate (%) (modeled ILO estimate),SL.TLF.CACT.FM.ZS,2028,84.2247314453125
BEL_SL.TLF.CACT.FM.ZS,Belgium,BEL,Ratio of female to male labor force participation rate (%) (modeled ILO estimate),SL.TLF.CACT.FM.ZS,2029,84.48143005371094
BEL_SL.TLF.CACT.FM.ZS,Belgium,BEL,Ratio of female to male labor force participation rate (%) (modeled ILO estimate),SL.TLF.CACT.FM.ZS,2030,84.43724060058594
BGR_SL.TLF.CACT.FM.ZS,Bulgaria,BGR,Ratio of female to male labor force participation rate (%) (modeled ILO estimate),SL.TLF.CACT.FM.ZS,2024,81.54019927978516
BGR_SL.TLF.CACT.FM.ZS,Bulgaria,BGR,Ratio of female to male labor force participation rate (%) (modeled ILO estimate),SL.TLF.CACT.FM.ZS,2025,82.07266235351562
BGR_SL.TLF.CACT.FM.ZS,Bulgaria,BGR,Ratio of female to male labor force participation rate (%) (modeled ILO estimate),SL.TLF.CACT.FM.ZS,2026,83.05130767822266
BGR_SL.TLF.CACT.FM.ZS,Bulgaria,BGR,Ratio of female to male labor force participation rate (%) (modeled ILO estimate),SL.TLF.CACT.FM.ZS,2027,83.89042663574219
BGR_SL.TLF.CACT.FM.ZS,Bulgaria,BGR,Ratio of female to male labor force participation rate (%) (modeled ILO estimate),SL.TLF.CACT.FM.ZS,2028,83.87165069580078
BGR_SL.TLF.CACT.FM.ZS,Bulgaria,BGR,Ratio of female to male labor force participation rate (%) (modeled ILO estimate),SL.TLF.CACT.FM.ZS,2029,83.81242370605469
BGR_SL.TLF.CACT.FM.ZS,Bulgaria,BGR,Ratio of female to male labor force participation rate (%) (modeled ILO estimate),SL.TLF.CACT.FM.ZS,2030,83.98938751220703
CYP_SL.TLF.CACT.FM.ZS,Cyprus,CYP,Ratio of female to male labor force participation rate (%) (modeled ILO estimate),SL.TLF.CACT.FM.ZS,2024,85.4729232788086
CYP_SL.TLF.CACT.FM.ZS,Cyprus,CYP,Ratio of female to male labor force participation rate (%) (modeled ILO estimate),SL.TLF.CACT.FM.ZS,2025,85.39392852783203
CYP_SL.TLF.CACT.FM.ZS,Cyprus,CYP,Ratio of female to male labor force participation rate (%) (modeled ILO estimate),SL.TLF.CACT.FM.ZS,2026,85.58804321289062
CYP_SL.TLF.CACT.FM.ZS,Cyprus,CYP,Ratio of female to male labor force participation rate (%) (modeled ILO estimate),SL.TLF.CACT.FM.ZS,2027,86.21945190429688
CYP_SL.TLF.CACT.FM.ZS,Cyprus,CYP,Ratio of female to male labor force participation rate (%) (modeled ILO estimate),SL.TLF.CACT.FM.ZS,2028,86.30482482910156
CYP_SL.TLF.CACT.FM.ZS,Cyprus,CYP,Ratio of female to male labor force participation rate (%) (modeled ILO estimate),SL.TLF.CACT.FM.ZS,2029,87.4400405883789
CYP_SL.TLF.CACT.FM.ZS,Cyprus,CYP,Ratio of female to male labor force participation rate (%) (modeled ILO estimate),SL.TLF.CACT.FM.ZS,2030,87.34003448486328
CZE_SL.TLF.CACT.FM.ZS,Czechia,CZE,Ratio of female to male labor force participation rate (%) (modeled ILO estimate),SL.TLF.CACT.FM.ZS,2024,79.39447784423828
CZE_SL.TLF.CACT.FM.ZS,Czechia,CZE,Ratio of female to male labor force participation rate (%) (modeled ILO estimate),SL.TLF.CACT.FM.ZS,2025,80.69891357421875
CZE_SL.TLF.CACT.FM.ZS,Czechia,CZE,Ratio of female to male labor force participation rate (%) (modeled ILO estimate),SL.TLF.CACT.FM.ZS,2026,81.75047302246094
CZE_SL.TLF.CACT.FM.ZS,Czechia,CZE,Ratio of female to male labor force participation rate (%) (modeled ILO estimate),SL.TLF.CACT.FM.ZS,2027,82.06991577148438
CZE_SL.TLF.CACT.FM.ZS,Czechia,CZE,Ratio of female to male labor force participation rate (%) (modeled ILO estimate),SL.TLF.CACT.FM.ZS,2028,82.3978271484375
CZE_SL.TLF.CACT.FM.ZS,Czechia,CZE,Ratio of female to male labor force participation rate (%) (modeled ILO estimate),SL.TLF.CACT.FM.ZS,2029,83.4609375
CZE_SL.TLF.CACT.FM.ZS,Czechia,CZE,Ratio of female to male labor force participation rate (%) (modeled ILO estimate),SL.TLF.CACT.FM.ZS,2030,84.03631591796875
DEU_SL.TLF.CACT.FM.ZS,Germany,DEU,Ratio of female to male labor force participation rate (%) (modeled ILO estimate),SL.TLF.CACT.FM.ZS,2024,83.9598159790039
DEU_SL.TLF.CACT.FM.ZS,Germany,DEU,Ratio of female to male labor force participation rate (%) (modeled ILO estimate),SL.TLF.CACT.FM.ZS,2025,83.98641967773438
DEU_SL.TLF.CACT.FM.ZS,Germany,DEU,Ratio of female to male labor force participation rate (%) (modeled ILO estimate),SL.TLF.CACT.FM.ZS,2026,84.11788940429688
DEU_SL.TLF.CACT.FM.ZS,Germany,DEU,Ratio of female to male labor force participation rate (%) (modeled ILO estimate),SL.TLF.CACT.FM.ZS,2027,83.96112823486328
DEU_SL.TLF.CACT.FM.ZS,Germany,DEU,Ratio of female to male labor force participation rate (%) (modeled ILO estimate),SL.TLF.CACT.FM.ZS,2028,83.7808837890625
DEU_SL.TLF.CACT.FM.ZS,Germany,DEU,Ratio of female to male labor force participation rate (%) (modeled ILO estimate),SL.TLF.CACT.FM.ZS,2029,83.91869354248047
DEU_SL.TLF.CACT.FM.ZS,Germany,DEU,Ratio of female to male labor force participation rate (%) (modeled ILO estimate),SL.TLF.CACT.FM.ZS,2030,84.04895782470703
DNK_SL.TLF.CACT.FM.ZS,Denmark,DNK,Ratio of female to male labor force participation rate (%) (modeled ILO estimate),SL.TLF.CACT.FM.ZS,2024,88.13531494140625
DNK_SL.TLF.CACT.FM.ZS,Denmark,DNK,Ratio of female to male labor force participation rate (%) (modeled ILO estimate),SL.TLF.CACT.FM.ZS,2025,88.43408203125
DNK_SL.TLF.CACT.FM.ZS,Denmark,DNK,Ratio of female to male labor force participation rate (%) (modeled ILO estimate),SL.TLF.CACT.FM.ZS,2026,88.69135284423828
DNK_SL.TLF.CACT.FM.ZS,Denmark,DNK,Ratio of female to male labor force participation rate (%) (modeled ILO estimate),SL.TLF.CACT.FM.ZS,2027,88.8073501586914
DNK_SL.TLF.CACT.FM.ZS,Denmark,DNK,Ratio of female to male labor force participation rate (%) (modeled ILO estimate),SL.TLF.CACT.FM.ZS,2028,88.90865325927734
DNK_SL.TLF.CACT.FM.ZS,Denmark,DNK,Ratio of female to male labor force participation rate (%) (modeled ILO estimate),SL.TLF.CACT.FM.ZS,2029,89.01641082763672
DNK_SL.TLF.CACT.FM.ZS,Denmark,DNK,Ratio of female to male labor force participation rate (%) (modeled ILO estimate),SL.TLF.CACT.FM.ZS,2030,89.00611114501953
ESP_SL.TLF.CACT.FM.ZS,Spain,ESP,Ratio of female to male labor force participation rate (%) (modeled ILO estimate),SL.TLF.CACT.FM.ZS,2024,83.93321228027344
ESP_SL.TLF.CACT.FM.ZS,Spain,ESP,Ratio of female to male labor force participation rate (%) (modeled ILO estimate),SL.TLF.CACT.FM.ZS,2025,83.67221069335938
ESP_SL.TLF.CACT.FM.ZS,Spain,ESP,Ratio of female to male labor force participation rate (%) (modeled ILO estimate),SL.TLF.CACT.FM.ZS,2026,84.17585754394531
ESP_SL.TLF.CACT.FM.ZS,Spain,ESP,Ratio of female to male labor force participation rate (%) (modeled ILO estimate),SL.TLF.CACT.FM.ZS,2027,84.50481414794922
ESP_SL.TLF.CACT.FM.ZS,Spain,ESP,Ratio of female to male labor force participation rate (%) (modeled ILO estimate),SL.TLF.CACT.FM.ZS,2028,84.36666870117188
ESP_SL.TLF.CACT.FM.ZS,Spain,ESP,Ratio of female to male labor force participation rate (%) (modeled ILO estimate),SL.TLF.CACT.FM.ZS,2029,84.21153259277344
ESP_SL.TLF.CACT.FM.ZS,Spain,ESP,Ratio of female to male labor force participation rate (%) (modeled ILO estimate),SL.TLF.CACT.FM.ZS,2030,84.14080047607422
EST_SL.TLF.CACT.FM.ZS,Estonia,EST,Ratio of female to male labor force participation rate (%) (modeled ILO estimate),SL.TLF.CACT.FM.ZS,2024,85.57736206054688
EST_SL.TLF.CACT.FM.ZS,Estonia,EST,Ratio of female to male labor force participation rate (%) (modeled ILO estimate),SL.TLF.CACT.FM.ZS,2025,86.72795867919922
EST_SL.TLF.CACT.FM.ZS,Estonia,EST,Ratio of female to male labor force participation rate (%) (modeled ILO estimate),SL.TLF.CACT.FM.ZS,2026,86.83397674560547
EST_SL.TLF.CACT.FM.ZS,Estonia,EST,Ratio of female to male labor force participation rate (%) (modeled ILO estimate),SL.TLF.CACT.FM.ZS,2027,87.29039764404297
EST_SL.TLF.CACT.FM.ZS,Estonia,EST,Ratio of female to male labor force participation rate (%) (modeled ILO estimate),SL.TLF.CACT.FM.ZS,2028,87.65780639648438
EST_SL.TLF.CACT.FM.ZS,Estonia,EST,Ratio of female to male labor force participation rate (%) (modeled ILO estimate),SL.TLF.CACT.FM.ZS,2029,87.87810516357422
EST_SL.TLF.CACT.FM.ZS,Estonia,EST,Ratio of female to male labor force participation rate (%) (modeled ILO estimate),SL.TLF.CACT.FM.ZS,2030,88.20154571533203
FIN_SL.TLF.CACT.FM.ZS,Finland,FIN,Ratio of female to male labor force participation rate (%) (modeled ILO estimate),SL.TLF.CACT.FM.ZS,2024,90.21002197265625
FIN_SL.TLF.CACT.FM.ZS,Finland,FIN,Ratio of female to male labor force participation rate (%) (modeled ILO estimate),SL.TLF.CACT.FM.ZS,2025,90.13774871826172
FIN_SL.TLF.CACT.FM.ZS,Finland,FIN,Ratio of female to male labor force participation rate (%) (modeled ILO estimate),SL.TLF.CACT.FM.ZS,2026,90.09410858154297
FIN_SL.TLF.CACT.FM.ZS,Finland,FIN,Ratio of female to male labor force participation rate (%) (modeled ILO estimate),SL.TLF.CACT.FM.ZS,2027,90.25639343261719
FIN_SL.TLF.CACT.FM.ZS,Finland,FIN,Ratio of female to male labor force participation rate (%) (modeled ILO estimate),SL.TLF.CACT.FM.ZS,2028,90.1661605834961
FIN_SL.TLF.CACT.FM.ZS,Finland,FIN,Ratio of female to male labor force participation rate (%) (modeled ILO estimate),SL.TLF.CACT.FM.ZS,2029,90.25125122070312
FIN_SL.TLF.CACT.FM.ZS,Finland,FIN,Ratio of female to male labor force participation rate (%) (modeled ILO estimate),SL.TLF.CACT.FM.ZS,2030,90.27366638183594
FRA_SL.TLF.CACT.FM.ZS,France,FRA,Ratio of female to male labor force participation rate (%) (modeled ILO estimate),SL.TLF.CACT.FM.ZS,2024,87.40221405029297
FRA_SL.TLF.CACT.FM.ZS,France,FRA,Ratio of female to male labor force participation rate (%) (modeled ILO estimate),SL.TLF.CACT.FM.ZS,2025,87.90533447265625
FRA_SL.TLF.CACT.FM.ZS,France,FRA,Ratio of female to male labor force participation rate (%) (modeled ILO estimate),SL.TLF.CACT.FM.ZS,2026,88.15673828125
FRA_SL.TLF.CACT.FM.ZS,France,FRA,Ratio of female to male labor force participation rate (%) (modeled ILO estimate),SL.TLF.CACT.FM.ZS,2027,88.17001342773438
FRA_SL.TLF.CACT.FM.ZS,France,FRA,Ratio of female to male labor force participation rate (%) (modeled ILO estimate),SL.TLF.CACT.FM.ZS,2028,88.22708892822266
FRA_SL.TLF.CACT.FM.ZS,France,FRA,Ratio of female to male labor force participation rate (%) (modeled ILO estimate),SL.TLF.CACT.FM.ZS,2029,88.66165924072266
FRA_SL.TLF.CACT.FM.ZS,France,FRA,Ratio of female to male labor force participation rate (%) (modeled ILO estimate),SL.TLF.CACT.FM.ZS,2030,88.82305908203125
GRC_SL.TLF.CACT.FM.ZS,Greece,GRC,Ratio of female to male labor force participation rate (%) (modeled ILO estimate),SL.TLF.CACT.FM.ZS,2024,75.82974243164062
GRC_SL.TLF.CACT.FM.ZS,Greece,GRC,Ratio of female to male labor force participation rate (%) (modeled ILO estimate),SL.TLF.CACT.FM.ZS,2025,76.92024230957031
GRC_SL.TLF.CACT.FM.ZS,Greece,GRC,Ratio of female to male labor force participation rate (%) (modeled ILO estimate),SL.TLF.CACT.FM.ZS,2026,78.18745422363281
GRC_SL.TLF.CACT.FM.ZS,Greece,GRC,Ratio of female to male labor force participation rate (%) (modeled ILO estimate),SL.TLF.CACT.FM.ZS,2027,79.26592254638672
GRC_SL.TLF.CACT.FM.ZS,Greece,GRC,Ratio of female to male labor force participation rate (%) (modeled ILO estimate),SL.TLF.CACT.FM.ZS,2028,80.61943817138672
GRC_SL.TLF.CACT.FM.ZS,Greece,GRC,Ratio of female to male labor force participation rate (%) (modeled ILO estimate),SL.TLF.CACT.FM.ZS,2029,81.69596862792969
GRC_SL.TLF.CACT.FM.ZS,Greece,GRC,Ratio of female to male labor force participation rate (%) (modeled ILO estimate),SL.TLF.CACT.FM.ZS,2030,81.81737518310547
HRV_SL.TLF.CACT.FM.ZS,Croatia,HRV,Ratio of female to male labor force participation rate (%) (modeled ILO estimate),SL.TLF.CACT.FM.ZS,2024,82.54605865478516
HRV_SL.TLF.CACT.FM.ZS,Croatia,HRV,Ratio of female to male labor force participation rate (%) (modeled ILO estimate),SL.TLF.CACT.FM.ZS,2025,82.53590393066406
HRV_SL.TLF.CACT.FM.ZS,Croatia,HRV,Ratio of female to male labor force participation rate (%) (modeled ILO estimate),SL.TLF.CACT.FM.ZS,2026,83.52084350585938
HRV_SL.TLF.CACT.FM.ZS,Croatia,HRV,Ratio of female to male labor force participation rate (%) (modeled ILO estimate),SL.TLF.CACT.FM.ZS,2027,84.05260467529297
HRV_SL.TLF.CACT.FM.ZS,Croatia,HRV,Ratio of female to male labor force participation rate (%) (modeled ILO estimate),SL.TLF.CACT.FM.ZS,2028,84.25821685791016
HRV_SL.TLF.CACT.FM.ZS,Croatia,HRV,Ratio of female to male labor force participation rate (%) (modeled ILO estimate),SL.TLF.CACT.FM.ZS,2029,84.33235931396484
HRV_SL.TLF.CACT.FM.ZS,Croatia,HRV,Ratio of female to male labor force participation rate (%) (modeled ILO estimate),SL.TLF.CACT.FM.ZS,2030,84.25405883789062
HUN_SL.TLF.CACT.FM.ZS,Hungary,HUN,Ratio of female to male labor force participation rate (%) (modeled ILO estimate),SL.TLF.CACT.FM.ZS,2024,80.84241485595703
HUN_SL.TLF.CACT.FM.ZS,Hungary,HUN,Ratio of female to male labor force participation rate (%) (modeled ILO estimate),SL.TLF.CACT.FM.ZS,2025,81.29225158691406
HUN_SL.TLF.CACT.FM.ZS,Hungary,HUN,Ratio of female to male labor force participation rate (%) (modeled ILO estimate),SL.TLF.CACT.FM.ZS,2026,82.13967895507812
HUN_SL.TLF.CACT.FM.ZS,Hungary,HUN,Ratio of female to male labor force participation rate (%) (modeled ILO estimate),SL.TLF.CACT.FM.ZS,2027,82.59362030029297
HUN_SL.TLF.CACT.FM.ZS,Hungary,HUN,Ratio of female to male labor force participation rate (%) (modeled ILO estimate),SL.TLF.CACT.FM.ZS,2028,83.61730194091797
HUN_SL.TLF.CACT.FM.ZS,Hungary,HUN,Ratio of female to male labor force participation rate (%) (modeled ILO estimate),SL.TLF.CACT.FM.ZS,2029,84.11397552490234
HUN_SL.TLF.CACT.FM.ZS,Hungary,HUN,Ratio of female to male labor force participation rate (%) (modeled ILO estimate),SL.TLF.CACT.FM.ZS,2030,84.16104888916016
IRL_SL.TLF.CACT.FM.ZS,Ireland,IRL,Ratio of female to male labor force participation rate (%) (modeled ILO estimate),SL.TLF.CACT.FM.ZS,2024,85.33397674560547
IRL_SL.TLF.CACT.FM.ZS,Ireland,IRL,Ratio of female to male labor force participation rate (%) (modeled ILO estimate),SL.TLF.CACT.FM.ZS,2025,85.80254364013672
IRL_SL.TLF.CACT.FM.ZS,Ireland,IRL,Ratio of female to male labor force participation rate (%) (modeled ILO estimate),SL.TLF.CACT.FM.ZS,2026,86.61048889160156
IRL_SL.TLF.CACT.FM.ZS,Ireland,IRL,Ratio of female to male labor force participation rate (%) (modeled ILO estimate),SL.TLF.CACT.FM.ZS,2027,86.68647766113281
IRL_SL.TLF.CACT.FM.ZS,Ireland,IRL,Ratio of female to male labor force participation rate (%) (modeled ILO estimate),SL.TLF.CACT.FM.ZS,2028,87.18547821044922
IRL_SL.TLF.CACT.FM.ZS,Ireland,IRL,Ratio of female to male labor force participation rate (%) (modeled ILO estimate),SL.TLF.CACT.FM.ZS,2029,87.7168197631836
IRL_SL.TLF.CACT.FM.ZS,Ireland,IRL,Ratio of female to male labor force participation rate (%) (modeled ILO estimate),SL.TLF.CACT.FM.ZS,2030,87.87881469726562
ITA_SL.TLF.CACT.FM.ZS,Italy,ITA,Ratio of female to male labor force participation rate (%) (modeled ILO estimate),SL.TLF.CACT.FM.ZS,2024,70.01958465576172
ITA_SL.TLF.CACT.FM.ZS,Italy,ITA,Ratio of female to male labor force participation rate (%) (modeled ILO estimate),SL.TLF.CACT.FM.ZS,2025,70.21412658691406
ITA_SL.TLF.CACT.FM.ZS,Italy,ITA,Ratio of female to male labor force participation rate (%) (modeled ILO estimate),SL.TLF.CACT.FM.ZS,2026,69.92000579833984
ITA_SL.TLF.CACT.FM.ZS,Italy,ITA,Ratio of female to male labor force participation rate (%) (modeled ILO estimate),SL.TLF.CACT.FM.ZS,2027,70.085205078125
ITA_SL.TLF.CACT.FM.ZS,Italy,ITA,Ratio of female to male labor force participation rate (%) (modeled ILO estimate),SL.TLF.CACT.FM.ZS,2028,69.99311065673828
ITA_SL.TLF.CACT.FM.ZS,Italy,ITA,Ratio of female to male labor force participation rate (%) (modeled ILO estimate),SL.TLF.CACT.FM.ZS,2029,70.0116958618164
ITA_SL.TLF.CACT.FM.ZS,Italy,ITA,Ratio of female to male labor force participation rate (%) (modeled ILO estimate),SL.TLF.CACT.FM.ZS,2030,69.90792846679688
LTU_SL.TLF.CACT.FM.ZS,Lithuania,LTU,Ratio of female to male labor force participation rate (%) (modeled ILO estimate),SL.TLF.CACT.FM.ZS,2024,84.64287567138672
LTU_SL.TLF.CACT.FM.ZS,Lithuania,LTU,Ratio of female to male labor force participation rate (%) (modeled ILO estimate),SL.TLF.CACT.FM.ZS,2025,85.3669662475586
LTU_SL.TLF.CACT.FM.ZS,Lithuania,LTU,Ratio of female to male labor force participation rate (%) (modeled ILO estimate),SL.TLF.CACT.FM.ZS,2026,85.31967163085938
LTU_SL.TLF.CACT.FM.ZS,Lithuania,LTU,Ratio of female to male labor force participation rate (%) (modeled ILO estimate),SL.TLF.CACT.FM.ZS,2027,85.88859558105469
LTU_SL.TLF.CACT.FM.ZS,Lithuania,LTU,Ratio of female to male labor force participation rate (%) (modeled ILO estimate),SL.TLF.CACT.FM.ZS,2028,86.69670867919922
LTU_SL.TLF.CACT.FM.ZS,Lithuania,LTU,Ratio of female to male labor force participation rate (%) (modeled ILO estimate),SL.TLF.CACT.FM.ZS,2029,86.7057113647461
LTU_SL.TLF.CACT.FM.ZS,Lithuania,LTU,Ratio of female to male labor force participation rate (%) (modeled ILO estimate),SL.TLF.CACT.FM.ZS,2030,87.19557189941406
LUX_SL.TLF.CACT.FM.ZS,Luxembourg,LUX,Ratio of female to male labor force participation rate (%) (modeled ILO estimate),SL.TLF.CACT.FM.ZS,2024,87.41189575195312
LUX_SL.TLF.CACT.FM.ZS,Luxembourg,LUX,Ratio of female to male labor force participation rate (%) (modeled ILO estimate),SL.TLF.CACT.FM.ZS,2025,87.9971694946289
LUX_SL.TLF.CACT.FM.ZS,Luxembourg,LUX,Ratio of female to male labor force participation rate (%) (modeled ILO estimate),SL.TLF.CACT.FM.ZS,2026,87.44842529296875
LUX_SL.TLF.CACT.FM.ZS,Luxembourg,LUX,Ratio of female to male labor force participation rate (%) (modeled ILO estimate),SL.TLF.CACT.FM.ZS,2027,87.77405548095703
LUX_SL.TLF.CACT.FM.ZS,Luxembourg,LUX,Ratio of female to male labor force participation rate (%) (modeled ILO estimate),SL.TLF.CACT.FM.ZS,2028,88.36990356445312
LUX_SL.TLF.CACT.FM.ZS,Luxembourg,LUX,Ratio of female to male labor force participation rate (%) (modeled ILO estimate),SL.TLF.CACT.FM.ZS,2029,87.95355987548828
LUX_SL.TLF.CACT.FM.ZS,Luxembourg,LUX,Ratio of female to male labor force participation rate (%) (modeled ILO estimate),SL.TLF.CACT.FM.ZS,2030,88.25103759765625
LVA_SL.TLF.CACT.FM.ZS,Latvia,LVA,Ratio of female to male labor force participation rate (%) (modeled ILO estimate),SL.TLF.CACT.FM.ZS,2024,82.34534454345703
LVA_SL.TLF.CACT.FM.ZS,Latvia,LVA,Ratio of female to male labor force participation rate (%) (modeled ILO estimate),SL.TLF.CACT.FM.ZS,2025,83.19876098632812
LVA_SL.TLF.CACT.FM.ZS,Latvia,LVA,Ratio of female to male labor force participation rate (%) (modeled ILO estimate),SL.TLF.CACT.FM.ZS,2026,84.03468322753906
LVA_SL.TLF.CACT.FM.ZS,Latvia,LVA,Ratio of female to male labor force participation rate (%) (modeled ILO estimate),SL.TLF.CACT.FM.ZS,2027,84.15898132324219
LVA_SL.TLF.CACT.FM.ZS,Latvia,LVA,Ratio of female to male labor force participation rate (%) (modeled ILO estimate),SL.TLF.CACT.FM.ZS,2028,83.94126892089844
LVA_SL.TLF.CACT.FM.ZS,Latvia,LVA,Ratio of female to male labor force participation rate (%) (modeled ILO estimate),SL.TLF.CACT.FM.ZS,2029,84.13113403320312
LVA_SL.TLF.CACT.FM.ZS,Latvia,LVA,Ratio of female to male labor force participation rate (%) (modeled ILO estimate),SL.TLF.CACT.FM.ZS,2030,84.12225341796875
MLT_SL.TLF.CACT.FM.ZS,Malta,MLT,Ratio of female to male labor force participation rate (%) (modeled ILO estimate),SL.TLF.CACT.FM.ZS,2024,76.90309143066406
MLT_SL.TLF.CACT.FM.ZS,Malta,MLT,Ratio of female to male labor force participation rate (%) (modeled ILO estimate),SL.TLF.CACT.FM.ZS,2025,77.57353210449219
MLT_SL.TLF.CACT.FM.ZS,Malta,MLT,Ratio of female to male labor force participation rate (%) (modeled ILO estimate),SL.TLF.CACT.FM.ZS,2026,78.61222839355469
MLT_SL.TLF.CACT.FM.ZS,Malta,MLT,Ratio of female to male labor force participation rate (%) (modeled ILO estimate),SL.TLF.CACT.FM.ZS,2027,79.51519012451172
MLT_SL.TLF.CACT.FM.ZS,Malta,MLT,Ratio of female to male labor force participation rate (%) (modeled ILO estimate),SL.TLF.CACT.FM.ZS,2028,80.51173400878906
MLT_SL.TLF.CACT.FM.ZS,Malta,MLT,Ratio of female to male labor force participation rate (%) (modeled ILO estimate),SL.TLF.CACT.FM.ZS,2029,81.2115707397461
MLT_SL.TLF.CACT.FM.ZS,Malta,MLT,Ratio of female to male labor force participation rate (%) (modeled ILO estimate),SL.TLF.CACT.FM.ZS,2030,82.1958999633789
NLD_SL.TLF.CACT.FM.ZS,Netherlands,NLD,Ratio of female to male labor force participation rate (%) (modeled ILO estimate),SL.TLF.CACT.FM.ZS,2024,87.45565032958984
NLD_SL.TLF.CACT.FM.ZS,Netherlands,NLD,Ratio of female to male labor force participation rate (%) (modeled ILO estimate),SL.TLF.CACT.FM.ZS,2025,87.77017974853516
NLD_SL.TLF.CACT.FM.ZS,Netherlands,NLD,Ratio of female to male labor force participation rate (%) (modeled ILO estimate),SL.TLF.CACT.FM.ZS,2026,87.67972564697266
NLD_SL.TLF.CACT.FM.ZS,Netherlands,NLD,Ratio of female to male labor force participation rate (%) (modeled ILO estimate),SL.TLF.CACT.FM.ZS,2027,87.928466796875
NLD_SL.TLF.CACT.FM.ZS,Netherlands,NLD,Ratio of female to male labor force participation rate (%) (modeled ILO estimate),SL.TLF.CACT.FM.ZS,2028,88.4345474243164
NLD_SL.TLF.CACT.FM.ZS,Netherlands,NLD,Ratio of female to male labor force participation rate (%) (modeled ILO estimate),SL.TLF.CACT.FM.ZS,2029,88.6028060913086
NLD_SL.TLF.CACT.FM.ZS,Netherlands,NLD,Ratio of female to male labor force participation rate (%) (modeled ILO estimate),SL.TLF.CACT.FM.ZS,2030,89.01087951660156
POL_SL.TLF.CACT.FM.ZS,Poland,POL,Ratio of female to male labor force participation rate (%) (modeled ILO estimate),SL.TLF.CACT.FM.ZS,2024,79.140625
POL_SL.TLF.CACT.FM.ZS,Poland,POL,Ratio of female to male labor force participation rate (%) (modeled ILO estimate),SL.TLF.CACT.FM.ZS,2025,80.3831787109375
POL_SL.TLF.CACT.FM.ZS,Poland,POL,Ratio of female to male labor force participation rate (%) (modeled ILO estimate),SL.TLF.CACT.FM.ZS,2026,81.38793182373047
POL_SL.TLF.CACT.FM.ZS,Poland,POL,Ratio of female to male labor force participation rate (%) (modeled ILO estimate),SL.TLF.CACT.FM.ZS,2027,81.9268569946289
POL_SL.TLF.CACT.FM.ZS,Poland,POL,Ratio of female to male labor force participation rate (%) (modeled ILO estimate),SL.TLF.CACT.FM.ZS,2028,82.59516906738281
POL_SL.TLF.CACT.FM.ZS,Poland,POL,Ratio of female to male labor force participation rate (%) (modeled ILO estimate),SL.TLF.CACT.FM.ZS,2029,83.92095947265625
POL_SL.TLF.CACT.FM.ZS,Poland,POL,Ratio of female to male labor force participation rate (%) (modeled ILO estimate),SL.TLF.CACT.FM.ZS,2030,83.95841217041016
PRT_SL.TLF.CACT.FM.ZS,Portugal,PRT,Ratio of female to male labor force participation rate (%) (modeled ILO estimate),SL.TLF.CACT.FM.ZS,2024,87.41691589355469
PRT_SL.TLF.CACT.FM.ZS,Portugal,PRT,Ratio of female to male labor force participation rate (%) (modeled ILO estimate),SL.TLF.CACT.FM.ZS,2025,87.9782943725586
PRT_SL.TLF.CACT.FM.ZS,Portugal,PRT,Ratio of female to male labor force participation rate (%) (modeled ILO estimate),SL.TLF.CACT.FM.ZS,2026,87.98239135742188
PRT_SL.TLF.CACT.FM.ZS,Portugal,PRT,Ratio of female to male labor force participation rate (%) (modeled ILO estimate),SL.TLF.CACT.FM.ZS,2027,88.15469360351562
PRT_SL.TLF.CACT.FM.ZS,Portugal,PRT,Ratio of female to male labor force participation rate (%) (modeled ILO estimate),SL.TLF.CACT.FM.ZS,2028,88.26251983642578
PRT_SL.TLF.CACT.FM.ZS,Portugal,PRT,Ratio of female to male labor force participation rate (%) (modeled ILO estimate),SL.TLF.CACT.FM.ZS,2029,88.26978302001953
PRT_SL.TLF.CACT.FM.ZS,Portugal,PRT,Ratio of female to male labor force participation rate (%) (modeled ILO estimate),SL.TLF.CACT.FM.ZS,2030,88.41584014892578
ROU_SL.TLF.CACT.FM.ZS,Romania,ROU,Ratio of female to male labor force participation rate (%) (modeled ILO estimate),SL.TLF.CACT.FM.ZS,2024,68.0442123413086
ROU_SL.TLF.CACT.FM.ZS,Romania,ROU,Ratio of female to male labor force participation rate (%) (modeled ILO estimate),SL.TLF.CACT.FM.ZS,2025,68.44768524169922
ROU_SL.TLF.CACT.FM.ZS,Romania,ROU,Ratio of female to male labor force participation rate (%) (modeled ILO estimate),SL.TLF.CACT.FM.ZS,2026,68.85430908203125
ROU_SL.TLF.CACT.FM.ZS,Romania,ROU,Ratio of female to male labor force participation rate (%) (modeled ILO estimate),SL.TLF.CACT.FM.ZS,2027,69.27254486083984
ROU_SL.TLF.CACT.FM.ZS,Romania,ROU,Ratio of female to male labor force participation rate (%) (modeled ILO estimate),SL.TLF.CACT.FM.ZS,2028,69.37356567382812
ROU_SL.TLF.CACT.FM.ZS,Romania,ROU,Ratio of female to male labor force participation rate (%) (modeled ILO estimate),SL.TLF.CACT.FM.ZS,2029,69.24321746826172
ROU_SL.TLF.CACT.FM.ZS,Romania,ROU,Ratio of female to male labor force participation rate (%) (modeled ILO estimate),SL.TLF.CACT.FM.ZS,2030,68.8074722290039
SVK_SL.TLF.CACT.FM.ZS,Slovak Republic,SVK,Ratio of female to male labor force participation rate (%) (modeled ILO estimate),SL.TLF.CACT.FM.ZS,2024,83.74957275390625
SVK_SL.TLF.CACT.FM.ZS,Slovak Republic,SVK,Ratio of female to male labor force participation rate (%) (modeled ILO estimate),SL.TLF.CACT.FM.ZS,2025,83.89598083496094
SVK_SL.TLF.CACT.FM.ZS,Slovak Republic,SVK,Ratio of female to male labor force participation rate (%) (modeled ILO estimate),SL.TLF.CACT.FM.ZS,2026,84.20392608642578
SVK_SL.TLF.CACT.FM.ZS,Slovak Republic,SVK,Ratio of female to male labor force participation rate (%) (modeled ILO estimate),SL.TLF.CACT.FM.ZS,2027,84.31002807617188
SVK_SL.TLF.CACT.FM.ZS,Slovak Republic,SVK,Ratio of female to male labor force participation rate (%) (modeled ILO estimate),SL.TLF.CACT.FM.ZS,2028,84.22885131835938
SVK_SL.TLF.CACT.FM.ZS,Slovak Republic,SVK,Ratio of female to male labor force participation rate (%) (modeled ILO estimate),SL.TLF.CACT.FM.ZS,2029,84.35892486572266
SVK_SL.TLF.CACT.FM.ZS,Slovak Republic,SVK,Ratio of female to male labor force participation rate (%) (modeled ILO estimate),SL.TLF.CACT.FM.ZS,2030,84.45823669433594
SVN_SL.TLF.CACT.FM.ZS,Slovenia,SVN,Ratio of female to male labor force participation rate (%) (modeled ILO estimate),SL.TLF.CACT.FM.ZS,2024,84.0715560913086
SVN_SL.TLF.CACT.FM.ZS,Slovenia,SVN,Ratio of female to male labor force participation rate (%) (modeled ILO estimate),SL.TLF.CACT.FM.ZS,2025,84.0037841796875
SVN_SL.TLF.CACT.FM.ZS,Slovenia,SVN,Ratio of female to male labor force participation rate (%) (modeled ILO estimate),SL.TLF.CACT.FM.ZS,2026,83.88566589355469
SVN_SL.TLF.CACT.FM.ZS,Slovenia,SVN,Ratio of female to male labor force participation rate (%) (modeled ILO estimate),SL.TLF.CACT.FM.ZS,2027,83.9135971069336
SVN_SL.TLF.CACT.FM.ZS,Slovenia,SVN,Ratio of female to male labor force participation rate (%) (modeled ILO estimate),SL.TLF.CACT.FM.ZS,2028,84.15628051757812
SVN_SL.TLF.CACT.FM.ZS,Slovenia,SVN,Ratio of female to male labor force participation rate (%) (modeled ILO estimate),SL.TLF.CACT.FM.ZS,2029,84.07156372070312
SVN_SL.TLF.CACT.FM.ZS,Slovenia,SVN,Ratio of female to male labor force participation rate (%) (modeled ILO estimate),SL.TLF.CACT.FM.ZS,2030,84.0108871459961
SWE_SL.TLF.CACT.FM.ZS,Sweden,SWE,Ratio of female to male labor force participation rate (%) (modeled ILO estimate),SL.TLF.CACT.FM.ZS,2024,90.13815307617188
SWE_SL.TLF.CACT.FM.ZS,Sweden,SWE,Ratio of female to male labor force participation rate (%) (modeled ILO estimate),SL.TLF.CACT.FM.ZS,2025,90.44770050048828
SWE_SL.TLF.CACT.FM.ZS,Sweden,SWE,Ratio of female to male labor force participation rate (%) (modeled ILO estimate),SL.TLF.CACT.FM.ZS,2026,90.2618637084961
SWE_SL.TLF.CACT.FM.ZS,Sweden,SWE,Ratio of female to male labor force participation rate (%) (modeled ILO estimate),SL.TLF.CACT.FM.ZS,2027,89.98885345458984
SWE_SL.TLF.CACT.FM.ZS,Sweden,SWE,Ratio of female to male labor force participation rate (%) (modeled ILO estimate),SL.TLF.CACT.FM.ZS,2028,90.28612518310547
SWE_SL.TLF.CACT.FM.ZS,Sweden,SWE,Ratio of female to male labor force participation rate (%) (modeled ILO estimate),SL.TLF.CACT.FM.ZS,2029,90.2618637084961
SWE_SL.TLF.CACT.FM.ZS,Sweden,SWE,Ratio of female to male labor force participation rate (%) (modeled ILO estimate),SL.TLF.CACT.FM.ZS,2030,90.17710876464844
