series_id,Country Name,Country Code,Indicator Name,Indicator Code,year,pred_xgb
AUT_SM.POP.NETM,Austria,AUT,Net migration,SM.POP.NETM,2024,25555.669921875
AUT_SM.POP.NETM,Austria,AUT,Net migration,SM.POP.NETM,2025,-11889.7412109375
AUT_SM.POP.NETM,Austria,AUT,Net migration,SM.POP.NETM,2026,-98510.4609375
AUT_SM.POP.NETM,Austria,AUT,Net migration,SM.POP.NETM,2027,-107961.046875
AUT_SM.POP.NETM,Austria,AUT,Net migration,SM.POP.NETM,2028,-145539.84375
AUT_SM.POP.NETM,Austria,AUT,Net migration,SM.POP.NETM,2029,-146465.84375
AUT_SM.POP.NETM,Austria,AUT,Net migration,SM.POP.NETM,2030,-127241.6015625
BEL_SM.POP.NETM,Belgium,BEL,Net migration,SM.POP.NETM,2024,20301.298828125
BEL_SM.POP.NETM,Belgium,BEL,Net migration,SM.POP.NETM,2025,58907.1875
BEL_SM.POP.NETM,Belgium,BEL,Net migration,SM.POP.NETM,2026,43653.2890625
BEL_SM.POP.NETM,Belgium,BEL,Net migration,SM.POP.NETM,2027,42485.37890625
BEL_SM.POP.NETM,Belgium,BEL,Net migration,SM.POP.NETM,2028,49814.55078125
BEL_SM.POP.NETM,Belgium,BEL,Net migration,SM.POP.NETM,2029,48953.16015625
BEL_SM.POP.NETM,Belgium,BEL,Net migration,SM.POP.NETM,2030,56348.80859375
BGR_SM.POP.NETM,Bulgaria,BGR,Net migration,SM.POP.NETM,2024,-41491.66796875
BGR_SM.POP.NETM,Bulgaria,BGR,Net migration,SM.POP.NETM,2025,-107681.0546875
BGR_SM.POP.NETM,Bulgaria,BGR,Net migration,SM.POP.NETM,2026,-157196.6875
BGR_SM.POP.NETM,Bulgaria,BGR,Net migration,SM.POP.NETM,2027,-163085.625
BGR_SM.POP.NETM,Bulgaria,BGR,Net migration,SM.POP.NETM,2028,-137502.984375
BGR_SM.POP.NETM,Bulgaria,BGR,Net migration,SM.POP.NETM,2029,-146859.453125
BGR_SM.POP.NETM,Bulgaria,BGR,Net migration,SM.POP.NETM,2030,-135958.625
CYP_SM.POP.NETM,Cyprus,CYP,Net migration,SM.POP.NETM,2024,-1791.3170166015625
CYP_SM.POP.NETM,Cyprus,CYP,Net migration,SM.POP.NETM,2025,-35085.48046875
CYP_SM.POP.NETM,Cyprus,CYP,Net migration,SM.POP.NETM,2026,-27678.900390625
CYP_SM.POP.NETM,Cyprus,CYP,Net migration,SM.POP.NETM,2027,-57771.28515625
CYP_SM.POP.NETM,Cyprus,CYP,Net migration,SM.POP.NETM,2028,-96060.3046875
CYP_SM.POP.NETM,Cyprus,CYP,Net migration,SM.POP.NETM,2029,-120651.9375
CYP_SM.POP.NETM,Cyprus,CYP,Net migration,SM.POP.NETM,2030,-139513.828125
CZE_SM.POP.NETM,Czechia,CZE,Net migration,SM.POP.NETM,2024,-25572.6796875
CZE_SM.POP.NETM,Czechia,CZE,Net migration,SM.POP.NETM,2025,8387.1357421875
CZE_SM.POP.NETM,Czechia,CZE,Net migration,SM.POP.NETM,2026,-2452.430419921875
CZE_SM.POP.NETM,Czechia,CZE,Net migration,SM.POP.NETM,2027,-22442.515625
CZE_SM.POP.NETM,Czechia,CZE,Net migration,SM.POP.NETM,2028,-208.16015625
CZE_SM.POP.NETM,Czechia,CZE,Net migration,SM.POP.NETM,2029,-14596.044921875
CZE_SM.POP.NETM,Czechia,CZE,Net migration,SM.POP.NETM,2030,-39276.3828125
DEU_SM.POP.NETM,Germany,DEU,Net migration,SM.POP.NETM,2024,579963.4375
DEU_SM.POP.NETM,Germany,DEU,Net migration,SM.POP.NETM,2025,531348.8125
DEU_SM.POP.NETM,Germany,DEU,Net migration,SM.POP.NETM,2026,481938.28125
DEU_SM.POP.NETM,Germany,DEU,Net migration,SM.POP.NETM,2027,483220.03125
DEU_SM.POP.NETM,Germany,DEU,Net migration,SM.POP.NETM,2028,615431.375
DEU_SM.POP.NETM,Germany,DEU,Net migration,SM.POP.NETM,2029,712643.625
DEU_SM.POP.NETM,Germany,DEU,Net migration,SM.POP.NETM,2030,584936.3125
DNK_SM.POP.NETM,Denmark,DNK,Net migration,SM.POP.NETM,2024,20400.78515625
DNK_SM.POP.NETM,Denmark,DNK,Net migration,SM.POP.NETM,2025,31323.087890625
DNK_SM.POP.NETM,Denmark,DNK,Net migration,SM.POP.NETM,2026,32405.611328125
DNK_SM.POP.NETM,Denmark,DNK,Net migration,SM.POP.NETM,2027,25452.78515625
DNK_SM.POP.NETM,Denmark,DNK,Net migration,SM.POP.NETM,2028,33796.578125
DNK_SM.POP.NETM,Denmark,DNK,Net migration,SM.POP.NETM,2029,30818.541015625
DNK_SM.POP.NETM,Denmark,DNK,Net migration,SM.POP.NETM,2030,29822.28515625
ESP_SM.POP.NETM,Spain,ESP,Net migration,SM.POP.NETM,2024,111056.015625
ESP_SM.POP.NETM,Spain,ESP,Net migration,SM.POP.NETM,2025,133854.421875
ESP_SM.POP.NETM,Spain,ESP,Net migration,SM.POP.NETM,2026,152887.40625
ESP_SM.POP.NETM,Spain,ESP,Net migration,SM.POP.NETM,2027,178365.921875
ESP_SM.POP.NETM,Spain,ESP,Net migration,SM.POP.NETM,2028,180526.5625
ESP_SM.POP.NETM,Spain,ESP,Net migration,SM.POP.NETM,2029,94469.8203125
ESP_SM.POP.NETM,Spain,ESP,Net migration,SM.POP.NETM,2030,84256.484375
EST_SM.POP.NETM,Estonia,EST,Net migration,SM.POP.NETM,2024,-35591.8515625
EST_SM.POP.NETM,Estonia,EST,Net migration,SM.POP.NETM,2025,-102378.984375
EST_SM.POP.NETM,Estonia,EST,Net migration,SM.POP.NETM,2026,-118124.25
EST_SM.POP.NETM,Estonia,EST,Net migration,SM.POP.NETM,2027,-147090.71875
EST_SM.POP.NETM,Estonia,EST,Net migration,SM.POP.NETM,2028,-152099.453125
EST_SM.POP.NETM,Estonia,EST,Net migration,SM.POP.NETM,2029,-130937.8984375
EST_SM.POP.NETM,Estonia,EST,Net migration,SM.POP.NETM,2030,-147485.296875
FIN_SM.POP.NETM,Finland,FIN,Net migration,SM.POP.NETM,2024,39658.6796875
FIN_SM.POP.NETM,Finland,FIN,Net migration,SM.POP.NETM,2025,43178.296875
FIN_SM.POP.NETM,Finland,FIN,Net migration,SM.POP.NETM,2026,66113.2734375
FIN_SM.POP.NETM,Finland,FIN,Net migration,SM.POP.NETM,2027,55166.19921875
FIN_SM.POP.NETM,Finland,FIN,Net migration,SM.POP.NETM,2028,42358.95703125
FIN_SM.POP.NETM,Finland,FIN,Net migration,SM.POP.NETM,2029,43371.1953125
FIN_SM.POP.NETM,Finland,FIN,Net migration,SM.POP.NETM,2030,37506.09375
FRA_SM.POP.NETM,France,FRA,Net migration,SM.POP.NETM,2024,87594.734375
FRA_SM.POP.NETM,France,FRA,Net migration,SM.POP.NETM,2025,-2912.81201171875
FRA_SM.POP.NETM,France,FRA,Net migration,SM.POP.NETM,2026,14489.1435546875
FRA_SM.POP.NETM,France,FRA,Net migration,SM.POP.NETM,2027,62047.40234375
FRA_SM.POP.NETM,France,FRA,Net migration,SM.POP.NETM,2028,16701.064453125
FRA_SM.POP.NETM,France,FRA,Net migration,SM.POP.NETM,2029,18478.771484375
FRA_SM.POP.NETM,France,FRA,Net migration,SM.POP.NETM,2030,29352.02734375
GRC_SM.POP.NETM,Greece,GRC,Net migration,SM.POP.NETM,2024,-161124.640625
GRC_SM.POP.NETM,Greece,GRC,Net migration,SM.POP.NETM,2025,-102710.578125
GRC_SM.POP.NETM,Greece,GRC,Net migration,SM.POP.NETM,2026,-130762.2421875
GRC_SM.POP.NETM,Greece,GRC,Net migration,SM.POP.NETM,2027,-153483.203125
GRC_SM.POP.NETM,Greece,GRC,Net migration,SM.POP.NETM,2028,-142730.5625
GRC_SM.POP.NETM,Greece,GRC,Net migration,SM.POP.NETM,2029,-146203.546875
GRC_SM.POP.NETM,Greece,GRC,Net migration,SM.POP.NETM,2030,-140854.796875
HRV_SM.POP.NETM,Croatia,HRV,Net migration,SM.POP.NETM,2024,8351.9267578125
HRV_SM.POP.NETM,Croatia,HRV,Net migration,SM.POP.NETM,2025,41083.50390625
HRV_SM.POP.NETM,Croatia,HRV,Net migration,SM.POP.NETM,2026,14666.478515625
HRV_SM.POP.NETM,Croatia,HRV,Net migration,SM.POP.NETM,2027,8364.90234375
HRV_SM.POP.NETM,Croatia,HRV,Net migration,SM.POP.NETM,2028,-14187.310546875
HRV_SM.POP.NETM,Croatia,HRV,Net migration,SM.POP.NETM,2029,-47680.85546875
HRV_SM.POP.NETM,Croatia,HRV,Net migration,SM.POP.NETM,2030,-35694.93359375
HUN_SM.POP.NETM,Hungary,HUN,Net migration,SM.POP.NETM,2024,45163.93359375
HUN_SM.POP.NETM,Hungary,HUN,Net migration,SM.POP.NETM,2025,51006.0859375
HUN_SM.POP.NETM,Hungary,HUN,Net migration,SM.POP.NETM,2026,44816.734375
HUN_SM.POP.NETM,Hungary,HUN,Net migration,SM.POP.NETM,2027,51006.0859375
HUN_SM.POP.NETM,Hungary,HUN,Net migration,SM.POP.NETM,2028,45463.3671875
HUN_SM.POP.NETM,Hungary,HUN,Net migration,SM.POP.NETM,2029,51006.0859375
HUN_SM.POP.NETM,Hungary,HUN,Net migration,SM.POP.NETM,2030,44969.1875
IRL_SM.POP.NETM,Ireland,IRL,Net migration,SM.POP.NETM,2024,-9333.8154296875
IRL_SM.POP.NETM,Ireland,IRL,Net migration,SM.POP.NETM,2025,-7687.01318359375
IRL_SM.POP.NETM,Ireland,IRL,Net migration,SM.POP.NETM,2026,-45820.171875
IRL_SM.POP.NETM,Ireland,IRL,Net migration,SM.POP.NETM,2027,-76517.9140625
IRL_SM.POP.NETM,Ireland,IRL,Net migration,SM.POP.NETM,2028,-128882.25
IRL_SM.POP.NETM,Ireland,IRL,Net migration,SM.POP.NETM,2029,-154198.46875
IRL_SM.POP.NETM,Ireland,IRL,Net migration,SM.POP.NETM,2030,-154886.421875
ITA_SM.POP.NETM,Italy,ITA,Net migration,SM.POP.NETM,2024,104574.4921875
ITA_SM.POP.NETM,Italy,ITA,Net migration,SM.POP.NETM,2025,109552.71875
ITA_SM.POP.NETM,Italy,ITA,Net migration,SM.POP.NETM,2026,-1461.3062744140625
ITA_SM.POP.NETM,Italy,ITA,Net migration,SM.POP.NETM,2027,36368.2890625
ITA_SM.POP.NETM,Italy,ITA,Net migration,SM.POP.NETM,2028,64903.05078125
ITA_SM.POP.NETM,Italy,ITA,Net migration,SM.POP.NETM,2029,22576.828125
ITA_SM.POP.NETM,Italy,ITA,Net migration,SM.POP.NETM,2030,25234.416015625
LTU_SM.POP.NETM,Lithuania,LTU,Net migration,SM.POP.NETM,2024,25254.0546875
LTU_SM.POP.NETM,Lithuania,LTU,Net migration,SM.POP.NETM,2025,39526.9609375
LTU_SM.POP.NETM,Lithuania,LTU,Net migration,SM.POP.NETM,2026,36732.16015625
LTU_SM.POP.NETM,Lithuania,LTU,Net migration,SM.POP.NETM,2027,29335.33984375
LTU_SM.POP.NETM,Lithuania,LTU,Net migration,SM.POP.NETM,2028,28666.412109375
LTU_SM.POP.NETM,Lithuania,LTU,Net migration,SM.POP.NETM,2029,37710.54296875
LTU_SM.POP.NETM,Lithuania,LTU,Net migration,SM.POP.NETM,2030,34523.31640625
LUX_SM.POP.NETM,Luxembourg,LUX,Net migration,SM.POP.NETM,2024,-52.10821533203125
LUX_SM.POP.NETM,Luxembourg,LUX,Net migration,SM.POP.NETM,2025,-30732.01953125
LUX_SM.POP.NETM,Luxembourg,LUX,Net migration,SM.POP.NETM,2026,-72570.0546875
LUX_SM.POP.NETM,Luxembourg,LUX,Net migration,SM.POP.NETM,2027,-119520.5703125
LUX_SM.POP.NETM,Luxembourg,LUX,Net migration,SM.POP.NETM,2028,-151567.328125
LUX_SM.POP.NETM,Luxembourg,LUX,Net migration,SM.POP.NETM,2029,-162278.96875
LUX_SM.POP.NETM,Luxembourg,LUX,Net migration,SM.POP.NETM,2030,-136742.921875
LVA_SM.POP.NETM,Latvia,LVA,Net migration,SM.POP.NETM,2024,-38065.10546875
LVA_SM.POP.NETM,Latvia,LVA,Net migration,SM.POP.NETM,2025,-79274.1015625
LVA_SM.POP.NETM,Latvia,LVA,Net migration,SM.POP.NETM,2026,-60051.1640625
LVA_SM.POP.NETM,Latvia,LVA,Net migration,SM.POP.NETM,2027,-98676.71875
LVA_SM.POP.NETM,Latvia,LVA,Net migration,SM.POP.NETM,2028,-101361.3046875
LVA_SM.POP.NETM,Latvia,LVA,Net migration,SM.POP.NETM,2029,-96249.7421875
LVA_SM.POP.NETM,Latvia,LVA,Net migration,SM.POP.NETM,2030,-79200.0234375
MLT_SM.POP.NETM,Malta,MLT,Net migration,SM.POP.NETM,2024,48875.6015625
MLT_SM.POP.NETM,Malta,MLT,Net migration,SM.POP.NETM,2025,-5637.1591796875
MLT_SM.POP.NETM,Malta,MLT,Net migration,SM.POP.NETM,2026,-74776.15625
MLT_SM.POP.NETM,Malta,MLT,Net migration,SM.POP.NETM,2027,-88597.3984375
MLT_SM.POP.NETM,Malta,MLT,Net migration,SM.POP.NETM,2028,-99582.6484375
MLT_SM.POP.NETM,Malta,MLT,Net migration,SM.POP.NETM,2029,-97927.015625
MLT_SM.POP.NETM,Malta,MLT,Net migration,SM.POP.NETM,2030,-125916.7421875
NLD_SM.POP.NETM,Netherlands,NLD,Net migration,SM.POP.NETM,2024,178961.515625
NLD_SM.POP.NETM,Netherlands,NLD,Net migration,SM.POP.NETM,2025,115906.09375
NLD_SM.POP.NETM,Netherlands,NLD,Net migration,SM.POP.NETM,2026,62751.41015625
NLD_SM.POP.NETM,Netherlands,NLD,Net migration,SM.POP.NETM,2027,39898.8984375
NLD_SM.POP.NETM,Netherlands,NLD,Net migration,SM.POP.NETM,2028,58120.0234375
NLD_SM.POP.NETM,Netherlands,NLD,Net migration,SM.POP.NETM,2029,56756.61328125
NLD_SM.POP.NETM,Netherlands,NLD,Net migration,SM.POP.NETM,2030,60190.94921875
POL_SM.POP.NETM,Poland,POL,Net migration,SM.POP.NETM,2024,8632.634765625
POL_SM.POP.NETM,Poland,POL,Net migration,SM.POP.NETM,2025,85139.453125
POL_SM.POP.NETM,Poland,POL,Net migration,SM.POP.NETM,2026,4211.54931640625
POL_SM.POP.NETM,Poland,POL,Net migration,SM.POP.NETM,2027,-5674.80078125
POL_SM.POP.NETM,Poland,POL,Net migration,SM.POP.NETM,2028,32105.853515625
POL_SM.POP.NETM,Poland,POL,Net migration,SM.POP.NETM,2029,517.5380249023438
POL_SM.POP.NETM,Poland,POL,Net migration,SM.POP.NETM,2030,-75198.1484375
PRT_SM.POP.NETM,Portugal,PRT,Net migration,SM.POP.NETM,2024,30011.978515625
PRT_SM.POP.NETM,Portugal,PRT,Net migration,SM.POP.NETM,2025,33909.9765625
PRT_SM.POP.NETM,Portugal,PRT,Net migration,SM.POP.NETM,2026,56687.9921875
PRT_SM.POP.NETM,Portugal,PRT,Net migration,SM.POP.NETM,2027,39952.6484375
PRT_SM.POP.NETM,Portugal,PRT,Net migration,SM.POP.NETM,2028,39846.53125
PRT_SM.POP.NETM,Portugal,PRT,Net migration,SM.POP.NETM,2029,37623.49609375
PRT_SM.POP.NETM,Portugal,PRT,Net migration,SM.POP.NETM,2030,81236.6953125
ROU_SM.POP.NETM,Romania,ROU,Net migration,SM.POP.NETM,2024,-106040.0234375
ROU_SM.POP.NETM,Romania,ROU,Net migration,SM.POP.NETM,2025,-58709.8515625
ROU_SM.POP.NETM,Romania,ROU,Net migration,SM.POP.NETM,2026,-119562.0625
ROU_SM.POP.NETM,Romania,ROU,Net migration,SM.POP.NETM,2027,-141514.8125
ROU_SM.POP.NETM,Romania,ROU,Net migration,SM.POP.NETM,2028,-152254.59375
ROU_SM.POP.NETM,Romania,ROU,Net migration,SM.POP.NETM,2029,-133440.75
ROU_SM.POP.NETM,Romania,ROU,Net migration,SM.POP.NETM,2030,-155229.25
SVK_SM.POP.NETM,Slovak Republic,SVK,Net migration,SM.POP.NETM,2024,-37945.67578125
SVK_SM.POP.NETM,Slovak Republic,SVK,Net migration,SM.POP.NETM,2025,-58526.03515625
SVK_SM.POP.NETM,Slovak Republic,SVK,Net migration,SM.POP.NETM,2026,-93113.2734375
SVK_SM.POP.NETM,Slovak Republic,SVK,Net migration,SM.POP.NETM,2027,-96415.7265625
SVK_SM.POP.NETM,Slovak Republic,SVK,Net migration,SM.POP.NETM,2028,-80917.0859375
SVK_SM.POP.NETM,Slovak Republic,SVK,Net migration,SM.POP.NETM,2029,-105375.4609375
SVK_SM.POP.NETM,Slovak Republic,SVK,Net migration,SM.POP.NETM,2030,-103914.671875
SVN_SM.POP.NETM,Slovenia,SVN,Net migration,SM.POP.NETM,2024,-33080.890625
SVN_SM.POP.NETM,Slovenia,SVN,Net migration,SM.POP.NETM,2025,-71643.734375
SVN_SM.POP.NETM,Slovenia,SVN,Net migration,SM.POP.NETM,2026,-104626.6796875
SVN_SM.POP.NETM,Slovenia,SVN,Net migration,SM.POP.NETM,2027,-140694.59375
SVN_SM.POP.NETM,Slovenia,SVN,Net migration,SM.POP.NETM,2028,-176432.53125
SVN_SM.POP.NETM,Slovenia,SVN,Net migration,SM.POP.NETM,2029,-173976.796875
SVN_SM.POP.NETM,Slovenia,SVN,Net migration,SM.POP.NETM,2030,-153126.984375
SWE_SM.POP.NETM,Sweden,SWE,Net migration,SM.POP.NETM,2024,49563.81640625
SWE_SM.POP.NETM,Sweden,SWE,Net migration,SM.POP.NETM,2025,42978.55859375
SWE_SM.POP.NETM,Sweden,SWE,Net migration,SM.POP.NETM,2026,41493.26171875
SWE_SM.POP.NETM,Sweden,SWE,Net migration,SM.POP.NETM,2027,62808.56640625
SWE_SM.POP.NETM,Sweden,SWE,Net migration,SM.POP.NETM,2028,57263.046875
SWE_SM.POP.NETM,Sweden,SWE,Net migration,SM.POP.NETM,2029,43196.5625
SWE_SM.POP.NETM,Sweden,SWE,Net migration,SM.POP.NETM,2030,42252.84765625
