series_id,Country Name,Country Code,Indicator Name,Indicator Code,year,pred_xgb
AUT_IP.PAT.RESD,Austria,AUT,"Patent applications, residents",IP.PAT.RESD,2024,1861.2056884765625
AUT_IP.PAT.RESD,Austria,AUT,"Patent applications, residents",IP.PAT.RESD,2025,1811.447021484375
AUT_IP.PAT.RESD,Austria,AUT,"Patent applications, residents",IP.PAT.RESD,2026,1803.36328125
AUT_IP.PAT.RESD,Austria,AUT,"Patent applications, residents",IP.PAT.RESD,2027,1792.008056640625
AUT_IP.PAT.RESD,Austria,AUT,"Patent applications, residents",IP.PAT.RESD,2028,1791.334716796875
AUT_IP.PAT.RESD,Austria,AUT,"Patent applications, residents",IP.PAT.RESD,2029,1773.198486328125
AUT_IP.PAT.RESD,Austria,AUT,"Patent applications, residents",IP.PAT.RESD,2030,1781.5625
BEL_IP.PAT.RESD,Belgium,BEL,"Patent applications, residents",IP.PAT.RESD,2024,791.4295654296875
BEL_IP.PAT.RESD,Belgium,BEL,"Patent applications, residents",IP.PAT.RESD,2025,766.45458984375
BEL_IP.PAT.RESD,Belgium,BEL,"Patent applications, residents",IP.PAT.RESD,2026,694.4014892578125
BEL_IP.PAT.RESD,Belgium,BEL,"Patent applications, residents",IP.PAT.RESD,2027,681.7142333984375
BEL_IP.PAT.RESD,Belgium,BEL,"Patent applications, residents",IP.PAT.RESD,2028,680.0431518554688
BEL_IP.PAT.RESD,Belgium,BEL,"Patent applications, residents",IP.PAT.RESD,2029,678.9490966796875
BEL_IP.PAT.RESD,Belgium,BEL,"Patent applications, residents",IP.PAT.RESD,2030,653.1033935546875
BGR_IP.PAT.RESD,Bulgaria,BGR,"Patent applications, residents",IP.PAT.RESD,2024,130.84312438964844
BGR_IP.PAT.RESD,Bulgaria,BGR,"Patent applications, residents",IP.PAT.RESD,2025,121.04363250732422
BGR_IP.PAT.RESD,Bulgaria,BGR,"Patent applications, residents",IP.PAT.RESD,2026,120.41704559326172
BGR_IP.PAT.RESD,Bulgaria,BGR,"Patent applications, residents",IP.PAT.RESD,2027,102.55620574951172
BGR_IP.PAT.RESD,Bulgaria,BGR,"Patent applications, residents",IP.PAT.RESD,2028,98.8089370727539
BGR_IP.PAT.RESD,Bulgaria,BGR,"Patent applications, residents",IP.PAT.RESD,2029,84.12187957763672
BGR_IP.PAT.RESD,Bulgaria,BGR,"Patent applications, residents",IP.PAT.RESD,2030,75.83452606201172
CYP_IP.PAT.RESD,Cyprus,CYP,"Patent applications, residents",IP.PAT.RESD,2024,10.641448974609375
CYP_IP.PAT.RESD,Cyprus,CYP,"Patent applications, residents",IP.PAT.RESD,2025,14.875343322753906
CYP_IP.PAT.RESD,Cyprus,CYP,"Patent applications, residents",IP.PAT.RESD,2026,14.875343322753906
CYP_IP.PAT.RESD,Cyprus,CYP,"Patent applications, residents",IP.PAT.RESD,2027,14.843427658081055
CYP_IP.PAT.RESD,Cyprus,CYP,"Patent applications, residents",IP.PAT.RESD,2028,11.256818771362305
CYP_IP.PAT.RESD,Cyprus,CYP,"Patent applications, residents",IP.PAT.RESD,2029,12.007854461669922
CYP_IP.PAT.RESD,Cyprus,CYP,"Patent applications, residents",IP.PAT.RESD,2030,12.007854461669922
CZE_IP.PAT.RESD,Czechia,CZE,"Patent applications, residents",IP.PAT.RESD,2024,518.0223388671875
CZE_IP.PAT.RESD,Czechia,CZE,"Patent applications, residents",IP.PAT.RESD,2025,473.6568908691406
CZE_IP.PAT.RESD,Czechia,CZE,"Patent applications, residents",IP.PAT.RESD,2026,437.8766174316406
CZE_IP.PAT.RESD,Czechia,CZE,"Patent applications, residents",IP.PAT.RESD,2027,429.0424499511719
CZE_IP.PAT.RESD,Czechia,CZE,"Patent applications, residents",IP.PAT.RESD,2028,405.09478759765625
CZE_IP.PAT.RESD,Czechia,CZE,"Patent applications, residents",IP.PAT.RESD,2029,405.09478759765625
CZE_IP.PAT.RESD,Czechia,CZE,"Patent applications, residents",IP.PAT.RESD,2030,404.4239196777344
DEU_IP.PAT.RESD,Germany,DEU,"Patent applications, residents",IP.PAT.RESD,2024,38703.83984375
DEU_IP.PAT.RESD,Germany,DEU,"Patent applications, residents",IP.PAT.RESD,2025,15400.2646484375
DEU_IP.PAT.RESD,Germany,DEU,"Patent applications, residents",IP.PAT.RESD,2026,13856.1484375
DEU_IP.PAT.RESD,Germany,DEU,"Patent applications, residents",IP.PAT.RESD,2027,13670.6630859375
DEU_IP.PAT.RESD,Germany,DEU,"Patent applications, residents",IP.PAT.RESD,2028,14820.904296875
DEU_IP.PAT.RESD,Germany,DEU,"Patent applications, residents",IP.PAT.RESD,2029,14369.8046875
DEU_IP.PAT.RESD,Germany,DEU,"Patent applications, residents",IP.PAT.RESD,2030,13939.1376953125
DNK_IP.PAT.RESD,Denmark,DNK,"Patent applications, residents",IP.PAT.RESD,2024,1034.673095703125
DNK_IP.PAT.RESD,Denmark,DNK,"Patent applications, residents",IP.PAT.RESD,2025,967.0888061523438
DNK_IP.PAT.RESD,Denmark,DNK,"Patent applications, residents",IP.PAT.RESD,2026,977.7128295898438
DNK_IP.PAT.RESD,Denmark,DNK,"Patent applications, residents",IP.PAT.RESD,2027,967.1166381835938
DNK_IP.PAT.RESD,Denmark,DNK,"Patent applications, residents",IP.PAT.RESD,2028,969.373046875
DNK_IP.PAT.RESD,Denmark,DNK,"Patent applications, residents",IP.PAT.RESD,2029,967.5440673828125
DNK_IP.PAT.RESD,Denmark,DNK,"Patent applications, residents",IP.PAT.RESD,2030,942.8564453125
ESP_IP.PAT.RESD,Spain,ESP,"Patent applications, residents",IP.PAT.RESD,2024,1058.7158203125
ESP_IP.PAT.RESD,Spain,ESP,"Patent applications, residents",IP.PAT.RESD,2025,1108.1434326171875
ESP_IP.PAT.RESD,Spain,ESP,"Patent applications, residents",IP.PAT.RESD,2026,1082.232421875
ESP_IP.PAT.RESD,Spain,ESP,"Patent applications, residents",IP.PAT.RESD,2027,1060.76220703125
ESP_IP.PAT.RESD,Spain,ESP,"Patent applications, residents",IP.PAT.RESD,2028,1062.2203369140625
ESP_IP.PAT.RESD,Spain,ESP,"Patent applications, residents",IP.PAT.RESD,2029,1068.2120361328125
ESP_IP.PAT.RESD,Spain,ESP,"Patent applications, residents",IP.PAT.RESD,2030,1059.360595703125
EST_IP.PAT.RESD,Estonia,EST,"Patent applications, residents",IP.PAT.RESD,2024,20.356321334838867
EST_IP.PAT.RESD,Estonia,EST,"Patent applications, residents",IP.PAT.RESD,2025,22.224084854125977
EST_IP.PAT.RESD,Estonia,EST,"Patent applications, residents",IP.PAT.RESD,2026,20.79075813293457
EST_IP.PAT.RESD,Estonia,EST,"Patent applications, residents",IP.PAT.RESD,2027,14.600580215454102
EST_IP.PAT.RESD,Estonia,EST,"Patent applications, residents",IP.PAT.RESD,2028,19.74831199645996
EST_IP.PAT.RESD,Estonia,EST,"Patent applications, residents",IP.PAT.RESD,2029,17.32884979248047
EST_IP.PAT.RESD,Estonia,EST,"Patent applications, residents",IP.PAT.RESD,2030,14.843427658081055
FIN_IP.PAT.RESD,Finland,FIN,"Patent applications, residents",IP.PAT.RESD,2024,1450.721435546875
FIN_IP.PAT.RESD,Finland,FIN,"Patent applications, residents",IP.PAT.RESD,2025,1379.6046142578125
FIN_IP.PAT.RESD,Finland,FIN,"Patent applications, residents",IP.PAT.RESD,2026,1397.853515625
FIN_IP.PAT.RESD,Finland,FIN,"Patent applications, residents",IP.PAT.RESD,2027,1371.0478515625
FIN_IP.PAT.RESD,Finland,FIN,"Patent applications, residents",IP.PAT.RESD,2028,1372.8768310546875
FIN_IP.PAT.RESD,Finland,FIN,"Patent applications, residents",IP.PAT.RESD,2029,1372.2060546875
FIN_IP.PAT.RESD,Finland,FIN,"Patent applications, residents",IP.PAT.RESD,2030,1346.7877197265625
FRA_IP.PAT.RESD,France,FRA,"Patent applications, residents",IP.PAT.RESD,2024,12743.2373046875
FRA_IP.PAT.RESD,France,FRA,"Patent applications, residents",IP.PAT.RESD,2025,12004.1318359375
FRA_IP.PAT.RESD,France,FRA,"Patent applications, residents",IP.PAT.RESD,2026,11012.3125
FRA_IP.PAT.RESD,France,FRA,"Patent applications, residents",IP.PAT.RESD,2027,11838.169921875
FRA_IP.PAT.RESD,France,FRA,"Patent applications, residents",IP.PAT.RESD,2028,11814.3994140625
FRA_IP.PAT.RESD,France,FRA,"Patent applications, residents",IP.PAT.RESD,2029,11384.8671875
FRA_IP.PAT.RESD,France,FRA,"Patent applications, residents",IP.PAT.RESD,2030,11009.9638671875
GRC_IP.PAT.RESD,Greece,GRC,"Patent applications, residents",IP.PAT.RESD,2024,369.9555969238281
GRC_IP.PAT.RESD,Greece,GRC,"Patent applications, residents",IP.PAT.RESD,2025,360.1001892089844
GRC_IP.PAT.RESD,Greece,GRC,"Patent applications, residents",IP.PAT.RESD,2026,334.95782470703125
GRC_IP.PAT.RESD,Greece,GRC,"Patent applications, residents",IP.PAT.RESD,2027,317.33966064453125
GRC_IP.PAT.RESD,Greece,GRC,"Patent applications, residents",IP.PAT.RESD,2028,317.33966064453125
GRC_IP.PAT.RESD,Greece,GRC,"Patent applications, residents",IP.PAT.RESD,2029,316.735595703125
GRC_IP.PAT.RESD,Greece,GRC,"Patent applications, residents",IP.PAT.RESD,2030,290.4688415527344
HRV_IP.PAT.RESD,Croatia,HRV,"Patent applications, residents",IP.PAT.RESD,2024,63.64409255981445
HRV_IP.PAT.RESD,Croatia,HRV,"Patent applications, residents",IP.PAT.RESD,2025,57.22968292236328
HRV_IP.PAT.RESD,Croatia,HRV,"Patent applications, residents",IP.PAT.RESD,2026,58.74581527709961
HRV_IP.PAT.RESD,Croatia,HRV,"Patent applications, residents",IP.PAT.RESD,2027,54.69054412841797
HRV_IP.PAT.RESD,Croatia,HRV,"Patent applications, residents",IP.PAT.RESD,2028,53.29624938964844
HRV_IP.PAT.RESD,Croatia,HRV,"Patent applications, residents",IP.PAT.RESD,2029,54.69054412841797
HRV_IP.PAT.RESD,Croatia,HRV,"Patent applications, residents",IP.PAT.RESD,2030,52.54521560668945
HUN_IP.PAT.RESD,Hungary,HUN,"Patent applications, residents",IP.PAT.RESD,2024,406.65032958984375
HUN_IP.PAT.RESD,Hungary,HUN,"Patent applications, residents",IP.PAT.RESD,2025,405.09478759765625
HUN_IP.PAT.RESD,Hungary,HUN,"Patent applications, residents",IP.PAT.RESD,2026,404.4239196777344
HUN_IP.PAT.RESD,Hungary,HUN,"Patent applications, residents",IP.PAT.RESD,2027,383.3292541503906
HUN_IP.PAT.RESD,Hungary,HUN,"Patent applications, residents",IP.PAT.RESD,2028,391.7879333496094
HUN_IP.PAT.RESD,Hungary,HUN,"Patent applications, residents",IP.PAT.RESD,2029,389.958984375
HUN_IP.PAT.RESD,Hungary,HUN,"Patent applications, residents",IP.PAT.RESD,2030,389.60089111328125
IRL_IP.PAT.RESD,Ireland,IRL,"Patent applications, residents",IP.PAT.RESD,2024,63.64409255981445
IRL_IP.PAT.RESD,Ireland,IRL,"Patent applications, residents",IP.PAT.RESD,2025,57.22968292236328
IRL_IP.PAT.RESD,Ireland,IRL,"Patent applications, residents",IP.PAT.RESD,2026,58.74581527709961
IRL_IP.PAT.RESD,Ireland,IRL,"Patent applications, residents",IP.PAT.RESD,2027,54.69054412841797
IRL_IP.PAT.RESD,Ireland,IRL,"Patent applications, residents",IP.PAT.RESD,2028,53.29624938964844
IRL_IP.PAT.RESD,Ireland,IRL,"Patent applications, residents",IP.PAT.RESD,2029,54.69054412841797
IRL_IP.PAT.RESD,Ireland,IRL,"Patent applications, residents",IP.PAT.RESD,2030,52.54521560668945
ITA_IP.PAT.RESD,Italy,ITA,"Patent applications, residents",IP.PAT.RESD,2024,10922.1884765625
ITA_IP.PAT.RESD,Italy,ITA,"Patent applications, residents",IP.PAT.RESD,2025,11604.8828125
ITA_IP.PAT.RESD,Italy,ITA,"Patent applications, residents",IP.PAT.RESD,2026,11642.7763671875
ITA_IP.PAT.RESD,Italy,ITA,"Patent applications, residents",IP.PAT.RESD,2027,11296.73046875
ITA_IP.PAT.RESD,Italy,ITA,"Patent applications, residents",IP.PAT.RESD,2028,10984.3388671875
ITA_IP.PAT.RESD,Italy,ITA,"Patent applications, residents",IP.PAT.RESD,2029,11219.81640625
ITA_IP.PAT.RESD,Italy,ITA,"Patent applications, residents",IP.PAT.RESD,2030,11150.1123046875
LTU_IP.PAT.RESD,Lithuania,LTU,"Patent applications, residents",IP.PAT.RESD,2024,48.40119552612305
LTU_IP.PAT.RESD,Lithuania,LTU,"Patent applications, residents",IP.PAT.RESD,2025,59.372398376464844
LTU_IP.PAT.RESD,Lithuania,LTU,"Patent applications, residents",IP.PAT.RESD,2026,57.21660232543945
LTU_IP.PAT.RESD,Lithuania,LTU,"Patent applications, residents",IP.PAT.RESD,2027,55.5807991027832
LTU_IP.PAT.RESD,Lithuania,LTU,"Patent applications, residents",IP.PAT.RESD,2028,53.29624938964844
LTU_IP.PAT.RESD,Lithuania,LTU,"Patent applications, residents",IP.PAT.RESD,2029,53.29624938964844
LTU_IP.PAT.RESD,Lithuania,LTU,"Patent applications, residents",IP.PAT.RESD,2030,52.54521560668945
LUX_IP.PAT.RESD,Luxembourg,LUX,"Patent applications, residents",IP.PAT.RESD,2024,82.9109115600586
LUX_IP.PAT.RESD,Luxembourg,LUX,"Patent applications, residents",IP.PAT.RESD,2025,80.08919525146484
LUX_IP.PAT.RESD,Luxembourg,LUX,"Patent applications, residents",IP.PAT.RESD,2026,75.16365814208984
LUX_IP.PAT.RESD,Luxembourg,LUX,"Patent applications, residents",IP.PAT.RESD,2027,66.67967987060547
LUX_IP.PAT.RESD,Luxembourg,LUX,"Patent applications, residents",IP.PAT.RESD,2028,57.22968292236328
LUX_IP.PAT.RESD,Luxembourg,LUX,"Patent applications, residents",IP.PAT.RESD,2029,58.74581527709961
LUX_IP.PAT.RESD,Luxembourg,LUX,"Patent applications, residents",IP.PAT.RESD,2030,55.5807991027832
LVA_IP.PAT.RESD,Latvia,LVA,"Patent applications, residents",IP.PAT.RESD,2024,76.97663116455078
LVA_IP.PAT.RESD,Latvia,LVA,"Patent applications, residents",IP.PAT.RESD,2025,78.09581756591797
LVA_IP.PAT.RESD,Latvia,LVA,"Patent applications, residents",IP.PAT.RESD,2026,73.79686737060547
LVA_IP.PAT.RESD,Latvia,LVA,"Patent applications, residents",IP.PAT.RESD,2027,58.46639633178711
LVA_IP.PAT.RESD,Latvia,LVA,"Patent applications, residents",IP.PAT.RESD,2028,58.74581527709961
LVA_IP.PAT.RESD,Latvia,LVA,"Patent applications, residents",IP.PAT.RESD,2029,58.07494354248047
LVA_IP.PAT.RESD,Latvia,LVA,"Patent applications, residents",IP.PAT.RESD,2030,52.54521560668945
MLT_IP.PAT.RESD,Malta,MLT,"Patent applications, residents",IP.PAT.RESD,2024,10.641448974609375
MLT_IP.PAT.RESD,Malta,MLT,"Patent applications, residents",IP.PAT.RESD,2025,13.985085487365723
MLT_IP.PAT.RESD,Malta,MLT,"Patent applications, residents",IP.PAT.RESD,2026,14.875343322753906
MLT_IP.PAT.RESD,Malta,MLT,"Patent applications, residents",IP.PAT.RESD,2027,12.98791790008545
MLT_IP.PAT.RESD,Malta,MLT,"Patent applications, residents",IP.PAT.RESD,2028,11.256818771362305
MLT_IP.PAT.RESD,Malta,MLT,"Patent applications, residents",IP.PAT.RESD,2029,12.007854461669922
MLT_IP.PAT.RESD,Malta,MLT,"Patent applications, residents",IP.PAT.RESD,2030,11.256818771362305
NLD_IP.PAT.RESD,Netherlands,NLD,"Patent applications, residents",IP.PAT.RESD,2024,2017.39794921875
NLD_IP.PAT.RESD,Netherlands,NLD,"Patent applications, residents",IP.PAT.RESD,2025,1984.2845458984375
NLD_IP.PAT.RESD,Netherlands,NLD,"Patent applications, residents",IP.PAT.RESD,2026,1949.316650390625
NLD_IP.PAT.RESD,Netherlands,NLD,"Patent applications, residents",IP.PAT.RESD,2027,1882.121826171875
NLD_IP.PAT.RESD,Netherlands,NLD,"Patent applications, residents",IP.PAT.RESD,2028,1880.648193359375
NLD_IP.PAT.RESD,Netherlands,NLD,"Patent applications, residents",IP.PAT.RESD,2029,1880.824462890625
NLD_IP.PAT.RESD,Netherlands,NLD,"Patent applications, residents",IP.PAT.RESD,2030,1861.2056884765625
POL_IP.PAT.RESD,Poland,POL,"Patent applications, residents",IP.PAT.RESD,2024,3189.97314453125
POL_IP.PAT.RESD,Poland,POL,"Patent applications, residents",IP.PAT.RESD,2025,2958.377685546875
POL_IP.PAT.RESD,Poland,POL,"Patent applications, residents",IP.PAT.RESD,2026,2973.856689453125
POL_IP.PAT.RESD,Poland,POL,"Patent applications, residents",IP.PAT.RESD,2027,2888.455078125
POL_IP.PAT.RESD,Poland,POL,"Patent applications, residents",IP.PAT.RESD,2028,2868.3720703125
POL_IP.PAT.RESD,Poland,POL,"Patent applications, residents",IP.PAT.RESD,2029,2716.0732421875
POL_IP.PAT.RESD,Poland,POL,"Patent applications, residents",IP.PAT.RESD,2030,2404.630859375
PRT_IP.PAT.RESD,Portugal,PRT,"Patent applications, residents",IP.PAT.RESD,2024,648.62646484375
PRT_IP.PAT.RESD,Portugal,PRT,"Patent applications, residents",IP.PAT.RESD,2025,634.2671508789062
PRT_IP.PAT.RESD,Portugal,PRT,"Patent applications, residents",IP.PAT.RESD,2026,636.1239624023438
PRT_IP.PAT.RESD,Portugal,PRT,"Patent applications, residents",IP.PAT.RESD,2027,634.0037231445312
PRT_IP.PAT.RESD,Portugal,PRT,"Patent applications, residents",IP.PAT.RESD,2028,608.1580200195312
PRT_IP.PAT.RESD,Portugal,PRT,"Patent applications, residents",IP.PAT.RESD,2029,573.55517578125
PRT_IP.PAT.RESD,Portugal,PRT,"Patent applications, residents",IP.PAT.RESD,2030,561.12646484375
ROU_IP.PAT.RESD,Romania,ROU,"Patent applications, residents",IP.PAT.RESD,2024,688.810791015625
ROU_IP.PAT.RESD,Romania,ROU,"Patent applications, residents",IP.PAT.RESD,2025,681.2434692382812
ROU_IP.PAT.RESD,Romania,ROU,"Patent applications, residents",IP.PAT.RESD,2026,677.9957885742188
ROU_IP.PAT.RESD,Romania,ROU,"Patent applications, residents",IP.PAT.RESD,2027,634.0037231445312
ROU_IP.PAT.RESD,Romania,ROU,"Patent applications, residents",IP.PAT.RESD,2028,636.7505493164062
ROU_IP.PAT.RESD,Romania,ROU,"Patent applications, residents",IP.PAT.RESD,2029,634.2949829101562
ROU_IP.PAT.RESD,Romania,ROU,"Patent applications, residents",IP.PAT.RESD,2030,608.1580200195312
SVK_IP.PAT.RESD,Slovak Republic,SVK,"Patent applications, residents",IP.PAT.RESD,2024,113.62181854248047
SVK_IP.PAT.RESD,Slovak Republic,SVK,"Patent applications, residents",IP.PAT.RESD,2025,114.12532806396484
SVK_IP.PAT.RESD,Slovak Republic,SVK,"Patent applications, residents",IP.PAT.RESD,2026,104.07234954833984
SVK_IP.PAT.RESD,Slovak Republic,SVK,"Patent applications, residents",IP.PAT.RESD,2027,97.29279327392578
SVK_IP.PAT.RESD,Slovak Republic,SVK,"Patent applications, residents",IP.PAT.RESD,2028,86.9046859741211
SVK_IP.PAT.RESD,Slovak Republic,SVK,"Patent applications, residents",IP.PAT.RESD,2029,78.41436004638672
SVK_IP.PAT.RESD,Slovak Republic,SVK,"Patent applications, residents",IP.PAT.RESD,2030,74.46773529052734
SVN_IP.PAT.RESD,Slovenia,SVN,"Patent applications, residents",IP.PAT.RESD,2024,170.7751007080078
SVN_IP.PAT.RESD,Slovenia,SVN,"Patent applications, residents",IP.PAT.RESD,2025,170.80445861816406
SVN_IP.PAT.RESD,Slovenia,SVN,"Patent applications, residents",IP.PAT.RESD,2026,171.99037170410156
SVN_IP.PAT.RESD,Slovenia,SVN,"Patent applications, residents",IP.PAT.RESD,2027,141.48777770996094
SVN_IP.PAT.RESD,Slovenia,SVN,"Patent applications, residents",IP.PAT.RESD,2028,137.21141052246094
SVN_IP.PAT.RESD,Slovenia,SVN,"Patent applications, residents",IP.PAT.RESD,2029,119.74617767333984
SVN_IP.PAT.RESD,Slovenia,SVN,"Patent applications, residents",IP.PAT.RESD,2030,113.49874114990234
SWE_IP.PAT.RESD,Sweden,SWE,"Patent applications, residents",IP.PAT.RESD,2024,1741.4119873046875
SWE_IP.PAT.RESD,Sweden,SWE,"Patent applications, residents",IP.PAT.RESD,2025,1614.8817138671875
SWE_IP.PAT.RESD,Sweden,SWE,"Patent applications, residents",IP.PAT.RESD,2026,1508.3656005859375
SWE_IP.PAT.RESD,Sweden,SWE,"Patent applications, residents",IP.PAT.RESD,2027,1490.5267333984375
SWE_IP.PAT.RESD,Sweden,SWE,"Patent applications, residents",IP.PAT.RESD,2028,1480.1905517578125
SWE_IP.PAT.RESD,Sweden,SWE,"Patent applications, residents",IP.PAT.RESD,2029,1368.6566162109375
SWE_IP.PAT.RESD,Sweden,SWE,"Patent applications, residents",IP.PAT.RESD,2030,1381.6439208984375
