series_id,Country Name,Country Code,Indicator Name,Indicator Code,year,pred_xgb
AUT_SG.GEN.PARL.ZS,Austria,AUT,Proportion of seats held by women in national parliaments (%),SG.GEN.PARL.ZS,2024,40.75904846191406
AUT_SG.GEN.PARL.ZS,Austria,AUT,Proportion of seats held by women in national parliaments (%),SG.GEN.PARL.ZS,2025,40.572425842285156
AUT_SG.GEN.PARL.ZS,Austria,AUT,Proportion of seats held by women in national parliaments (%),SG.GEN.PARL.ZS,2026,40.57745361328125
AUT_SG.GEN.PARL.ZS,Austria,AUT,Proportion of seats held by women in national parliaments (%),SG.GEN.PARL.ZS,2027,39.90120315551758
AUT_SG.GEN.PARL.ZS,Austria,AUT,Proportion of seats held by women in national parliaments (%),SG.GEN.PARL.ZS,2028,40.00672912597656
AUT_SG.GEN.PARL.ZS,Austria,AUT,Proportion of seats held by women in national parliaments (%),SG.GEN.PARL.ZS,2029,40.067352294921875
AUT_SG.GEN.PARL.ZS,Austria,AUT,Proportion of seats held by women in national parliaments (%),SG.GEN.PARL.ZS,2030,39.835731506347656
BEL_SG.GEN.PARL.ZS,Belgium,BEL,Proportion of seats held by women in national parliaments (%),SG.GEN.PARL.ZS,2024,43.398433685302734
BEL_SG.GEN.PARL.ZS,Belgium,BEL,Proportion of seats held by women in national parliaments (%),SG.GEN.PARL.ZS,2025,43.69649887084961
BEL_SG.GEN.PARL.ZS,Belgium,BEL,Proportion of seats held by women in national parliaments (%),SG.GEN.PARL.ZS,2026,44.29393768310547
BEL_SG.GEN.PARL.ZS,Belgium,BEL,Proportion of seats held by women in national parliaments (%),SG.GEN.PARL.ZS,2027,44.47243881225586
BEL_SG.GEN.PARL.ZS,Belgium,BEL,Proportion of seats held by women in national parliaments (%),SG.GEN.PARL.ZS,2028,44.43535232543945
BEL_SG.GEN.PARL.ZS,Belgium,BEL,Proportion of seats held by women in national parliaments (%),SG.GEN.PARL.ZS,2029,44.56106948852539
BEL_SG.GEN.PARL.ZS,Belgium,BEL,Proportion of seats held by women in national parliaments (%),SG.GEN.PARL.ZS,2030,44.26788330078125
BGR_SG.GEN.PARL.ZS,Bulgaria,BGR,Proportion of seats held by women in national parliaments (%),SG.GEN.PARL.ZS,2024,23.528003692626953
BGR_SG.GEN.PARL.ZS,Bulgaria,BGR,Proportion of seats held by women in national parliaments (%),SG.GEN.PARL.ZS,2025,23.255704879760742
BGR_SG.GEN.PARL.ZS,Bulgaria,BGR,Proportion of seats held by women in national parliaments (%),SG.GEN.PARL.ZS,2026,22.80832290649414
BGR_SG.GEN.PARL.ZS,Bulgaria,BGR,Proportion of seats held by women in national parliaments (%),SG.GEN.PARL.ZS,2027,21.924755096435547
BGR_SG.GEN.PARL.ZS,Bulgaria,BGR,Proportion of seats held by women in national parliaments (%),SG.GEN.PARL.ZS,2028,21.101951599121094
BGR_SG.GEN.PARL.ZS,Bulgaria,BGR,Proportion of seats held by women in national parliaments (%),SG.GEN.PARL.ZS,2029,21.102558135986328
BGR_SG.GEN.PARL.ZS,Bulgaria,BGR,Proportion of seats held by women in national parliaments (%),SG.GEN.PARL.ZS,2030,22.14736557006836
CYP_SG.GEN.PARL.ZS,Cyprus,CYP,Proportion of seats held by women in national parliaments (%),SG.GEN.PARL.ZS,2024,15.91330337524414
CYP_SG.GEN.PARL.ZS,Cyprus,CYP,Proportion of seats held by women in national parliaments (%),SG.GEN.PARL.ZS,2025,16.71521759033203
CYP_SG.GEN.PARL.ZS,Cyprus,CYP,Proportion of seats held by women in national parliaments (%),SG.GEN.PARL.ZS,2026,18.288188934326172
CYP_SG.GEN.PARL.ZS,Cyprus,CYP,Proportion of seats held by women in national parliaments (%),SG.GEN.PARL.ZS,2027,18.052644729614258
CYP_SG.GEN.PARL.ZS,Cyprus,CYP,Proportion of seats held by women in national parliaments (%),SG.GEN.PARL.ZS,2028,19.43773078918457
CYP_SG.GEN.PARL.ZS,Cyprus,CYP,Proportion of seats held by women in national parliaments (%),SG.GEN.PARL.ZS,2029,19.552003860473633
CYP_SG.GEN.PARL.ZS,Cyprus,CYP,Proportion of seats held by women in national parliaments (%),SG.GEN.PARL.ZS,2030,19.827117919921875
CZE_SG.GEN.PARL.ZS,Czechia,CZE,Proportion of seats held by women in national parliaments (%),SG.GEN.PARL.ZS,2024,27.351945877075195
CZE_SG.GEN.PARL.ZS,Czechia,CZE,Proportion of seats held by women in national parliaments (%),SG.GEN.PARL.ZS,2025,28.692832946777344
CZE_SG.GEN.PARL.ZS,Czechia,CZE,Proportion of seats held by women in national parliaments (%),SG.GEN.PARL.ZS,2026,27.53507423400879
CZE_SG.GEN.PARL.ZS,Czechia,CZE,Proportion of seats held by women in national parliaments (%),SG.GEN.PARL.ZS,2027,28.584102630615234
CZE_SG.GEN.PARL.ZS,Czechia,CZE,Proportion of seats held by women in national parliaments (%),SG.GEN.PARL.ZS,2028,30.893142700195312
CZE_SG.GEN.PARL.ZS,Czechia,CZE,Proportion of seats held by women in national parliaments (%),SG.GEN.PARL.ZS,2029,31.00989532470703
CZE_SG.GEN.PARL.ZS,Czechia,CZE,Proportion of seats held by women in national parliaments (%),SG.GEN.PARL.ZS,2030,31.51092529296875
DEU_SG.GEN.PARL.ZS,Germany,DEU,Proportion of seats held by women in national parliaments (%),SG.GEN.PARL.ZS,2024,35.58138656616211
DEU_SG.GEN.PARL.ZS,Germany,DEU,Proportion of seats held by women in national parliaments (%),SG.GEN.PARL.ZS,2025,35.569580078125
DEU_SG.GEN.PARL.ZS,Germany,DEU,Proportion of seats held by women in national parliaments (%),SG.GEN.PARL.ZS,2026,36.04486083984375
DEU_SG.GEN.PARL.ZS,Germany,DEU,Proportion of seats held by women in national parliaments (%),SG.GEN.PARL.ZS,2027,35.74977111816406
DEU_SG.GEN.PARL.ZS,Germany,DEU,Proportion of seats held by women in national parliaments (%),SG.GEN.PARL.ZS,2028,35.78378677368164
DEU_SG.GEN.PARL.ZS,Germany,DEU,Proportion of seats held by women in national parliaments (%),SG.GEN.PARL.ZS,2029,36.24235534667969
DEU_SG.GEN.PARL.ZS,Germany,DEU,Proportion of seats held by women in national parliaments (%),SG.GEN.PARL.ZS,2030,35.74977111816406
DNK_SG.GEN.PARL.ZS,Denmark,DNK,Proportion of seats held by women in national parliaments (%),SG.GEN.PARL.ZS,2024,44.103214263916016
DNK_SG.GEN.PARL.ZS,Denmark,DNK,Proportion of seats held by women in national parliaments (%),SG.GEN.PARL.ZS,2025,45.01921463012695
DNK_SG.GEN.PARL.ZS,Denmark,DNK,Proportion of seats held by women in national parliaments (%),SG.GEN.PARL.ZS,2026,44.41390609741211
DNK_SG.GEN.PARL.ZS,Denmark,DNK,Proportion of seats held by women in national parliaments (%),SG.GEN.PARL.ZS,2027,44.60942840576172
DNK_SG.GEN.PARL.ZS,Denmark,DNK,Proportion of seats held by women in national parliaments (%),SG.GEN.PARL.ZS,2028,45.01921463012695
DNK_SG.GEN.PARL.ZS,Denmark,DNK,Proportion of seats held by women in national parliaments (%),SG.GEN.PARL.ZS,2029,45.423641204833984
DNK_SG.GEN.PARL.ZS,Denmark,DNK,Proportion of seats held by women in national parliaments (%),SG.GEN.PARL.ZS,2030,45.64445114135742
ESP_SG.GEN.PARL.ZS,Spain,ESP,Proportion of seats held by women in national parliaments (%),SG.GEN.PARL.ZS,2024,44.24662780761719
ESP_SG.GEN.PARL.ZS,Spain,ESP,Proportion of seats held by women in national parliaments (%),SG.GEN.PARL.ZS,2025,44.31188201904297
ESP_SG.GEN.PARL.ZS,Spain,ESP,Proportion of seats held by women in national parliaments (%),SG.GEN.PARL.ZS,2026,44.31836700439453
ESP_SG.GEN.PARL.ZS,Spain,ESP,Proportion of seats held by women in national parliaments (%),SG.GEN.PARL.ZS,2027,44.37527084350586
ESP_SG.GEN.PARL.ZS,Spain,ESP,Proportion of seats held by women in national parliaments (%),SG.GEN.PARL.ZS,2028,44.344146728515625
ESP_SG.GEN.PARL.ZS,Spain,ESP,Proportion of seats held by women in national parliaments (%),SG.GEN.PARL.ZS,2029,44.69757080078125
ESP_SG.GEN.PARL.ZS,Spain,ESP,Proportion of seats held by women in national parliaments (%),SG.GEN.PARL.ZS,2030,44.896888732910156
EST_SG.GEN.PARL.ZS,Estonia,EST,Proportion of seats held by women in national parliaments (%),SG.GEN.PARL.ZS,2024,28.837553024291992
EST_SG.GEN.PARL.ZS,Estonia,EST,Proportion of seats held by women in national parliaments (%),SG.GEN.PARL.ZS,2025,27.057477951049805
EST_SG.GEN.PARL.ZS,Estonia,EST,Proportion of seats held by women in national parliaments (%),SG.GEN.PARL.ZS,2026,29.65785789489746
EST_SG.GEN.PARL.ZS,Estonia,EST,Proportion of seats held by women in national parliaments (%),SG.GEN.PARL.ZS,2027,29.50227165222168
EST_SG.GEN.PARL.ZS,Estonia,EST,Proportion of seats held by women in national parliaments (%),SG.GEN.PARL.ZS,2028,28.669525146484375
EST_SG.GEN.PARL.ZS,Estonia,EST,Proportion of seats held by women in national parliaments (%),SG.GEN.PARL.ZS,2029,28.397687911987305
EST_SG.GEN.PARL.ZS,Estonia,EST,Proportion of seats held by women in national parliaments (%),SG.GEN.PARL.ZS,2030,28.710222244262695
FIN_SG.GEN.PARL.ZS,Finland,FIN,Proportion of seats held by women in national parliaments (%),SG.GEN.PARL.ZS,2024,46.33794403076172
FIN_SG.GEN.PARL.ZS,Finland,FIN,Proportion of seats held by women in national parliaments (%),SG.GEN.PARL.ZS,2025,45.89091110229492
FIN_SG.GEN.PARL.ZS,Finland,FIN,Proportion of seats held by women in national parliaments (%),SG.GEN.PARL.ZS,2026,46.32569122314453
FIN_SG.GEN.PARL.ZS,Finland,FIN,Proportion of seats held by women in national parliaments (%),SG.GEN.PARL.ZS,2027,46.42030715942383
FIN_SG.GEN.PARL.ZS,Finland,FIN,Proportion of seats held by women in national parliaments (%),SG.GEN.PARL.ZS,2028,46.42030715942383
FIN_SG.GEN.PARL.ZS,Finland,FIN,Proportion of seats held by women in national parliaments (%),SG.GEN.PARL.ZS,2029,45.82647705078125
FIN_SG.GEN.PARL.ZS,Finland,FIN,Proportion of seats held by women in national parliaments (%),SG.GEN.PARL.ZS,2030,46.006343841552734
FRA_SG.GEN.PARL.ZS,France,FRA,Proportion of seats held by women in national parliaments (%),SG.GEN.PARL.ZS,2024,37.48459243774414
FRA_SG.GEN.PARL.ZS,France,FRA,Proportion of seats held by women in national parliaments (%),SG.GEN.PARL.ZS,2025,37.96999740600586
FRA_SG.GEN.PARL.ZS,France,FRA,Proportion of seats held by women in national parliaments (%),SG.GEN.PARL.ZS,2026,37.856414794921875
FRA_SG.GEN.PARL.ZS,France,FRA,Proportion of seats held by women in national parliaments (%),SG.GEN.PARL.ZS,2027,38.0450553894043
FRA_SG.GEN.PARL.ZS,France,FRA,Proportion of seats held by women in national parliaments (%),SG.GEN.PARL.ZS,2028,38.644466400146484
FRA_SG.GEN.PARL.ZS,France,FRA,Proportion of seats held by women in national parliaments (%),SG.GEN.PARL.ZS,2029,38.75843048095703
FRA_SG.GEN.PARL.ZS,France,FRA,Proportion of seats held by women in national parliaments (%),SG.GEN.PARL.ZS,2030,39.096534729003906
GRC_SG.GEN.PARL.ZS,Greece,GRC,Proportion of seats held by women in national parliaments (%),SG.GEN.PARL.ZS,2024,23.39028549194336
GRC_SG.GEN.PARL.ZS,Greece,GRC,Proportion of seats held by women in national parliaments (%),SG.GEN.PARL.ZS,2025,23.05124855041504
GRC_SG.GEN.PARL.ZS,Greece,GRC,Proportion of seats held by women in national parliaments (%),SG.GEN.PARL.ZS,2026,22.201440811157227
GRC_SG.GEN.PARL.ZS,Greece,GRC,Proportion of seats held by women in national parliaments (%),SG.GEN.PARL.ZS,2027,22.12251853942871
GRC_SG.GEN.PARL.ZS,Greece,GRC,Proportion of seats held by women in national parliaments (%),SG.GEN.PARL.ZS,2028,22.534467697143555
GRC_SG.GEN.PARL.ZS,Greece,GRC,Proportion of seats held by women in national parliaments (%),SG.GEN.PARL.ZS,2029,22.48179817199707
GRC_SG.GEN.PARL.ZS,Greece,GRC,Proportion of seats held by women in national parliaments (%),SG.GEN.PARL.ZS,2030,22.983219146728516
HRV_SG.GEN.PARL.ZS,Croatia,HRV,Proportion of seats held by women in national parliaments (%),SG.GEN.PARL.ZS,2024,32.53497314453125
HRV_SG.GEN.PARL.ZS,Croatia,HRV,Proportion of seats held by women in national parliaments (%),SG.GEN.PARL.ZS,2025,32.3095703125
HRV_SG.GEN.PARL.ZS,Croatia,HRV,Proportion of seats held by women in national parliaments (%),SG.GEN.PARL.ZS,2026,32.72682189941406
HRV_SG.GEN.PARL.ZS,Croatia,HRV,Proportion of seats held by women in national parliaments (%),SG.GEN.PARL.ZS,2027,32.50166702270508
HRV_SG.GEN.PARL.ZS,Croatia,HRV,Proportion of seats held by women in national parliaments (%),SG.GEN.PARL.ZS,2028,32.91495895385742
HRV_SG.GEN.PARL.ZS,Croatia,HRV,Proportion of seats held by women in national parliaments (%),SG.GEN.PARL.ZS,2029,34.24143600463867
HRV_SG.GEN.PARL.ZS,Croatia,HRV,Proportion of seats held by women in national parliaments (%),SG.GEN.PARL.ZS,2030,35.46898651123047
HUN_SG.GEN.PARL.ZS,Hungary,HUN,Proportion of seats held by women in national parliaments (%),SG.GEN.PARL.ZS,2024,18.655963897705078
HUN_SG.GEN.PARL.ZS,Hungary,HUN,Proportion of seats held by women in national parliaments (%),SG.GEN.PARL.ZS,2025,19.122875213623047
HUN_SG.GEN.PARL.ZS,Hungary,HUN,Proportion of seats held by women in national parliaments (%),SG.GEN.PARL.ZS,2026,19.47965431213379
HUN_SG.GEN.PARL.ZS,Hungary,HUN,Proportion of seats held by women in national parliaments (%),SG.GEN.PARL.ZS,2027,20.59705352783203
HUN_SG.GEN.PARL.ZS,Hungary,HUN,Proportion of seats held by women in national parliaments (%),SG.GEN.PARL.ZS,2028,21.545530319213867
HUN_SG.GEN.PARL.ZS,Hungary,HUN,Proportion of seats held by women in national parliaments (%),SG.GEN.PARL.ZS,2029,22.23767852783203
HUN_SG.GEN.PARL.ZS,Hungary,HUN,Proportion of seats held by women in national parliaments (%),SG.GEN.PARL.ZS,2030,21.87635040283203
IRL_SG.GEN.PARL.ZS,Ireland,IRL,Proportion of seats held by women in national parliaments (%),SG.GEN.PARL.ZS,2024,22.98775863647461
IRL_SG.GEN.PARL.ZS,Ireland,IRL,Proportion of seats held by women in national parliaments (%),SG.GEN.PARL.ZS,2025,21.56393051147461
IRL_SG.GEN.PARL.ZS,Ireland,IRL,Proportion of seats held by women in national parliaments (%),SG.GEN.PARL.ZS,2026,23.537065505981445
IRL_SG.GEN.PARL.ZS,Ireland,IRL,Proportion of seats held by women in national parliaments (%),SG.GEN.PARL.ZS,2027,23.456501007080078
IRL_SG.GEN.PARL.ZS,Ireland,IRL,Proportion of seats held by women in national parliaments (%),SG.GEN.PARL.ZS,2028,24.193586349487305
IRL_SG.GEN.PARL.ZS,Ireland,IRL,Proportion of seats held by women in national parliaments (%),SG.GEN.PARL.ZS,2029,23.619516372680664
IRL_SG.GEN.PARL.ZS,Ireland,IRL,Proportion of seats held by women in national parliaments (%),SG.GEN.PARL.ZS,2030,23.702930450439453
ITA_SG.GEN.PARL.ZS,Italy,ITA,Proportion of seats held by women in national parliaments (%),SG.GEN.PARL.ZS,2024,32.573753356933594
ITA_SG.GEN.PARL.ZS,Italy,ITA,Proportion of seats held by women in national parliaments (%),SG.GEN.PARL.ZS,2025,32.47418975830078
ITA_SG.GEN.PARL.ZS,Italy,ITA,Proportion of seats held by women in national parliaments (%),SG.GEN.PARL.ZS,2026,32.98644256591797
ITA_SG.GEN.PARL.ZS,Italy,ITA,Proportion of seats held by women in national parliaments (%),SG.GEN.PARL.ZS,2027,34.287776947021484
ITA_SG.GEN.PARL.ZS,Italy,ITA,Proportion of seats held by women in national parliaments (%),SG.GEN.PARL.ZS,2028,35.46898651123047
ITA_SG.GEN.PARL.ZS,Italy,ITA,Proportion of seats held by women in national parliaments (%),SG.GEN.PARL.ZS,2029,35.27576446533203
ITA_SG.GEN.PARL.ZS,Italy,ITA,Proportion of seats held by women in national parliaments (%),SG.GEN.PARL.ZS,2030,37.80808639526367
LTU_SG.GEN.PARL.ZS,Lithuania,LTU,Proportion of seats held by women in national parliaments (%),SG.GEN.PARL.ZS,2024,28.283231735229492
LTU_SG.GEN.PARL.ZS,Lithuania,LTU,Proportion of seats held by women in national parliaments (%),SG.GEN.PARL.ZS,2025,27.886280059814453
LTU_SG.GEN.PARL.ZS,Lithuania,LTU,Proportion of seats held by women in national parliaments (%),SG.GEN.PARL.ZS,2026,28.883569717407227
LTU_SG.GEN.PARL.ZS,Lithuania,LTU,Proportion of seats held by women in national parliaments (%),SG.GEN.PARL.ZS,2027,28.36773681640625
LTU_SG.GEN.PARL.ZS,Lithuania,LTU,Proportion of seats held by women in national parliaments (%),SG.GEN.PARL.ZS,2028,28.108423233032227
LTU_SG.GEN.PARL.ZS,Lithuania,LTU,Proportion of seats held by women in national parliaments (%),SG.GEN.PARL.ZS,2029,28.505605697631836
LTU_SG.GEN.PARL.ZS,Lithuania,LTU,Proportion of seats held by women in national parliaments (%),SG.GEN.PARL.ZS,2030,28.76797103881836
LUX_SG.GEN.PARL.ZS,Luxembourg,LUX,Proportion of seats held by women in national parliaments (%),SG.GEN.PARL.ZS,2024,34.91909408569336
LUX_SG.GEN.PARL.ZS,Luxembourg,LUX,Proportion of seats held by women in national parliaments (%),SG.GEN.PARL.ZS,2025,35.88812255859375
LUX_SG.GEN.PARL.ZS,Luxembourg,LUX,Proportion of seats held by women in national parliaments (%),SG.GEN.PARL.ZS,2026,35.33283615112305
LUX_SG.GEN.PARL.ZS,Luxembourg,LUX,Proportion of seats held by women in national parliaments (%),SG.GEN.PARL.ZS,2027,35.583370208740234
LUX_SG.GEN.PARL.ZS,Luxembourg,LUX,Proportion of seats held by women in national parliaments (%),SG.GEN.PARL.ZS,2028,35.70751953125
LUX_SG.GEN.PARL.ZS,Luxembourg,LUX,Proportion of seats held by women in national parliaments (%),SG.GEN.PARL.ZS,2029,35.741859436035156
LUX_SG.GEN.PARL.ZS,Luxembourg,LUX,Proportion of seats held by women in national parliaments (%),SG.GEN.PARL.ZS,2030,35.12350845336914
LVA_SG.GEN.PARL.ZS,Latvia,LVA,Proportion of seats held by women in national parliaments (%),SG.GEN.PARL.ZS,2024,32.31871795654297
LVA_SG.GEN.PARL.ZS,Latvia,LVA,Proportion of seats held by women in national parliaments (%),SG.GEN.PARL.ZS,2025,31.87911605834961
LVA_SG.GEN.PARL.ZS,Latvia,LVA,Proportion of seats held by women in national parliaments (%),SG.GEN.PARL.ZS,2026,32.89152526855469
LVA_SG.GEN.PARL.ZS,Latvia,LVA,Proportion of seats held by women in national parliaments (%),SG.GEN.PARL.ZS,2027,32.62104034423828
LVA_SG.GEN.PARL.ZS,Latvia,LVA,Proportion of seats held by women in national parliaments (%),SG.GEN.PARL.ZS,2028,32.667327880859375
LVA_SG.GEN.PARL.ZS,Latvia,LVA,Proportion of seats held by women in national parliaments (%),SG.GEN.PARL.ZS,2029,32.405155181884766
LVA_SG.GEN.PARL.ZS,Latvia,LVA,Proportion of seats held by women in national parliaments (%),SG.GEN.PARL.ZS,2030,32.88280487060547
MLT_SG.GEN.PARL.ZS,Malta,MLT,Proportion of seats held by women in national parliaments (%),SG.GEN.PARL.ZS,2024,27.26373863220215
MLT_SG.GEN.PARL.ZS,Malta,MLT,Proportion of seats held by women in national parliaments (%),SG.GEN.PARL.ZS,2025,30.042842864990234
MLT_SG.GEN.PARL.ZS,Malta,MLT,Proportion of seats held by women in national parliaments (%),SG.GEN.PARL.ZS,2026,31.164396286010742
MLT_SG.GEN.PARL.ZS,Malta,MLT,Proportion of seats held by women in national parliaments (%),SG.GEN.PARL.ZS,2027,30.675251007080078
MLT_SG.GEN.PARL.ZS,Malta,MLT,Proportion of seats held by women in national parliaments (%),SG.GEN.PARL.ZS,2028,31.766096115112305
MLT_SG.GEN.PARL.ZS,Malta,MLT,Proportion of seats held by women in national parliaments (%),SG.GEN.PARL.ZS,2029,32.31861877441406
MLT_SG.GEN.PARL.ZS,Malta,MLT,Proportion of seats held by women in national parliaments (%),SG.GEN.PARL.ZS,2030,31.75344467163086
NLD_SG.GEN.PARL.ZS,Netherlands,NLD,Proportion of seats held by women in national parliaments (%),SG.GEN.PARL.ZS,2024,39.93755340576172
NLD_SG.GEN.PARL.ZS,Netherlands,NLD,Proportion of seats held by women in national parliaments (%),SG.GEN.PARL.ZS,2025,40.071685791015625
NLD_SG.GEN.PARL.ZS,Netherlands,NLD,Proportion of seats held by women in national parliaments (%),SG.GEN.PARL.ZS,2026,39.79835891723633
NLD_SG.GEN.PARL.ZS,Netherlands,NLD,Proportion of seats held by women in national parliaments (%),SG.GEN.PARL.ZS,2027,40.47568893432617
NLD_SG.GEN.PARL.ZS,Netherlands,NLD,Proportion of seats held by women in national parliaments (%),SG.GEN.PARL.ZS,2028,40.054386138916016
NLD_SG.GEN.PARL.ZS,Netherlands,NLD,Proportion of seats held by women in national parliaments (%),SG.GEN.PARL.ZS,2029,40.121212005615234
NLD_SG.GEN.PARL.ZS,Netherlands,NLD,Proportion of seats held by women in national parliaments (%),SG.GEN.PARL.ZS,2030,40.52349853515625
POL_SG.GEN.PARL.ZS,Poland,POL,Proportion of seats held by women in national parliaments (%),SG.GEN.PARL.ZS,2024,29.30499267578125
POL_SG.GEN.PARL.ZS,Poland,POL,Proportion of seats held by women in national parliaments (%),SG.GEN.PARL.ZS,2025,29.52334976196289
POL_SG.GEN.PARL.ZS,Poland,POL,Proportion of seats held by women in national parliaments (%),SG.GEN.PARL.ZS,2026,28.62047004699707
POL_SG.GEN.PARL.ZS,Poland,POL,Proportion of seats held by women in national parliaments (%),SG.GEN.PARL.ZS,2027,28.3802490234375
POL_SG.GEN.PARL.ZS,Poland,POL,Proportion of seats held by women in national parliaments (%),SG.GEN.PARL.ZS,2028,28.873071670532227
POL_SG.GEN.PARL.ZS,Poland,POL,Proportion of seats held by women in national parliaments (%),SG.GEN.PARL.ZS,2029,28.663402557373047
POL_SG.GEN.PARL.ZS,Poland,POL,Proportion of seats held by women in national parliaments (%),SG.GEN.PARL.ZS,2030,28.728744506835938
PRT_SG.GEN.PARL.ZS,Portugal,PRT,Proportion of seats held by women in national parliaments (%),SG.GEN.PARL.ZS,2024,35.13692855834961
PRT_SG.GEN.PARL.ZS,Portugal,PRT,Proportion of seats held by women in national parliaments (%),SG.GEN.PARL.ZS,2025,34.99028396606445
PRT_SG.GEN.PARL.ZS,Portugal,PRT,Proportion of seats held by women in national parliaments (%),SG.GEN.PARL.ZS,2026,35.997230529785156
PRT_SG.GEN.PARL.ZS,Portugal,PRT,Proportion of seats held by women in national parliaments (%),SG.GEN.PARL.ZS,2027,35.42286682128906
PRT_SG.GEN.PARL.ZS,Portugal,PRT,Proportion of seats held by women in national parliaments (%),SG.GEN.PARL.ZS,2028,35.63444137573242
PRT_SG.GEN.PARL.ZS,Portugal,PRT,Proportion of seats held by women in national parliaments (%),SG.GEN.PARL.ZS,2029,35.73892593383789
PRT_SG.GEN.PARL.ZS,Portugal,PRT,Proportion of seats held by women in national parliaments (%),SG.GEN.PARL.ZS,2030,35.902000427246094
ROU_SG.GEN.PARL.ZS,Romania,ROU,Proportion of seats held by women in national parliaments (%),SG.GEN.PARL.ZS,2024,21.146499633789062
ROU_SG.GEN.PARL.ZS,Romania,ROU,Proportion of seats held by women in national parliaments (%),SG.GEN.PARL.ZS,2025,22.84921646118164
ROU_SG.GEN.PARL.ZS,Romania,ROU,Proportion of seats held by women in national parliaments (%),SG.GEN.PARL.ZS,2026,21.74447250366211
ROU_SG.GEN.PARL.ZS,Romania,ROU,Proportion of seats held by women in national parliaments (%),SG.GEN.PARL.ZS,2027,23.195344924926758
ROU_SG.GEN.PARL.ZS,Romania,ROU,Proportion of seats held by women in national parliaments (%),SG.GEN.PARL.ZS,2028,22.44116973876953
ROU_SG.GEN.PARL.ZS,Romania,ROU,Proportion of seats held by women in national parliaments (%),SG.GEN.PARL.ZS,2029,21.464731216430664
ROU_SG.GEN.PARL.ZS,Romania,ROU,Proportion of seats held by women in national parliaments (%),SG.GEN.PARL.ZS,2030,23.23318099975586
SVK_SG.GEN.PARL.ZS,Slovak Republic,SVK,Proportion of seats held by women in national parliaments (%),SG.GEN.PARL.ZS,2024,21.70158576965332
SVK_SG.GEN.PARL.ZS,Slovak Republic,SVK,Proportion of seats held by women in national parliaments (%),SG.GEN.PARL.ZS,2025,22.175724029541016
SVK_SG.GEN.PARL.ZS,Slovak Republic,SVK,Proportion of seats held by women in national parliaments (%),SG.GEN.PARL.ZS,2026,21.936595916748047
SVK_SG.GEN.PARL.ZS,Slovak Republic,SVK,Proportion of seats held by women in national parliaments (%),SG.GEN.PARL.ZS,2027,22.12909507751465
SVK_SG.GEN.PARL.ZS,Slovak Republic,SVK,Proportion of seats held by women in national parliaments (%),SG.GEN.PARL.ZS,2028,21.722375869750977
SVK_SG.GEN.PARL.ZS,Slovak Republic,SVK,Proportion of seats held by women in national parliaments (%),SG.GEN.PARL.ZS,2029,21.977964401245117
SVK_SG.GEN.PARL.ZS,Slovak Republic,SVK,Proportion of seats held by women in national parliaments (%),SG.GEN.PARL.ZS,2030,21.568870544433594
SVN_SG.GEN.PARL.ZS,Slovenia,SVN,Proportion of seats held by women in national parliaments (%),SG.GEN.PARL.ZS,2024,36.85638427734375
SVN_SG.GEN.PARL.ZS,Slovenia,SVN,Proportion of seats held by women in national parliaments (%),SG.GEN.PARL.ZS,2025,35.09994125366211
SVN_SG.GEN.PARL.ZS,Slovenia,SVN,Proportion of seats held by women in national parliaments (%),SG.GEN.PARL.ZS,2026,33.96208572387695
SVN_SG.GEN.PARL.ZS,Slovenia,SVN,Proportion of seats held by women in national parliaments (%),SG.GEN.PARL.ZS,2027,33.880409240722656
SVN_SG.GEN.PARL.ZS,Slovenia,SVN,Proportion of seats held by women in national parliaments (%),SG.GEN.PARL.ZS,2028,34.292579650878906
SVN_SG.GEN.PARL.ZS,Slovenia,SVN,Proportion of seats held by women in national parliaments (%),SG.GEN.PARL.ZS,2029,35.97887420654297
SVN_SG.GEN.PARL.ZS,Slovenia,SVN,Proportion of seats held by women in national parliaments (%),SG.GEN.PARL.ZS,2030,35.443824768066406
SWE_SG.GEN.PARL.ZS,Sweden,SWE,Proportion of seats held by women in national parliaments (%),SG.GEN.PARL.ZS,2024,46.120338439941406
SWE_SG.GEN.PARL.ZS,Sweden,SWE,Proportion of seats held by women in national parliaments (%),SG.GEN.PARL.ZS,2025,46.275665283203125
SWE_SG.GEN.PARL.ZS,Sweden,SWE,Proportion of seats held by women in national parliaments (%),SG.GEN.PARL.ZS,2026,46.18254470825195
SWE_SG.GEN.PARL.ZS,Sweden,SWE,Proportion of seats held by women in national parliaments (%),SG.GEN.PARL.ZS,2027,45.9697265625
SWE_SG.GEN.PARL.ZS,Sweden,SWE,Proportion of seats held by women in national parliaments (%),SG.GEN.PARL.ZS,2028,46.32221984863281
SWE_SG.GEN.PARL.ZS,Sweden,SWE,Proportion of seats held by women in national parliaments (%),SG.GEN.PARL.ZS,2029,46.2930793762207
SWE_SG.GEN.PARL.ZS,Sweden,SWE,Proportion of seats held by women in national parliaments (%),SG.GEN.PARL.ZS,2030,46.55259704589844
