series_id,Country Name,Country Code,Indicator Name,Indicator Code,year,pred_xgb
AUT_GB.XPD.RSDV.GD.ZS,Austria,AUT,Research and development expenditure (% of GDP),GB.XPD.RSDV.GD.ZS,2024,3.201122522354126
AUT_GB.XPD.RSDV.GD.ZS,Austria,AUT,Research and development expenditure (% of GDP),GB.XPD.RSDV.GD.ZS,2025,3.2102344036102295
AUT_GB.XPD.RSDV.GD.ZS,Austria,AUT,Research and development expenditure (% of GDP),GB.XPD.RSDV.GD.ZS,2026,3.2451226711273193
AUT_GB.XPD.RSDV.GD.ZS,Austria,AUT,Research and development expenditure (% of GDP),GB.XPD.RSDV.GD.ZS,2027,3.2349166870117188
AUT_GB.XPD.RSDV.GD.ZS,Austria,AUT,Research and development expenditure (% of GDP),GB.XPD.RSDV.GD.ZS,2028,3.2487945556640625
AUT_GB.XPD.RSDV.GD.ZS,Austria,AUT,Research and development expenditure (% of GDP),GB.XPD.RSDV.GD.ZS,2029,3.258305788040161
AUT_GB.XPD.RSDV.GD.ZS,Austria,AUT,Research and development expenditure (% of GDP),GB.XPD.RSDV.GD.ZS,2030,3.25478196144104
BEL_GB.XPD.RSDV.GD.ZS,Belgium,BEL,Research and development expenditure (% of GDP),GB.XPD.RSDV.GD.ZS,2024,3.420194625854492
BEL_GB.XPD.RSDV.GD.ZS,Belgium,BEL,Research and development expenditure (% of GDP),GB.XPD.RSDV.GD.ZS,2025,3.4186654090881348
BEL_GB.XPD.RSDV.GD.ZS,Belgium,BEL,Research and development expenditure (% of GDP),GB.XPD.RSDV.GD.ZS,2026,3.420194625854492
BEL_GB.XPD.RSDV.GD.ZS,Belgium,BEL,Research and development expenditure (% of GDP),GB.XPD.RSDV.GD.ZS,2027,3.4181246757507324
BEL_GB.XPD.RSDV.GD.ZS,Belgium,BEL,Research and development expenditure (% of GDP),GB.XPD.RSDV.GD.ZS,2028,3.4214327335357666
BEL_GB.XPD.RSDV.GD.ZS,Belgium,BEL,Research and development expenditure (% of GDP),GB.XPD.RSDV.GD.ZS,2029,3.4181246757507324
BEL_GB.XPD.RSDV.GD.ZS,Belgium,BEL,Research and development expenditure (% of GDP),GB.XPD.RSDV.GD.ZS,2030,3.42154860496521
BGR_GB.XPD.RSDV.GD.ZS,Bulgaria,BGR,Research and development expenditure (% of GDP),GB.XPD.RSDV.GD.ZS,2024,0.810300886631012
BGR_GB.XPD.RSDV.GD.ZS,Bulgaria,BGR,Research and development expenditure (% of GDP),GB.XPD.RSDV.GD.ZS,2025,0.830391526222229
BGR_GB.XPD.RSDV.GD.ZS,Bulgaria,BGR,Research and development expenditure (% of GDP),GB.XPD.RSDV.GD.ZS,2026,0.7982282042503357
BGR_GB.XPD.RSDV.GD.ZS,Bulgaria,BGR,Research and development expenditure (% of GDP),GB.XPD.RSDV.GD.ZS,2027,0.7920007109642029
BGR_GB.XPD.RSDV.GD.ZS,Bulgaria,BGR,Research and development expenditure (% of GDP),GB.XPD.RSDV.GD.ZS,2028,0.8076807260513306
BGR_GB.XPD.RSDV.GD.ZS,Bulgaria,BGR,Research and development expenditure (% of GDP),GB.XPD.RSDV.GD.ZS,2029,0.820844292640686
BGR_GB.XPD.RSDV.GD.ZS,Bulgaria,BGR,Research and development expenditure (% of GDP),GB.XPD.RSDV.GD.ZS,2030,0.8104753494262695
CYP_GB.XPD.RSDV.GD.ZS,Cyprus,CYP,Research and development expenditure (% of GDP),GB.XPD.RSDV.GD.ZS,2024,0.7423653602600098
CYP_GB.XPD.RSDV.GD.ZS,Cyprus,CYP,Research and development expenditure (% of GDP),GB.XPD.RSDV.GD.ZS,2025,0.7463169097900391
CYP_GB.XPD.RSDV.GD.ZS,Cyprus,CYP,Research and development expenditure (% of GDP),GB.XPD.RSDV.GD.ZS,2026,0.7525148987770081
CYP_GB.XPD.RSDV.GD.ZS,Cyprus,CYP,Research and development expenditure (% of GDP),GB.XPD.RSDV.GD.ZS,2027,0.8052020072937012
CYP_GB.XPD.RSDV.GD.ZS,Cyprus,CYP,Research and development expenditure (% of GDP),GB.XPD.RSDV.GD.ZS,2028,0.8145577907562256
CYP_GB.XPD.RSDV.GD.ZS,Cyprus,CYP,Research and development expenditure (% of GDP),GB.XPD.RSDV.GD.ZS,2029,0.8087399005889893
CYP_GB.XPD.RSDV.GD.ZS,Cyprus,CYP,Research and development expenditure (% of GDP),GB.XPD.RSDV.GD.ZS,2030,0.8212593197822571
CZE_GB.XPD.RSDV.GD.ZS,Czechia,CZE,Research and development expenditure (% of GDP),GB.XPD.RSDV.GD.ZS,2024,1.959354043006897
CZE_GB.XPD.RSDV.GD.ZS,Czechia,CZE,Research and development expenditure (% of GDP),GB.XPD.RSDV.GD.ZS,2025,1.9684116840362549
CZE_GB.XPD.RSDV.GD.ZS,Czechia,CZE,Research and development expenditure (% of GDP),GB.XPD.RSDV.GD.ZS,2026,1.9670945405960083
CZE_GB.XPD.RSDV.GD.ZS,Czechia,CZE,Research and development expenditure (% of GDP),GB.XPD.RSDV.GD.ZS,2027,1.9663811922073364
CZE_GB.XPD.RSDV.GD.ZS,Czechia,CZE,Research and development expenditure (% of GDP),GB.XPD.RSDV.GD.ZS,2028,1.9663811922073364
CZE_GB.XPD.RSDV.GD.ZS,Czechia,CZE,Research and development expenditure (% of GDP),GB.XPD.RSDV.GD.ZS,2029,1.9663811922073364
CZE_GB.XPD.RSDV.GD.ZS,Czechia,CZE,Research and development expenditure (% of GDP),GB.XPD.RSDV.GD.ZS,2030,1.9663811922073364
DEU_GB.XPD.RSDV.GD.ZS,Germany,DEU,Research and development expenditure (% of GDP),GB.XPD.RSDV.GD.ZS,2024,3.1576757431030273
DEU_GB.XPD.RSDV.GD.ZS,Germany,DEU,Research and development expenditure (% of GDP),GB.XPD.RSDV.GD.ZS,2025,3.157405376434326
DEU_GB.XPD.RSDV.GD.ZS,Germany,DEU,Research and development expenditure (% of GDP),GB.XPD.RSDV.GD.ZS,2026,3.162324905395508
DEU_GB.XPD.RSDV.GD.ZS,Germany,DEU,Research and development expenditure (% of GDP),GB.XPD.RSDV.GD.ZS,2027,3.167520761489868
DEU_GB.XPD.RSDV.GD.ZS,Germany,DEU,Research and development expenditure (% of GDP),GB.XPD.RSDV.GD.ZS,2028,3.178084135055542
DEU_GB.XPD.RSDV.GD.ZS,Germany,DEU,Research and development expenditure (% of GDP),GB.XPD.RSDV.GD.ZS,2029,3.1792194843292236
DEU_GB.XPD.RSDV.GD.ZS,Germany,DEU,Research and development expenditure (% of GDP),GB.XPD.RSDV.GD.ZS,2030,3.178084135055542
DNK_GB.XPD.RSDV.GD.ZS,Denmark,DNK,Research and development expenditure (% of GDP),GB.XPD.RSDV.GD.ZS,2024,2.9252493381500244
DNK_GB.XPD.RSDV.GD.ZS,Denmark,DNK,Research and development expenditure (% of GDP),GB.XPD.RSDV.GD.ZS,2025,2.94004225730896
DNK_GB.XPD.RSDV.GD.ZS,Denmark,DNK,Research and development expenditure (% of GDP),GB.XPD.RSDV.GD.ZS,2026,2.96627140045166
DNK_GB.XPD.RSDV.GD.ZS,Denmark,DNK,Research and development expenditure (% of GDP),GB.XPD.RSDV.GD.ZS,2027,2.95916485786438
DNK_GB.XPD.RSDV.GD.ZS,Denmark,DNK,Research and development expenditure (% of GDP),GB.XPD.RSDV.GD.ZS,2028,2.9767720699310303
DNK_GB.XPD.RSDV.GD.ZS,Denmark,DNK,Research and development expenditure (% of GDP),GB.XPD.RSDV.GD.ZS,2029,2.966804027557373
DNK_GB.XPD.RSDV.GD.ZS,Denmark,DNK,Research and development expenditure (% of GDP),GB.XPD.RSDV.GD.ZS,2030,2.9737327098846436
ESP_GB.XPD.RSDV.GD.ZS,Spain,ESP,Research and development expenditure (% of GDP),GB.XPD.RSDV.GD.ZS,2024,1.3940606117248535
ESP_GB.XPD.RSDV.GD.ZS,Spain,ESP,Research and development expenditure (% of GDP),GB.XPD.RSDV.GD.ZS,2025,1.3819776773452759
ESP_GB.XPD.RSDV.GD.ZS,Spain,ESP,Research and development expenditure (% of GDP),GB.XPD.RSDV.GD.ZS,2026,1.3398549556732178
ESP_GB.XPD.RSDV.GD.ZS,Spain,ESP,Research and development expenditure (% of GDP),GB.XPD.RSDV.GD.ZS,2027,1.296485185623169
ESP_GB.XPD.RSDV.GD.ZS,Spain,ESP,Research and development expenditure (% of GDP),GB.XPD.RSDV.GD.ZS,2028,1.282600998878479
ESP_GB.XPD.RSDV.GD.ZS,Spain,ESP,Research and development expenditure (% of GDP),GB.XPD.RSDV.GD.ZS,2029,1.3123170137405396
ESP_GB.XPD.RSDV.GD.ZS,Spain,ESP,Research and development expenditure (% of GDP),GB.XPD.RSDV.GD.ZS,2030,1.3437001705169678
EST_GB.XPD.RSDV.GD.ZS,Estonia,EST,Research and development expenditure (% of GDP),GB.XPD.RSDV.GD.ZS,2024,1.789225459098816
EST_GB.XPD.RSDV.GD.ZS,Estonia,EST,Research and development expenditure (% of GDP),GB.XPD.RSDV.GD.ZS,2025,1.7899298667907715
EST_GB.XPD.RSDV.GD.ZS,Estonia,EST,Research and development expenditure (% of GDP),GB.XPD.RSDV.GD.ZS,2026,1.789013147354126
EST_GB.XPD.RSDV.GD.ZS,Estonia,EST,Research and development expenditure (% of GDP),GB.XPD.RSDV.GD.ZS,2027,1.7885491847991943
EST_GB.XPD.RSDV.GD.ZS,Estonia,EST,Research and development expenditure (% of GDP),GB.XPD.RSDV.GD.ZS,2028,1.7885491847991943
EST_GB.XPD.RSDV.GD.ZS,Estonia,EST,Research and development expenditure (% of GDP),GB.XPD.RSDV.GD.ZS,2029,1.7885491847991943
EST_GB.XPD.RSDV.GD.ZS,Estonia,EST,Research and development expenditure (% of GDP),GB.XPD.RSDV.GD.ZS,2030,1.7885491847991943
FIN_GB.XPD.RSDV.GD.ZS,Finland,FIN,Research and development expenditure (% of GDP),GB.XPD.RSDV.GD.ZS,2024,2.97114634513855
FIN_GB.XPD.RSDV.GD.ZS,Finland,FIN,Research and development expenditure (% of GDP),GB.XPD.RSDV.GD.ZS,2025,2.970447540283203
FIN_GB.XPD.RSDV.GD.ZS,Finland,FIN,Research and development expenditure (% of GDP),GB.XPD.RSDV.GD.ZS,2026,2.970714569091797
FIN_GB.XPD.RSDV.GD.ZS,Finland,FIN,Research and development expenditure (% of GDP),GB.XPD.RSDV.GD.ZS,2027,2.970714569091797
FIN_GB.XPD.RSDV.GD.ZS,Finland,FIN,Research and development expenditure (% of GDP),GB.XPD.RSDV.GD.ZS,2028,2.970714569091797
FIN_GB.XPD.RSDV.GD.ZS,Finland,FIN,Research and development expenditure (% of GDP),GB.XPD.RSDV.GD.ZS,2029,2.970714569091797
FIN_GB.XPD.RSDV.GD.ZS,Finland,FIN,Research and development expenditure (% of GDP),GB.XPD.RSDV.GD.ZS,2030,2.970714569091797
FRA_GB.XPD.RSDV.GD.ZS,France,FRA,Research and development expenditure (% of GDP),GB.XPD.RSDV.GD.ZS,2024,2.2455451488494873
FRA_GB.XPD.RSDV.GD.ZS,France,FRA,Research and development expenditure (% of GDP),GB.XPD.RSDV.GD.ZS,2025,2.2460784912109375
FRA_GB.XPD.RSDV.GD.ZS,France,FRA,Research and development expenditure (% of GDP),GB.XPD.RSDV.GD.ZS,2026,2.2455451488494873
FRA_GB.XPD.RSDV.GD.ZS,France,FRA,Research and development expenditure (% of GDP),GB.XPD.RSDV.GD.ZS,2027,2.245631217956543
FRA_GB.XPD.RSDV.GD.ZS,France,FRA,Research and development expenditure (% of GDP),GB.XPD.RSDV.GD.ZS,2028,2.245631217956543
FRA_GB.XPD.RSDV.GD.ZS,France,FRA,Research and development expenditure (% of GDP),GB.XPD.RSDV.GD.ZS,2029,2.245631217956543
FRA_GB.XPD.RSDV.GD.ZS,France,FRA,Research and development expenditure (% of GDP),GB.XPD.RSDV.GD.ZS,2030,2.245631217956543
GRC_GB.XPD.RSDV.GD.ZS,Greece,GRC,Research and development expenditure (% of GDP),GB.XPD.RSDV.GD.ZS,2024,1.3905353546142578
GRC_GB.XPD.RSDV.GD.ZS,Greece,GRC,Research and development expenditure (% of GDP),GB.XPD.RSDV.GD.ZS,2025,1.3787809610366821
GRC_GB.XPD.RSDV.GD.ZS,Greece,GRC,Research and development expenditure (% of GDP),GB.XPD.RSDV.GD.ZS,2026,1.3433245420455933
GRC_GB.XPD.RSDV.GD.ZS,Greece,GRC,Research and development expenditure (% of GDP),GB.XPD.RSDV.GD.ZS,2027,1.2947336435317993
GRC_GB.XPD.RSDV.GD.ZS,Greece,GRC,Research and development expenditure (% of GDP),GB.XPD.RSDV.GD.ZS,2028,1.2848179340362549
GRC_GB.XPD.RSDV.GD.ZS,Greece,GRC,Research and development expenditure (% of GDP),GB.XPD.RSDV.GD.ZS,2029,1.3133240938186646
GRC_GB.XPD.RSDV.GD.ZS,Greece,GRC,Research and development expenditure (% of GDP),GB.XPD.RSDV.GD.ZS,2030,1.3437001705169678
HRV_GB.XPD.RSDV.GD.ZS,Croatia,HRV,Research and development expenditure (% of GDP),GB.XPD.RSDV.GD.ZS,2024,1.4115946292877197
HRV_GB.XPD.RSDV.GD.ZS,Croatia,HRV,Research and development expenditure (% of GDP),GB.XPD.RSDV.GD.ZS,2025,1.407698392868042
HRV_GB.XPD.RSDV.GD.ZS,Croatia,HRV,Research and development expenditure (% of GDP),GB.XPD.RSDV.GD.ZS,2026,1.4081339836120605
HRV_GB.XPD.RSDV.GD.ZS,Croatia,HRV,Research and development expenditure (% of GDP),GB.XPD.RSDV.GD.ZS,2027,1.4059911966323853
HRV_GB.XPD.RSDV.GD.ZS,Croatia,HRV,Research and development expenditure (% of GDP),GB.XPD.RSDV.GD.ZS,2028,1.406922459602356
HRV_GB.XPD.RSDV.GD.ZS,Croatia,HRV,Research and development expenditure (% of GDP),GB.XPD.RSDV.GD.ZS,2029,1.4058574438095093
HRV_GB.XPD.RSDV.GD.ZS,Croatia,HRV,Research and development expenditure (% of GDP),GB.XPD.RSDV.GD.ZS,2030,1.4059911966323853
HUN_GB.XPD.RSDV.GD.ZS,Hungary,HUN,Research and development expenditure (% of GDP),GB.XPD.RSDV.GD.ZS,2024,1.4306882619857788
HUN_GB.XPD.RSDV.GD.ZS,Hungary,HUN,Research and development expenditure (% of GDP),GB.XPD.RSDV.GD.ZS,2025,1.4265433549880981
HUN_GB.XPD.RSDV.GD.ZS,Hungary,HUN,Research and development expenditure (% of GDP),GB.XPD.RSDV.GD.ZS,2026,1.3956613540649414
HUN_GB.XPD.RSDV.GD.ZS,Hungary,HUN,Research and development expenditure (% of GDP),GB.XPD.RSDV.GD.ZS,2027,1.3907476663589478
HUN_GB.XPD.RSDV.GD.ZS,Hungary,HUN,Research and development expenditure (% of GDP),GB.XPD.RSDV.GD.ZS,2028,1.3882023096084595
HUN_GB.XPD.RSDV.GD.ZS,Hungary,HUN,Research and development expenditure (% of GDP),GB.XPD.RSDV.GD.ZS,2029,1.358374834060669
HUN_GB.XPD.RSDV.GD.ZS,Hungary,HUN,Research and development expenditure (% of GDP),GB.XPD.RSDV.GD.ZS,2030,1.3010104894638062
IRL_GB.XPD.RSDV.GD.ZS,Ireland,IRL,Research and development expenditure (% of GDP),GB.XPD.RSDV.GD.ZS,2024,1.0123772621154785
IRL_GB.XPD.RSDV.GD.ZS,Ireland,IRL,Research and development expenditure (% of GDP),GB.XPD.RSDV.GD.ZS,2025,1.0425846576690674
IRL_GB.XPD.RSDV.GD.ZS,Ireland,IRL,Research and development expenditure (% of GDP),GB.XPD.RSDV.GD.ZS,2026,1.0354490280151367
IRL_GB.XPD.RSDV.GD.ZS,Ireland,IRL,Research and development expenditure (% of GDP),GB.XPD.RSDV.GD.ZS,2027,1.013749599456787
IRL_GB.XPD.RSDV.GD.ZS,Ireland,IRL,Research and development expenditure (% of GDP),GB.XPD.RSDV.GD.ZS,2028,0.9999594688415527
IRL_GB.XPD.RSDV.GD.ZS,Ireland,IRL,Research and development expenditure (% of GDP),GB.XPD.RSDV.GD.ZS,2029,1.007961392402649
IRL_GB.XPD.RSDV.GD.ZS,Ireland,IRL,Research and development expenditure (% of GDP),GB.XPD.RSDV.GD.ZS,2030,1.032763123512268
ITA_GB.XPD.RSDV.GD.ZS,Italy,ITA,Research and development expenditure (% of GDP),GB.XPD.RSDV.GD.ZS,2024,1.3871797323226929
ITA_GB.XPD.RSDV.GD.ZS,Italy,ITA,Research and development expenditure (% of GDP),GB.XPD.RSDV.GD.ZS,2025,1.3584908246994019
ITA_GB.XPD.RSDV.GD.ZS,Italy,ITA,Research and development expenditure (% of GDP),GB.XPD.RSDV.GD.ZS,2026,1.3010104894638062
ITA_GB.XPD.RSDV.GD.ZS,Italy,ITA,Research and development expenditure (% of GDP),GB.XPD.RSDV.GD.ZS,2027,1.2907661199569702
ITA_GB.XPD.RSDV.GD.ZS,Italy,ITA,Research and development expenditure (% of GDP),GB.XPD.RSDV.GD.ZS,2028,1.2792555093765259
ITA_GB.XPD.RSDV.GD.ZS,Italy,ITA,Research and development expenditure (% of GDP),GB.XPD.RSDV.GD.ZS,2029,1.3243820667266846
ITA_GB.XPD.RSDV.GD.ZS,Italy,ITA,Research and development expenditure (% of GDP),GB.XPD.RSDV.GD.ZS,2030,1.3660521507263184
LTU_GB.XPD.RSDV.GD.ZS,Lithuania,LTU,Research and development expenditure (% of GDP),GB.XPD.RSDV.GD.ZS,2024,1.0549931526184082
LTU_GB.XPD.RSDV.GD.ZS,Lithuania,LTU,Research and development expenditure (% of GDP),GB.XPD.RSDV.GD.ZS,2025,1.079342007637024
LTU_GB.XPD.RSDV.GD.ZS,Lithuania,LTU,Research and development expenditure (% of GDP),GB.XPD.RSDV.GD.ZS,2026,1.1081064939498901
LTU_GB.XPD.RSDV.GD.ZS,Lithuania,LTU,Research and development expenditure (% of GDP),GB.XPD.RSDV.GD.ZS,2027,1.113831639289856
LTU_GB.XPD.RSDV.GD.ZS,Lithuania,LTU,Research and development expenditure (% of GDP),GB.XPD.RSDV.GD.ZS,2028,1.1223126649856567
LTU_GB.XPD.RSDV.GD.ZS,Lithuania,LTU,Research and development expenditure (% of GDP),GB.XPD.RSDV.GD.ZS,2029,1.1422985792160034
LTU_GB.XPD.RSDV.GD.ZS,Lithuania,LTU,Research and development expenditure (% of GDP),GB.XPD.RSDV.GD.ZS,2030,1.1314698457717896
LUX_GB.XPD.RSDV.GD.ZS,Luxembourg,LUX,Research and development expenditure (% of GDP),GB.XPD.RSDV.GD.ZS,2024,1.0000617504119873
LUX_GB.XPD.RSDV.GD.ZS,Luxembourg,LUX,Research and development expenditure (% of GDP),GB.XPD.RSDV.GD.ZS,2025,1.0493309497833252
LUX_GB.XPD.RSDV.GD.ZS,Luxembourg,LUX,Research and development expenditure (% of GDP),GB.XPD.RSDV.GD.ZS,2026,1.0614596605300903
LUX_GB.XPD.RSDV.GD.ZS,Luxembourg,LUX,Research and development expenditure (% of GDP),GB.XPD.RSDV.GD.ZS,2027,1.0965754985809326
LUX_GB.XPD.RSDV.GD.ZS,Luxembourg,LUX,Research and development expenditure (% of GDP),GB.XPD.RSDV.GD.ZS,2028,1.1155983209609985
LUX_GB.XPD.RSDV.GD.ZS,Luxembourg,LUX,Research and development expenditure (% of GDP),GB.XPD.RSDV.GD.ZS,2029,1.1263011693954468
LUX_GB.XPD.RSDV.GD.ZS,Luxembourg,LUX,Research and development expenditure (% of GDP),GB.XPD.RSDV.GD.ZS,2030,1.1234177350997925
LVA_GB.XPD.RSDV.GD.ZS,Latvia,LVA,Research and development expenditure (% of GDP),GB.XPD.RSDV.GD.ZS,2024,0.8089389801025391
LVA_GB.XPD.RSDV.GD.ZS,Latvia,LVA,Research and development expenditure (% of GDP),GB.XPD.RSDV.GD.ZS,2025,0.8177754878997803
LVA_GB.XPD.RSDV.GD.ZS,Latvia,LVA,Research and development expenditure (% of GDP),GB.XPD.RSDV.GD.ZS,2026,0.8027231693267822
LVA_GB.XPD.RSDV.GD.ZS,Latvia,LVA,Research and development expenditure (% of GDP),GB.XPD.RSDV.GD.ZS,2027,0.8237136006355286
LVA_GB.XPD.RSDV.GD.ZS,Latvia,LVA,Research and development expenditure (% of GDP),GB.XPD.RSDV.GD.ZS,2028,0.8431174755096436
LVA_GB.XPD.RSDV.GD.ZS,Latvia,LVA,Research and development expenditure (% of GDP),GB.XPD.RSDV.GD.ZS,2029,0.8488858938217163
LVA_GB.XPD.RSDV.GD.ZS,Latvia,LVA,Research and development expenditure (% of GDP),GB.XPD.RSDV.GD.ZS,2030,0.8692438006401062
MLT_GB.XPD.RSDV.GD.ZS,Malta,MLT,Research and development expenditure (% of GDP),GB.XPD.RSDV.GD.ZS,2024,0.6209473013877869
MLT_GB.XPD.RSDV.GD.ZS,Malta,MLT,Research and development expenditure (% of GDP),GB.XPD.RSDV.GD.ZS,2025,0.6478976011276245
MLT_GB.XPD.RSDV.GD.ZS,Malta,MLT,Research and development expenditure (% of GDP),GB.XPD.RSDV.GD.ZS,2026,0.6525788307189941
MLT_GB.XPD.RSDV.GD.ZS,Malta,MLT,Research and development expenditure (% of GDP),GB.XPD.RSDV.GD.ZS,2027,0.6564754247665405
MLT_GB.XPD.RSDV.GD.ZS,Malta,MLT,Research and development expenditure (% of GDP),GB.XPD.RSDV.GD.ZS,2028,0.6743643283843994
MLT_GB.XPD.RSDV.GD.ZS,Malta,MLT,Research and development expenditure (% of GDP),GB.XPD.RSDV.GD.ZS,2029,0.7114198803901672
MLT_GB.XPD.RSDV.GD.ZS,Malta,MLT,Research and development expenditure (% of GDP),GB.XPD.RSDV.GD.ZS,2030,0.7230978608131409
NLD_GB.XPD.RSDV.GD.ZS,Netherlands,NLD,Research and development expenditure (% of GDP),GB.XPD.RSDV.GD.ZS,2024,2.246307611465454
NLD_GB.XPD.RSDV.GD.ZS,Netherlands,NLD,Research and development expenditure (% of GDP),GB.XPD.RSDV.GD.ZS,2025,2.2479729652404785
NLD_GB.XPD.RSDV.GD.ZS,Netherlands,NLD,Research and development expenditure (% of GDP),GB.XPD.RSDV.GD.ZS,2026,2.245497226715088
NLD_GB.XPD.RSDV.GD.ZS,Netherlands,NLD,Research and development expenditure (% of GDP),GB.XPD.RSDV.GD.ZS,2027,2.2475457191467285
NLD_GB.XPD.RSDV.GD.ZS,Netherlands,NLD,Research and development expenditure (% of GDP),GB.XPD.RSDV.GD.ZS,2028,2.245497226715088
NLD_GB.XPD.RSDV.GD.ZS,Netherlands,NLD,Research and development expenditure (% of GDP),GB.XPD.RSDV.GD.ZS,2029,2.2475457191467285
NLD_GB.XPD.RSDV.GD.ZS,Netherlands,NLD,Research and development expenditure (% of GDP),GB.XPD.RSDV.GD.ZS,2030,2.245497226715088
POL_GB.XPD.RSDV.GD.ZS,Poland,POL,Research and development expenditure (% of GDP),GB.XPD.RSDV.GD.ZS,2024,1.4096555709838867
POL_GB.XPD.RSDV.GD.ZS,Poland,POL,Research and development expenditure (% of GDP),GB.XPD.RSDV.GD.ZS,2025,1.3919663429260254
POL_GB.XPD.RSDV.GD.ZS,Poland,POL,Research and development expenditure (% of GDP),GB.XPD.RSDV.GD.ZS,2026,1.3928686380386353
POL_GB.XPD.RSDV.GD.ZS,Poland,POL,Research and development expenditure (% of GDP),GB.XPD.RSDV.GD.ZS,2027,1.4034135341644287
POL_GB.XPD.RSDV.GD.ZS,Poland,POL,Research and development expenditure (% of GDP),GB.XPD.RSDV.GD.ZS,2028,1.405637264251709
POL_GB.XPD.RSDV.GD.ZS,Poland,POL,Research and development expenditure (% of GDP),GB.XPD.RSDV.GD.ZS,2029,1.4094606637954712
POL_GB.XPD.RSDV.GD.ZS,Poland,POL,Research and development expenditure (% of GDP),GB.XPD.RSDV.GD.ZS,2030,1.4058574438095093
PRT_GB.XPD.RSDV.GD.ZS,Portugal,PRT,Research and development expenditure (% of GDP),GB.XPD.RSDV.GD.ZS,2024,1.6910651922225952
PRT_GB.XPD.RSDV.GD.ZS,Portugal,PRT,Research and development expenditure (% of GDP),GB.XPD.RSDV.GD.ZS,2025,1.696645975112915
PRT_GB.XPD.RSDV.GD.ZS,Portugal,PRT,Research and development expenditure (% of GDP),GB.XPD.RSDV.GD.ZS,2026,1.6964139938354492
PRT_GB.XPD.RSDV.GD.ZS,Portugal,PRT,Research and development expenditure (% of GDP),GB.XPD.RSDV.GD.ZS,2027,1.6965477466583252
PRT_GB.XPD.RSDV.GD.ZS,Portugal,PRT,Research and development expenditure (% of GDP),GB.XPD.RSDV.GD.ZS,2028,1.6965477466583252
PRT_GB.XPD.RSDV.GD.ZS,Portugal,PRT,Research and development expenditure (% of GDP),GB.XPD.RSDV.GD.ZS,2029,1.6965477466583252
PRT_GB.XPD.RSDV.GD.ZS,Portugal,PRT,Research and development expenditure (% of GDP),GB.XPD.RSDV.GD.ZS,2030,1.6965477466583252
ROU_GB.XPD.RSDV.GD.ZS,Romania,ROU,Research and development expenditure (% of GDP),GB.XPD.RSDV.GD.ZS,2024,0.46441835165023804
ROU_GB.XPD.RSDV.GD.ZS,Romania,ROU,Research and development expenditure (% of GDP),GB.XPD.RSDV.GD.ZS,2025,0.4544191062450409
ROU_GB.XPD.RSDV.GD.ZS,Romania,ROU,Research and development expenditure (% of GDP),GB.XPD.RSDV.GD.ZS,2026,0.4496287703514099
ROU_GB.XPD.RSDV.GD.ZS,Romania,ROU,Research and development expenditure (% of GDP),GB.XPD.RSDV.GD.ZS,2027,0.4661829471588135
ROU_GB.XPD.RSDV.GD.ZS,Romania,ROU,Research and development expenditure (% of GDP),GB.XPD.RSDV.GD.ZS,2028,0.4638051986694336
ROU_GB.XPD.RSDV.GD.ZS,Romania,ROU,Research and development expenditure (% of GDP),GB.XPD.RSDV.GD.ZS,2029,0.45974189043045044
ROU_GB.XPD.RSDV.GD.ZS,Romania,ROU,Research and development expenditure (% of GDP),GB.XPD.RSDV.GD.ZS,2030,0.4552151560783386
SVK_GB.XPD.RSDV.GD.ZS,Slovak Republic,SVK,Research and development expenditure (% of GDP),GB.XPD.RSDV.GD.ZS,2024,0.9901056289672852
SVK_GB.XPD.RSDV.GD.ZS,Slovak Republic,SVK,Research and development expenditure (% of GDP),GB.XPD.RSDV.GD.ZS,2025,1.028029441833496
SVK_GB.XPD.RSDV.GD.ZS,Slovak Republic,SVK,Research and development expenditure (% of GDP),GB.XPD.RSDV.GD.ZS,2026,1.0361807346343994
SVK_GB.XPD.RSDV.GD.ZS,Slovak Republic,SVK,Research and development expenditure (% of GDP),GB.XPD.RSDV.GD.ZS,2027,1.0089380741119385
SVK_GB.XPD.RSDV.GD.ZS,Slovak Republic,SVK,Research and development expenditure (% of GDP),GB.XPD.RSDV.GD.ZS,2028,0.9983773231506348
SVK_GB.XPD.RSDV.GD.ZS,Slovak Republic,SVK,Research and development expenditure (% of GDP),GB.XPD.RSDV.GD.ZS,2029,1.008968472480774
SVK_GB.XPD.RSDV.GD.ZS,Slovak Republic,SVK,Research and development expenditure (% of GDP),GB.XPD.RSDV.GD.ZS,2030,1.0284925699234009
SVN_GB.XPD.RSDV.GD.ZS,Slovenia,SVN,Research and development expenditure (% of GDP),GB.XPD.RSDV.GD.ZS,2024,2.1043152809143066
SVN_GB.XPD.RSDV.GD.ZS,Slovenia,SVN,Research and development expenditure (% of GDP),GB.XPD.RSDV.GD.ZS,2025,2.112055540084839
SVN_GB.XPD.RSDV.GD.ZS,Slovenia,SVN,Research and development expenditure (% of GDP),GB.XPD.RSDV.GD.ZS,2026,2.1133995056152344
SVN_GB.XPD.RSDV.GD.ZS,Slovenia,SVN,Research and development expenditure (% of GDP),GB.XPD.RSDV.GD.ZS,2027,2.11120867729187
SVN_GB.XPD.RSDV.GD.ZS,Slovenia,SVN,Research and development expenditure (% of GDP),GB.XPD.RSDV.GD.ZS,2028,2.1132571697235107
SVN_GB.XPD.RSDV.GD.ZS,Slovenia,SVN,Research and development expenditure (% of GDP),GB.XPD.RSDV.GD.ZS,2029,2.11120867729187
SVN_GB.XPD.RSDV.GD.ZS,Slovenia,SVN,Research and development expenditure (% of GDP),GB.XPD.RSDV.GD.ZS,2030,2.1132571697235107
SWE_GB.XPD.RSDV.GD.ZS,Sweden,SWE,Research and development expenditure (% of GDP),GB.XPD.RSDV.GD.ZS,2024,3.419518232345581
SWE_GB.XPD.RSDV.GD.ZS,Sweden,SWE,Research and development expenditure (% of GDP),GB.XPD.RSDV.GD.ZS,2025,3.4184041023254395
SWE_GB.XPD.RSDV.GD.ZS,Sweden,SWE,Research and development expenditure (% of GDP),GB.XPD.RSDV.GD.ZS,2026,3.419518232345581
SWE_GB.XPD.RSDV.GD.ZS,Sweden,SWE,Research and development expenditure (% of GDP),GB.XPD.RSDV.GD.ZS,2027,3.4181246757507324
SWE_GB.XPD.RSDV.GD.ZS,Sweden,SWE,Research and development expenditure (% of GDP),GB.XPD.RSDV.GD.ZS,2028,3.419518232345581
SWE_GB.XPD.RSDV.GD.ZS,Sweden,SWE,Research and development expenditure (% of GDP),GB.XPD.RSDV.GD.ZS,2029,3.4181246757507324
SWE_GB.XPD.RSDV.GD.ZS,Sweden,SWE,Research and development expenditure (% of GDP),GB.XPD.RSDV.GD.ZS,2030,3.419518232345581
