series_id,Country Name,Country Code,Indicator Name,Indicator Code,year,pred_xgb
AUT_RL.EST,Austria,AUT,Rule of Law: Estimate,RL.EST,2024,1.7492769956588745
AUT_RL.EST,Austria,AUT,Rule of Law: Estimate,RL.EST,2025,1.726138710975647
AUT_RL.EST,Austria,AUT,Rule of Law: Estimate,RL.EST,2026,1.72389817237854
AUT_RL.EST,Austria,AUT,Rule of Law: Estimate,RL.EST,2027,1.6900379657745361
AUT_RL.EST,Austria,AUT,Rule of Law: Estimate,RL.EST,2028,1.6916804313659668
AUT_RL.EST,Austria,AUT,Rule of Law: Estimate,RL.EST,2029,1.677960753440857
AUT_RL.EST,Austria,AUT,Rule of Law: Estimate,RL.EST,2030,1.672531008720398
BEL_RL.EST,Belgium,BEL,Rule of Law: Estimate,RL.EST,2024,1.2648987770080566
BEL_RL.EST,Belgium,BEL,Rule of Law: Estimate,RL.EST,2025,1.2221015691757202
BEL_RL.EST,Belgium,BEL,Rule of Law: Estimate,RL.EST,2026,1.2316274642944336
BEL_RL.EST,Belgium,BEL,Rule of Law: Estimate,RL.EST,2027,1.203602910041809
BEL_RL.EST,Belgium,BEL,Rule of Law: Estimate,RL.EST,2028,1.2090781927108765
BEL_RL.EST,Belgium,BEL,Rule of Law: Estimate,RL.EST,2029,1.1914453506469727
BEL_RL.EST,Belgium,BEL,Rule of Law: Estimate,RL.EST,2030,1.2162660360336304
BGR_RL.EST,Bulgaria,BGR,Rule of Law: Estimate,RL.EST,2024,0.021309955045580864
BGR_RL.EST,Bulgaria,BGR,Rule of Law: Estimate,RL.EST,2025,0.009390531107783318
BGR_RL.EST,Bulgaria,BGR,Rule of Law: Estimate,RL.EST,2026,0.024637673050165176
BGR_RL.EST,Bulgaria,BGR,Rule of Law: Estimate,RL.EST,2027,0.014459114521741867
BGR_RL.EST,Bulgaria,BGR,Rule of Law: Estimate,RL.EST,2028,0.01337856613099575
BGR_RL.EST,Bulgaria,BGR,Rule of Law: Estimate,RL.EST,2029,0.020411724224686623
BGR_RL.EST,Bulgaria,BGR,Rule of Law: Estimate,RL.EST,2030,0.008457162417471409
CYP_RL.EST,Cyprus,CYP,Rule of Law: Estimate,RL.EST,2024,0.6150413751602173
CYP_RL.EST,Cyprus,CYP,Rule of Law: Estimate,RL.EST,2025,0.5803899168968201
CYP_RL.EST,Cyprus,CYP,Rule of Law: Estimate,RL.EST,2026,0.5777398943901062
CYP_RL.EST,Cyprus,CYP,Rule of Law: Estimate,RL.EST,2027,0.5678154826164246
CYP_RL.EST,Cyprus,CYP,Rule of Law: Estimate,RL.EST,2028,0.5421764254570007
CYP_RL.EST,Cyprus,CYP,Rule of Law: Estimate,RL.EST,2029,0.5659332275390625
CYP_RL.EST,Cyprus,CYP,Rule of Law: Estimate,RL.EST,2030,0.5839372277259827
CZE_RL.EST,Czechia,CZE,Rule of Law: Estimate,RL.EST,2024,1.159408688545227
CZE_RL.EST,Czechia,CZE,Rule of Law: Estimate,RL.EST,2025,1.163893461227417
CZE_RL.EST,Czechia,CZE,Rule of Law: Estimate,RL.EST,2026,1.1552624702453613
CZE_RL.EST,Czechia,CZE,Rule of Law: Estimate,RL.EST,2027,1.1382465362548828
CZE_RL.EST,Czechia,CZE,Rule of Law: Estimate,RL.EST,2028,1.175589919090271
CZE_RL.EST,Czechia,CZE,Rule of Law: Estimate,RL.EST,2029,1.1816593408584595
CZE_RL.EST,Czechia,CZE,Rule of Law: Estimate,RL.EST,2030,1.1642080545425415
DEU_RL.EST,Germany,DEU,Rule of Law: Estimate,RL.EST,2024,1.5327329635620117
DEU_RL.EST,Germany,DEU,Rule of Law: Estimate,RL.EST,2025,1.544647455215454
DEU_RL.EST,Germany,DEU,Rule of Law: Estimate,RL.EST,2026,1.5182992219924927
DEU_RL.EST,Germany,DEU,Rule of Law: Estimate,RL.EST,2027,1.5209178924560547
DEU_RL.EST,Germany,DEU,Rule of Law: Estimate,RL.EST,2028,1.510465383529663
DEU_RL.EST,Germany,DEU,Rule of Law: Estimate,RL.EST,2029,1.490017056465149
DEU_RL.EST,Germany,DEU,Rule of Law: Estimate,RL.EST,2030,1.5159661769866943
DNK_RL.EST,Denmark,DNK,Rule of Law: Estimate,RL.EST,2024,1.8963019847869873
DNK_RL.EST,Denmark,DNK,Rule of Law: Estimate,RL.EST,2025,1.8805983066558838
DNK_RL.EST,Denmark,DNK,Rule of Law: Estimate,RL.EST,2026,1.8423575162887573
DNK_RL.EST,Denmark,DNK,Rule of Law: Estimate,RL.EST,2027,1.8378057479858398
DNK_RL.EST,Denmark,DNK,Rule of Law: Estimate,RL.EST,2028,1.8294676542282104
DNK_RL.EST,Denmark,DNK,Rule of Law: Estimate,RL.EST,2029,1.8048464059829712
DNK_RL.EST,Denmark,DNK,Rule of Law: Estimate,RL.EST,2030,1.8034511804580688
ESP_RL.EST,Spain,ESP,Rule of Law: Estimate,RL.EST,2024,0.8149799108505249
ESP_RL.EST,Spain,ESP,Rule of Law: Estimate,RL.EST,2025,0.828113317489624
ESP_RL.EST,Spain,ESP,Rule of Law: Estimate,RL.EST,2026,0.7876058220863342
ESP_RL.EST,Spain,ESP,Rule of Law: Estimate,RL.EST,2027,0.8249204158782959
ESP_RL.EST,Spain,ESP,Rule of Law: Estimate,RL.EST,2028,0.8392064571380615
ESP_RL.EST,Spain,ESP,Rule of Law: Estimate,RL.EST,2029,0.818894624710083
ESP_RL.EST,Spain,ESP,Rule of Law: Estimate,RL.EST,2030,0.8454678654670715
EST_RL.EST,Estonia,EST,Rule of Law: Estimate,RL.EST,2024,1.4459425210952759
EST_RL.EST,Estonia,EST,Rule of Law: Estimate,RL.EST,2025,1.463563323020935
EST_RL.EST,Estonia,EST,Rule of Law: Estimate,RL.EST,2026,1.4694470167160034
EST_RL.EST,Estonia,EST,Rule of Law: Estimate,RL.EST,2027,1.4555913209915161
EST_RL.EST,Estonia,EST,Rule of Law: Estimate,RL.EST,2028,1.4137133359909058
EST_RL.EST,Estonia,EST,Rule of Law: Estimate,RL.EST,2029,1.4588159322738647
EST_RL.EST,Estonia,EST,Rule of Law: Estimate,RL.EST,2030,1.481860637664795
FIN_RL.EST,Finland,FIN,Rule of Law: Estimate,RL.EST,2024,1.9641655683517456
FIN_RL.EST,Finland,FIN,Rule of Law: Estimate,RL.EST,2025,1.9513126611709595
FIN_RL.EST,Finland,FIN,Rule of Law: Estimate,RL.EST,2026,1.9351904392242432
FIN_RL.EST,Finland,FIN,Rule of Law: Estimate,RL.EST,2027,1.9257625341415405
FIN_RL.EST,Finland,FIN,Rule of Law: Estimate,RL.EST,2028,1.9326318502426147
FIN_RL.EST,Finland,FIN,Rule of Law: Estimate,RL.EST,2029,1.949714183807373
FIN_RL.EST,Finland,FIN,Rule of Law: Estimate,RL.EST,2030,1.9812061786651611
FRA_RL.EST,France,FRA,Rule of Law: Estimate,RL.EST,2024,1.1632872819900513
FRA_RL.EST,France,FRA,Rule of Law: Estimate,RL.EST,2025,1.176618218421936
FRA_RL.EST,France,FRA,Rule of Law: Estimate,RL.EST,2026,1.1607402563095093
FRA_RL.EST,France,FRA,Rule of Law: Estimate,RL.EST,2027,1.1633853912353516
FRA_RL.EST,France,FRA,Rule of Law: Estimate,RL.EST,2028,1.149204134941101
FRA_RL.EST,France,FRA,Rule of Law: Estimate,RL.EST,2029,1.1438395977020264
FRA_RL.EST,France,FRA,Rule of Law: Estimate,RL.EST,2030,1.1617491245269775
GRC_RL.EST,Greece,GRC,Rule of Law: Estimate,RL.EST,2024,0.2737410068511963
GRC_RL.EST,Greece,GRC,Rule of Law: Estimate,RL.EST,2025,0.30453968048095703
GRC_RL.EST,Greece,GRC,Rule of Law: Estimate,RL.EST,2026,0.3658584952354431
GRC_RL.EST,Greece,GRC,Rule of Law: Estimate,RL.EST,2027,0.3122926652431488
GRC_RL.EST,Greece,GRC,Rule of Law: Estimate,RL.EST,2028,0.30716490745544434
GRC_RL.EST,Greece,GRC,Rule of Law: Estimate,RL.EST,2029,0.310832679271698
GRC_RL.EST,Greece,GRC,Rule of Law: Estimate,RL.EST,2030,0.3023553788661957
HRV_RL.EST,Croatia,HRV,Rule of Law: Estimate,RL.EST,2024,0.32075977325439453
HRV_RL.EST,Croatia,HRV,Rule of Law: Estimate,RL.EST,2025,0.3493864834308624
HRV_RL.EST,Croatia,HRV,Rule of Law: Estimate,RL.EST,2026,0.3628637492656708
HRV_RL.EST,Croatia,HRV,Rule of Law: Estimate,RL.EST,2027,0.3200482428073883
HRV_RL.EST,Croatia,HRV,Rule of Law: Estimate,RL.EST,2028,0.3511640131473541
HRV_RL.EST,Croatia,HRV,Rule of Law: Estimate,RL.EST,2029,0.34869158267974854
HRV_RL.EST,Croatia,HRV,Rule of Law: Estimate,RL.EST,2030,0.30731460452079773
HUN_RL.EST,Hungary,HUN,Rule of Law: Estimate,RL.EST,2024,0.4356077313423157
HUN_RL.EST,Hungary,HUN,Rule of Law: Estimate,RL.EST,2025,0.39567622542381287
HUN_RL.EST,Hungary,HUN,Rule of Law: Estimate,RL.EST,2026,0.46775197982788086
HUN_RL.EST,Hungary,HUN,Rule of Law: Estimate,RL.EST,2027,0.4526636302471161
HUN_RL.EST,Hungary,HUN,Rule of Law: Estimate,RL.EST,2028,0.4537549912929535
HUN_RL.EST,Hungary,HUN,Rule of Law: Estimate,RL.EST,2029,0.4343181550502777
HUN_RL.EST,Hungary,HUN,Rule of Law: Estimate,RL.EST,2030,0.4707055687904358
IRL_RL.EST,Ireland,IRL,Rule of Law: Estimate,RL.EST,2024,1.638819932937622
IRL_RL.EST,Ireland,IRL,Rule of Law: Estimate,RL.EST,2025,1.627272129058838
IRL_RL.EST,Ireland,IRL,Rule of Law: Estimate,RL.EST,2026,1.6169817447662354
IRL_RL.EST,Ireland,IRL,Rule of Law: Estimate,RL.EST,2027,1.6007784605026245
IRL_RL.EST,Ireland,IRL,Rule of Law: Estimate,RL.EST,2028,1.5903310775756836
IRL_RL.EST,Ireland,IRL,Rule of Law: Estimate,RL.EST,2029,1.5546717643737793
IRL_RL.EST,Ireland,IRL,Rule of Law: Estimate,RL.EST,2030,1.5332382917404175
ITA_RL.EST,Italy,ITA,Rule of Law: Estimate,RL.EST,2024,0.40032830834388733
ITA_RL.EST,Italy,ITA,Rule of Law: Estimate,RL.EST,2025,0.4321233332157135
ITA_RL.EST,Italy,ITA,Rule of Law: Estimate,RL.EST,2026,0.4542835056781769
ITA_RL.EST,Italy,ITA,Rule of Law: Estimate,RL.EST,2027,0.45386844873428345
ITA_RL.EST,Italy,ITA,Rule of Law: Estimate,RL.EST,2028,0.45690444111824036
ITA_RL.EST,Italy,ITA,Rule of Law: Estimate,RL.EST,2029,0.4233723282814026
ITA_RL.EST,Italy,ITA,Rule of Law: Estimate,RL.EST,2030,0.4438433051109314
LTU_RL.EST,Lithuania,LTU,Rule of Law: Estimate,RL.EST,2024,1.2192283868789673
LTU_RL.EST,Lithuania,LTU,Rule of Law: Estimate,RL.EST,2025,1.1984829902648926
LTU_RL.EST,Lithuania,LTU,Rule of Law: Estimate,RL.EST,2026,1.222029209136963
LTU_RL.EST,Lithuania,LTU,Rule of Law: Estimate,RL.EST,2027,1.2337204217910767
LTU_RL.EST,Lithuania,LTU,Rule of Law: Estimate,RL.EST,2028,1.213585376739502
LTU_RL.EST,Lithuania,LTU,Rule of Law: Estimate,RL.EST,2029,1.2322291135787964
LTU_RL.EST,Lithuania,LTU,Rule of Law: Estimate,RL.EST,2030,1.232533574104309
LUX_RL.EST,Luxembourg,LUX,Rule of Law: Estimate,RL.EST,2024,1.7513816356658936
LUX_RL.EST,Luxembourg,LUX,Rule of Law: Estimate,RL.EST,2025,1.7454067468643188
LUX_RL.EST,Luxembourg,LUX,Rule of Law: Estimate,RL.EST,2026,1.7266038656234741
LUX_RL.EST,Luxembourg,LUX,Rule of Law: Estimate,RL.EST,2027,1.7254664897918701
LUX_RL.EST,Luxembourg,LUX,Rule of Law: Estimate,RL.EST,2028,1.7133561372756958
LUX_RL.EST,Luxembourg,LUX,Rule of Law: Estimate,RL.EST,2029,1.6870876550674438
LUX_RL.EST,Luxembourg,LUX,Rule of Law: Estimate,RL.EST,2030,1.683413028717041
LVA_RL.EST,Latvia,LVA,Rule of Law: Estimate,RL.EST,2024,1.057686448097229
LVA_RL.EST,Latvia,LVA,Rule of Law: Estimate,RL.EST,2025,1.063854455947876
LVA_RL.EST,Latvia,LVA,Rule of Law: Estimate,RL.EST,2026,1.0820611715316772
LVA_RL.EST,Latvia,LVA,Rule of Law: Estimate,RL.EST,2027,1.0878729820251465
LVA_RL.EST,Latvia,LVA,Rule of Law: Estimate,RL.EST,2028,1.0815837383270264
LVA_RL.EST,Latvia,LVA,Rule of Law: Estimate,RL.EST,2029,1.0763847827911377
LVA_RL.EST,Latvia,LVA,Rule of Law: Estimate,RL.EST,2030,1.0763847827911377
MLT_RL.EST,Malta,MLT,Rule of Law: Estimate,RL.EST,2024,0.631706178188324
MLT_RL.EST,Malta,MLT,Rule of Law: Estimate,RL.EST,2025,0.5771988034248352
MLT_RL.EST,Malta,MLT,Rule of Law: Estimate,RL.EST,2026,0.537708580493927
MLT_RL.EST,Malta,MLT,Rule of Law: Estimate,RL.EST,2027,0.5465030074119568
MLT_RL.EST,Malta,MLT,Rule of Law: Estimate,RL.EST,2028,0.5701669454574585
MLT_RL.EST,Malta,MLT,Rule of Law: Estimate,RL.EST,2029,0.5857464671134949
MLT_RL.EST,Malta,MLT,Rule of Law: Estimate,RL.EST,2030,0.5733211636543274
NLD_RL.EST,Netherlands,NLD,Rule of Law: Estimate,RL.EST,2024,1.704508900642395
NLD_RL.EST,Netherlands,NLD,Rule of Law: Estimate,RL.EST,2025,1.6935800313949585
NLD_RL.EST,Netherlands,NLD,Rule of Law: Estimate,RL.EST,2026,1.6469917297363281
NLD_RL.EST,Netherlands,NLD,Rule of Law: Estimate,RL.EST,2027,1.703130841255188
NLD_RL.EST,Netherlands,NLD,Rule of Law: Estimate,RL.EST,2028,1.6966081857681274
NLD_RL.EST,Netherlands,NLD,Rule of Law: Estimate,RL.EST,2029,1.6820423603057861
NLD_RL.EST,Netherlands,NLD,Rule of Law: Estimate,RL.EST,2030,1.701874852180481
POL_RL.EST,Poland,POL,Rule of Law: Estimate,RL.EST,2024,0.4649007320404053
POL_RL.EST,Poland,POL,Rule of Law: Estimate,RL.EST,2025,0.4392937123775482
POL_RL.EST,Poland,POL,Rule of Law: Estimate,RL.EST,2026,0.4629199504852295
POL_RL.EST,Poland,POL,Rule of Law: Estimate,RL.EST,2027,0.46011024713516235
POL_RL.EST,Poland,POL,Rule of Law: Estimate,RL.EST,2028,0.4570830762386322
POL_RL.EST,Poland,POL,Rule of Law: Estimate,RL.EST,2029,0.428908109664917
POL_RL.EST,Poland,POL,Rule of Law: Estimate,RL.EST,2030,0.44915494322776794
PRT_RL.EST,Portugal,PRT,Rule of Law: Estimate,RL.EST,2024,1.125457525253296
PRT_RL.EST,Portugal,PRT,Rule of Law: Estimate,RL.EST,2025,1.1306209564208984
PRT_RL.EST,Portugal,PRT,Rule of Law: Estimate,RL.EST,2026,1.1572630405426025
PRT_RL.EST,Portugal,PRT,Rule of Law: Estimate,RL.EST,2027,1.1793493032455444
PRT_RL.EST,Portugal,PRT,Rule of Law: Estimate,RL.EST,2028,1.1872813701629639
PRT_RL.EST,Portugal,PRT,Rule of Law: Estimate,RL.EST,2029,1.1614580154418945
PRT_RL.EST,Portugal,PRT,Rule of Law: Estimate,RL.EST,2030,1.1665323972702026
ROU_RL.EST,Romania,ROU,Rule of Law: Estimate,RL.EST,2024,0.4245741367340088
ROU_RL.EST,Romania,ROU,Rule of Law: Estimate,RL.EST,2025,0.4159662127494812
ROU_RL.EST,Romania,ROU,Rule of Law: Estimate,RL.EST,2026,0.4446788728237152
ROU_RL.EST,Romania,ROU,Rule of Law: Estimate,RL.EST,2027,0.4470655024051666
ROU_RL.EST,Romania,ROU,Rule of Law: Estimate,RL.EST,2028,0.4300311505794525
ROU_RL.EST,Romania,ROU,Rule of Law: Estimate,RL.EST,2029,0.4329332709312439
ROU_RL.EST,Romania,ROU,Rule of Law: Estimate,RL.EST,2030,0.415927529335022
SVK_RL.EST,Slovak Republic,SVK,Rule of Law: Estimate,RL.EST,2024,0.5583012104034424
SVK_RL.EST,Slovak Republic,SVK,Rule of Law: Estimate,RL.EST,2025,0.5295872688293457
SVK_RL.EST,Slovak Republic,SVK,Rule of Law: Estimate,RL.EST,2026,0.5130619406700134
SVK_RL.EST,Slovak Republic,SVK,Rule of Law: Estimate,RL.EST,2027,0.5262960195541382
SVK_RL.EST,Slovak Republic,SVK,Rule of Law: Estimate,RL.EST,2028,0.46401792764663696
SVK_RL.EST,Slovak Republic,SVK,Rule of Law: Estimate,RL.EST,2029,0.473558247089386
SVK_RL.EST,Slovak Republic,SVK,Rule of Law: Estimate,RL.EST,2030,0.4390556812286377
SVN_RL.EST,Slovenia,SVN,Rule of Law: Estimate,RL.EST,2024,1.0197067260742188
SVN_RL.EST,Slovenia,SVN,Rule of Law: Estimate,RL.EST,2025,1.058451533317566
SVN_RL.EST,Slovenia,SVN,Rule of Law: Estimate,RL.EST,2026,1.0692508220672607
SVN_RL.EST,Slovenia,SVN,Rule of Law: Estimate,RL.EST,2027,1.0593653917312622
SVN_RL.EST,Slovenia,SVN,Rule of Law: Estimate,RL.EST,2028,1.0633161067962646
SVN_RL.EST,Slovenia,SVN,Rule of Law: Estimate,RL.EST,2029,1.0665982961654663
SVN_RL.EST,Slovenia,SVN,Rule of Law: Estimate,RL.EST,2030,1.0726383924484253
SWE_RL.EST,Sweden,SWE,Rule of Law: Estimate,RL.EST,2024,1.5697871446609497
SWE_RL.EST,Sweden,SWE,Rule of Law: Estimate,RL.EST,2025,1.561322808265686
SWE_RL.EST,Sweden,SWE,Rule of Law: Estimate,RL.EST,2026,1.54261314868927
SWE_RL.EST,Sweden,SWE,Rule of Law: Estimate,RL.EST,2027,1.5232279300689697
SWE_RL.EST,Sweden,SWE,Rule of Law: Estimate,RL.EST,2028,1.5280219316482544
SWE_RL.EST,Sweden,SWE,Rule of Law: Estimate,RL.EST,2029,1.5237793922424316
SWE_RL.EST,Sweden,SWE,Rule of Law: Estimate,RL.EST,2030,1.5059574842453003
