series_id,Country Name,Country Code,Indicator Name,Indicator Code,year,pred_xgb
AUT_VA.EST,Austria,AUT,Voice and Accountability: Estimate,VA.EST,2024,1.4334251880645752
AUT_VA.EST,Austria,AUT,Voice and Accountability: Estimate,VA.EST,2025,1.4303598403930664
AUT_VA.EST,Austria,AUT,Voice and Accountability: Estimate,VA.EST,2026,1.4266140460968018
AUT_VA.EST,Austria,AUT,Voice and Accountability: Estimate,VA.EST,2027,1.4389511346817017
AUT_VA.EST,Austria,AUT,Voice and Accountability: Estimate,VA.EST,2028,1.4435627460479736
AUT_VA.EST,Austria,AUT,Voice and Accountability: Estimate,VA.EST,2029,1.4411855936050415
AUT_VA.EST,Austria,AUT,Voice and Accountability: Estimate,VA.EST,2030,1.443146824836731
BEL_VA.EST,Belgium,BEL,Voice and Accountability: Estimate,VA.EST,2024,1.287460446357727
BEL_VA.EST,Belgium,BEL,Voice and Accountability: Estimate,VA.EST,2025,1.3185018301010132
BEL_VA.EST,Belgium,BEL,Voice and Accountability: Estimate,VA.EST,2026,1.3397138118743896
BEL_VA.EST,Belgium,BEL,Voice and Accountability: Estimate,VA.EST,2027,1.360363483428955
BEL_VA.EST,Belgium,BEL,Voice and Accountability: Estimate,VA.EST,2028,1.3972558975219727
BEL_VA.EST,Belgium,BEL,Voice and Accountability: Estimate,VA.EST,2029,1.4125781059265137
BEL_VA.EST,Belgium,BEL,Voice and Accountability: Estimate,VA.EST,2030,1.4233617782592773
BGR_VA.EST,Bulgaria,BGR,Voice and Accountability: Estimate,VA.EST,2024,0.3834380805492401
BGR_VA.EST,Bulgaria,BGR,Voice and Accountability: Estimate,VA.EST,2025,0.34534844756126404
BGR_VA.EST,Bulgaria,BGR,Voice and Accountability: Estimate,VA.EST,2026,0.3415079712867737
BGR_VA.EST,Bulgaria,BGR,Voice and Accountability: Estimate,VA.EST,2027,0.37243136763572693
BGR_VA.EST,Bulgaria,BGR,Voice and Accountability: Estimate,VA.EST,2028,0.3764849603176117
BGR_VA.EST,Bulgaria,BGR,Voice and Accountability: Estimate,VA.EST,2029,0.37598830461502075
BGR_VA.EST,Bulgaria,BGR,Voice and Accountability: Estimate,VA.EST,2030,0.3791288137435913
CYP_VA.EST,Cyprus,CYP,Voice and Accountability: Estimate,VA.EST,2024,1.0323878526687622
CYP_VA.EST,Cyprus,CYP,Voice and Accountability: Estimate,VA.EST,2025,1.0783778429031372
CYP_VA.EST,Cyprus,CYP,Voice and Accountability: Estimate,VA.EST,2026,1.1016677618026733
CYP_VA.EST,Cyprus,CYP,Voice and Accountability: Estimate,VA.EST,2027,1.078607201576233
CYP_VA.EST,Cyprus,CYP,Voice and Accountability: Estimate,VA.EST,2028,1.0832713842391968
CYP_VA.EST,Cyprus,CYP,Voice and Accountability: Estimate,VA.EST,2029,1.075880765914917
CYP_VA.EST,Cyprus,CYP,Voice and Accountability: Estimate,VA.EST,2030,1.0814868211746216
CZE_VA.EST,Czechia,CZE,Voice and Accountability: Estimate,VA.EST,2024,1.0951182842254639
CZE_VA.EST,Czechia,CZE,Voice and Accountability: Estimate,VA.EST,2025,1.08091139793396
CZE_VA.EST,Czechia,CZE,Voice and Accountability: Estimate,VA.EST,2026,1.0768470764160156
CZE_VA.EST,Czechia,CZE,Voice and Accountability: Estimate,VA.EST,2027,1.082467794418335
CZE_VA.EST,Czechia,CZE,Voice and Accountability: Estimate,VA.EST,2028,1.084940791130066
CZE_VA.EST,Czechia,CZE,Voice and Accountability: Estimate,VA.EST,2029,1.0791319608688354
CZE_VA.EST,Czechia,CZE,Voice and Accountability: Estimate,VA.EST,2030,1.0836997032165527
DEU_VA.EST,Germany,DEU,Voice and Accountability: Estimate,VA.EST,2024,1.4485574960708618
DEU_VA.EST,Germany,DEU,Voice and Accountability: Estimate,VA.EST,2025,1.4020787477493286
DEU_VA.EST,Germany,DEU,Voice and Accountability: Estimate,VA.EST,2026,1.4338048696517944
DEU_VA.EST,Germany,DEU,Voice and Accountability: Estimate,VA.EST,2027,1.4274967908859253
DEU_VA.EST,Germany,DEU,Voice and Accountability: Estimate,VA.EST,2028,1.424870491027832
DEU_VA.EST,Germany,DEU,Voice and Accountability: Estimate,VA.EST,2029,1.4407206773757935
DEU_VA.EST,Germany,DEU,Voice and Accountability: Estimate,VA.EST,2030,1.4521969556808472
DNK_VA.EST,Denmark,DNK,Voice and Accountability: Estimate,VA.EST,2024,1.6567463874816895
DNK_VA.EST,Denmark,DNK,Voice and Accountability: Estimate,VA.EST,2025,1.5763230323791504
DNK_VA.EST,Denmark,DNK,Voice and Accountability: Estimate,VA.EST,2026,1.5640069246292114
DNK_VA.EST,Denmark,DNK,Voice and Accountability: Estimate,VA.EST,2027,1.5571792125701904
DNK_VA.EST,Denmark,DNK,Voice and Accountability: Estimate,VA.EST,2028,1.5921648740768433
DNK_VA.EST,Denmark,DNK,Voice and Accountability: Estimate,VA.EST,2029,1.6180813312530518
DNK_VA.EST,Denmark,DNK,Voice and Accountability: Estimate,VA.EST,2030,1.6230294704437256
ESP_VA.EST,Spain,ESP,Voice and Accountability: Estimate,VA.EST,2024,1.155112624168396
ESP_VA.EST,Spain,ESP,Voice and Accountability: Estimate,VA.EST,2025,1.1632682085037231
ESP_VA.EST,Spain,ESP,Voice and Accountability: Estimate,VA.EST,2026,1.2081117630004883
ESP_VA.EST,Spain,ESP,Voice and Accountability: Estimate,VA.EST,2027,1.2093020677566528
ESP_VA.EST,Spain,ESP,Voice and Accountability: Estimate,VA.EST,2028,1.2055331468582153
ESP_VA.EST,Spain,ESP,Voice and Accountability: Estimate,VA.EST,2029,1.2141746282577515
ESP_VA.EST,Spain,ESP,Voice and Accountability: Estimate,VA.EST,2030,1.2182928323745728
EST_VA.EST,Estonia,EST,Voice and Accountability: Estimate,VA.EST,2024,1.2399311065673828
EST_VA.EST,Estonia,EST,Voice and Accountability: Estimate,VA.EST,2025,1.2234230041503906
EST_VA.EST,Estonia,EST,Voice and Accountability: Estimate,VA.EST,2026,1.2084144353866577
EST_VA.EST,Estonia,EST,Voice and Accountability: Estimate,VA.EST,2027,1.2008525133132935
EST_VA.EST,Estonia,EST,Voice and Accountability: Estimate,VA.EST,2028,1.211320400238037
EST_VA.EST,Estonia,EST,Voice and Accountability: Estimate,VA.EST,2029,1.2191529273986816
EST_VA.EST,Estonia,EST,Voice and Accountability: Estimate,VA.EST,2030,1.2321929931640625
FIN_VA.EST,Finland,FIN,Voice and Accountability: Estimate,VA.EST,2024,1.6165567636489868
FIN_VA.EST,Finland,FIN,Voice and Accountability: Estimate,VA.EST,2025,1.5743094682693481
FIN_VA.EST,Finland,FIN,Voice and Accountability: Estimate,VA.EST,2026,1.5779733657836914
FIN_VA.EST,Finland,FIN,Voice and Accountability: Estimate,VA.EST,2027,1.5875661373138428
FIN_VA.EST,Finland,FIN,Voice and Accountability: Estimate,VA.EST,2028,1.6092513799667358
FIN_VA.EST,Finland,FIN,Voice and Accountability: Estimate,VA.EST,2029,1.6229729652404785
FIN_VA.EST,Finland,FIN,Voice and Accountability: Estimate,VA.EST,2030,1.6142261028289795
FRA_VA.EST,France,FRA,Voice and Accountability: Estimate,VA.EST,2024,1.1861402988433838
FRA_VA.EST,France,FRA,Voice and Accountability: Estimate,VA.EST,2025,1.1938822269439697
FRA_VA.EST,France,FRA,Voice and Accountability: Estimate,VA.EST,2026,1.2083486318588257
FRA_VA.EST,France,FRA,Voice and Accountability: Estimate,VA.EST,2027,1.2248008251190186
FRA_VA.EST,France,FRA,Voice and Accountability: Estimate,VA.EST,2028,1.233172059059143
FRA_VA.EST,France,FRA,Voice and Accountability: Estimate,VA.EST,2029,1.2169139385223389
FRA_VA.EST,France,FRA,Voice and Accountability: Estimate,VA.EST,2030,1.21212637424469
GRC_VA.EST,Greece,GRC,Voice and Accountability: Estimate,VA.EST,2024,1.0740900039672852
GRC_VA.EST,Greece,GRC,Voice and Accountability: Estimate,VA.EST,2025,1.1012685298919678
GRC_VA.EST,Greece,GRC,Voice and Accountability: Estimate,VA.EST,2026,1.0909254550933838
GRC_VA.EST,Greece,GRC,Voice and Accountability: Estimate,VA.EST,2027,1.0750575065612793
GRC_VA.EST,Greece,GRC,Voice and Accountability: Estimate,VA.EST,2028,1.0662412643432617
GRC_VA.EST,Greece,GRC,Voice and Accountability: Estimate,VA.EST,2029,1.0784435272216797
GRC_VA.EST,Greece,GRC,Voice and Accountability: Estimate,VA.EST,2030,1.0780521631240845
HRV_VA.EST,Croatia,HRV,Voice and Accountability: Estimate,VA.EST,2024,0.5642309188842773
HRV_VA.EST,Croatia,HRV,Voice and Accountability: Estimate,VA.EST,2025,0.5825110673904419
HRV_VA.EST,Croatia,HRV,Voice and Accountability: Estimate,VA.EST,2026,0.6197528839111328
HRV_VA.EST,Croatia,HRV,Voice and Accountability: Estimate,VA.EST,2027,0.6024982929229736
HRV_VA.EST,Croatia,HRV,Voice and Accountability: Estimate,VA.EST,2028,0.5767669677734375
HRV_VA.EST,Croatia,HRV,Voice and Accountability: Estimate,VA.EST,2029,0.577572762966156
HRV_VA.EST,Croatia,HRV,Voice and Accountability: Estimate,VA.EST,2030,0.6274172067642212
HUN_VA.EST,Hungary,HUN,Voice and Accountability: Estimate,VA.EST,2024,0.3656097650527954
HUN_VA.EST,Hungary,HUN,Voice and Accountability: Estimate,VA.EST,2025,0.35307419300079346
HUN_VA.EST,Hungary,HUN,Voice and Accountability: Estimate,VA.EST,2026,0.3565787672996521
HUN_VA.EST,Hungary,HUN,Voice and Accountability: Estimate,VA.EST,2027,0.3848530352115631
HUN_VA.EST,Hungary,HUN,Voice and Accountability: Estimate,VA.EST,2028,0.37094032764434814
HUN_VA.EST,Hungary,HUN,Voice and Accountability: Estimate,VA.EST,2029,0.3514803946018219
HUN_VA.EST,Hungary,HUN,Voice and Accountability: Estimate,VA.EST,2030,0.3622121512889862
IRL_VA.EST,Ireland,IRL,Voice and Accountability: Estimate,VA.EST,2024,1.4764657020568848
IRL_VA.EST,Ireland,IRL,Voice and Accountability: Estimate,VA.EST,2025,1.4703388214111328
IRL_VA.EST,Ireland,IRL,Voice and Accountability: Estimate,VA.EST,2026,1.5165908336639404
IRL_VA.EST,Ireland,IRL,Voice and Accountability: Estimate,VA.EST,2027,1.5766687393188477
IRL_VA.EST,Ireland,IRL,Voice and Accountability: Estimate,VA.EST,2028,1.6038447618484497
IRL_VA.EST,Ireland,IRL,Voice and Accountability: Estimate,VA.EST,2029,1.6135339736938477
IRL_VA.EST,Ireland,IRL,Voice and Accountability: Estimate,VA.EST,2030,1.6070809364318848
ITA_VA.EST,Italy,ITA,Voice and Accountability: Estimate,VA.EST,2024,1.0999103784561157
ITA_VA.EST,Italy,ITA,Voice and Accountability: Estimate,VA.EST,2025,1.1070692539215088
ITA_VA.EST,Italy,ITA,Voice and Accountability: Estimate,VA.EST,2026,1.1226414442062378
ITA_VA.EST,Italy,ITA,Voice and Accountability: Estimate,VA.EST,2027,1.1272014379501343
ITA_VA.EST,Italy,ITA,Voice and Accountability: Estimate,VA.EST,2028,1.1770069599151611
ITA_VA.EST,Italy,ITA,Voice and Accountability: Estimate,VA.EST,2029,1.1775078773498535
ITA_VA.EST,Italy,ITA,Voice and Accountability: Estimate,VA.EST,2030,1.1862907409667969
LTU_VA.EST,Lithuania,LTU,Voice and Accountability: Estimate,VA.EST,2024,1.0750141143798828
LTU_VA.EST,Lithuania,LTU,Voice and Accountability: Estimate,VA.EST,2025,1.0730148553848267
LTU_VA.EST,Lithuania,LTU,Voice and Accountability: Estimate,VA.EST,2026,1.0797539949417114
LTU_VA.EST,Lithuania,LTU,Voice and Accountability: Estimate,VA.EST,2027,1.0800113677978516
LTU_VA.EST,Lithuania,LTU,Voice and Accountability: Estimate,VA.EST,2028,1.0799784660339355
LTU_VA.EST,Lithuania,LTU,Voice and Accountability: Estimate,VA.EST,2029,1.078759789466858
LTU_VA.EST,Lithuania,LTU,Voice and Accountability: Estimate,VA.EST,2030,1.0785353183746338
LUX_VA.EST,Luxembourg,LUX,Voice and Accountability: Estimate,VA.EST,2024,1.6324059963226318
LUX_VA.EST,Luxembourg,LUX,Voice and Accountability: Estimate,VA.EST,2025,1.5865849256515503
LUX_VA.EST,Luxembourg,LUX,Voice and Accountability: Estimate,VA.EST,2026,1.5637648105621338
LUX_VA.EST,Luxembourg,LUX,Voice and Accountability: Estimate,VA.EST,2027,1.5720431804656982
LUX_VA.EST,Luxembourg,LUX,Voice and Accountability: Estimate,VA.EST,2028,1.6001276969909668
LUX_VA.EST,Luxembourg,LUX,Voice and Accountability: Estimate,VA.EST,2029,1.6131720542907715
LUX_VA.EST,Luxembourg,LUX,Voice and Accountability: Estimate,VA.EST,2030,1.6178964376449585
LVA_VA.EST,Latvia,LVA,Voice and Accountability: Estimate,VA.EST,2024,1.0718742609024048
LVA_VA.EST,Latvia,LVA,Voice and Accountability: Estimate,VA.EST,2025,1.1221272945404053
LVA_VA.EST,Latvia,LVA,Voice and Accountability: Estimate,VA.EST,2026,1.1171035766601562
LVA_VA.EST,Latvia,LVA,Voice and Accountability: Estimate,VA.EST,2027,1.1241707801818848
LVA_VA.EST,Latvia,LVA,Voice and Accountability: Estimate,VA.EST,2028,1.1677876710891724
LVA_VA.EST,Latvia,LVA,Voice and Accountability: Estimate,VA.EST,2029,1.185477375984192
LVA_VA.EST,Latvia,LVA,Voice and Accountability: Estimate,VA.EST,2030,1.214110016822815
MLT_VA.EST,Malta,MLT,Voice and Accountability: Estimate,VA.EST,2024,0.9519580006599426
MLT_VA.EST,Malta,MLT,Voice and Accountability: Estimate,VA.EST,2025,1.007925033569336
MLT_VA.EST,Malta,MLT,Voice and Accountability: Estimate,VA.EST,2026,1.078338861465454
MLT_VA.EST,Malta,MLT,Voice and Accountability: Estimate,VA.EST,2027,1.119318962097168
MLT_VA.EST,Malta,MLT,Voice and Accountability: Estimate,VA.EST,2028,1.122100591659546
MLT_VA.EST,Malta,MLT,Voice and Accountability: Estimate,VA.EST,2029,1.1217979192733765
MLT_VA.EST,Malta,MLT,Voice and Accountability: Estimate,VA.EST,2030,1.1171908378601074
NLD_VA.EST,Netherlands,NLD,Voice and Accountability: Estimate,VA.EST,2024,1.5830237865447998
NLD_VA.EST,Netherlands,NLD,Voice and Accountability: Estimate,VA.EST,2025,1.6057476997375488
NLD_VA.EST,Netherlands,NLD,Voice and Accountability: Estimate,VA.EST,2026,1.614569902420044
NLD_VA.EST,Netherlands,NLD,Voice and Accountability: Estimate,VA.EST,2027,1.6121512651443481
NLD_VA.EST,Netherlands,NLD,Voice and Accountability: Estimate,VA.EST,2028,1.6107145547866821
NLD_VA.EST,Netherlands,NLD,Voice and Accountability: Estimate,VA.EST,2029,1.6088899374008179
NLD_VA.EST,Netherlands,NLD,Voice and Accountability: Estimate,VA.EST,2030,1.6106576919555664
POL_VA.EST,Poland,POL,Voice and Accountability: Estimate,VA.EST,2024,0.5979867577552795
POL_VA.EST,Poland,POL,Voice and Accountability: Estimate,VA.EST,2025,0.5979893207550049
POL_VA.EST,Poland,POL,Voice and Accountability: Estimate,VA.EST,2026,0.6306065917015076
POL_VA.EST,Poland,POL,Voice and Accountability: Estimate,VA.EST,2027,0.6110860109329224
POL_VA.EST,Poland,POL,Voice and Accountability: Estimate,VA.EST,2028,0.6204999685287476
POL_VA.EST,Poland,POL,Voice and Accountability: Estimate,VA.EST,2029,0.6328571438789368
POL_VA.EST,Poland,POL,Voice and Accountability: Estimate,VA.EST,2030,0.62928706407547
PRT_VA.EST,Portugal,PRT,Voice and Accountability: Estimate,VA.EST,2024,1.1979832649230957
PRT_VA.EST,Portugal,PRT,Voice and Accountability: Estimate,VA.EST,2025,1.212451696395874
PRT_VA.EST,Portugal,PRT,Voice and Accountability: Estimate,VA.EST,2026,1.2198854684829712
PRT_VA.EST,Portugal,PRT,Voice and Accountability: Estimate,VA.EST,2027,1.2266632318496704
PRT_VA.EST,Portugal,PRT,Voice and Accountability: Estimate,VA.EST,2028,1.2200554609298706
PRT_VA.EST,Portugal,PRT,Voice and Accountability: Estimate,VA.EST,2029,1.2203102111816406
PRT_VA.EST,Portugal,PRT,Voice and Accountability: Estimate,VA.EST,2030,1.2190860509872437
ROU_VA.EST,Romania,ROU,Voice and Accountability: Estimate,VA.EST,2024,0.4877132475376129
ROU_VA.EST,Romania,ROU,Voice and Accountability: Estimate,VA.EST,2025,0.4624232351779938
ROU_VA.EST,Romania,ROU,Voice and Accountability: Estimate,VA.EST,2026,0.5059053301811218
ROU_VA.EST,Romania,ROU,Voice and Accountability: Estimate,VA.EST,2027,0.5286304950714111
ROU_VA.EST,Romania,ROU,Voice and Accountability: Estimate,VA.EST,2028,0.5092828273773193
ROU_VA.EST,Romania,ROU,Voice and Accountability: Estimate,VA.EST,2029,0.5150022506713867
ROU_VA.EST,Romania,ROU,Voice and Accountability: Estimate,VA.EST,2030,0.54598468542099
SVK_VA.EST,Slovak Republic,SVK,Voice and Accountability: Estimate,VA.EST,2024,0.9749460220336914
SVK_VA.EST,Slovak Republic,SVK,Voice and Accountability: Estimate,VA.EST,2025,1.0621510744094849
SVK_VA.EST,Slovak Republic,SVK,Voice and Accountability: Estimate,VA.EST,2026,1.105635166168213
SVK_VA.EST,Slovak Republic,SVK,Voice and Accountability: Estimate,VA.EST,2027,1.1027673482894897
SVK_VA.EST,Slovak Republic,SVK,Voice and Accountability: Estimate,VA.EST,2028,1.0699478387832642
SVK_VA.EST,Slovak Republic,SVK,Voice and Accountability: Estimate,VA.EST,2029,1.0787683725357056
SVK_VA.EST,Slovak Republic,SVK,Voice and Accountability: Estimate,VA.EST,2030,1.0661592483520508
SVN_VA.EST,Slovenia,SVN,Voice and Accountability: Estimate,VA.EST,2024,1.0953892469406128
SVN_VA.EST,Slovenia,SVN,Voice and Accountability: Estimate,VA.EST,2025,1.087581753730774
SVN_VA.EST,Slovenia,SVN,Voice and Accountability: Estimate,VA.EST,2026,1.0860159397125244
SVN_VA.EST,Slovenia,SVN,Voice and Accountability: Estimate,VA.EST,2027,1.0807057619094849
SVN_VA.EST,Slovenia,SVN,Voice and Accountability: Estimate,VA.EST,2028,1.0793755054473877
SVN_VA.EST,Slovenia,SVN,Voice and Accountability: Estimate,VA.EST,2029,1.076176643371582
SVN_VA.EST,Slovenia,SVN,Voice and Accountability: Estimate,VA.EST,2030,1.0785903930664062
SWE_VA.EST,Sweden,SWE,Voice and Accountability: Estimate,VA.EST,2024,1.6055105924606323
SWE_VA.EST,Sweden,SWE,Voice and Accountability: Estimate,VA.EST,2025,1.6227102279663086
SWE_VA.EST,Sweden,SWE,Voice and Accountability: Estimate,VA.EST,2026,1.6155871152877808
SWE_VA.EST,Sweden,SWE,Voice and Accountability: Estimate,VA.EST,2027,1.602758526802063
SWE_VA.EST,Sweden,SWE,Voice and Accountability: Estimate,VA.EST,2028,1.5780932903289795
SWE_VA.EST,Sweden,SWE,Voice and Accountability: Estimate,VA.EST,2029,1.5783953666687012
SWE_VA.EST,Sweden,SWE,Voice and Accountability: Estimate,VA.EST,2030,1.5978056192398071
