series_id,Country Name,Country Code,Indicator Name,Indicator Code,year,pred_xgb
AUT_IT.NET.USER.ZS,Austria,AUT,Individuals using the Internet (% of population),IT.NET.USER.ZS,2024,95.60399627685547
AUT_IT.NET.USER.ZS,Austria,AUT,Individuals using the Internet (% of population),IT.NET.USER.ZS,2025,95.80640411376953
AUT_IT.NET.USER.ZS,Austria,AUT,Individuals using the Internet (% of population),IT.NET.USER.ZS,2026,96.36067199707031
AUT_IT.NET.USER.ZS,Austria,AUT,Individuals using the Internet (% of population),IT.NET.USER.ZS,2027,97.8688735961914
AUT_IT.NET.USER.ZS,Austria,AUT,Individuals using the Internet (% of population),IT.NET.USER.ZS,2028,97.92178344726562
AUT_IT.NET.USER.ZS,Austria,AUT,Individuals using the Internet (% of population),IT.NET.USER.ZS,2029,98.0960693359375
AUT_IT.NET.USER.ZS,Austria,AUT,Individuals using the Internet (% of population),IT.NET.USER.ZS,2030,97.93915557861328
BEL_IT.NET.USER.ZS,Belgium,BEL,Individuals using the Internet (% of population),IT.NET.USER.ZS,2024,95.6197738647461
BEL_IT.NET.USER.ZS,Belgium,BEL,Individuals using the Internet (% of population),IT.NET.USER.ZS,2025,95.72124481201172
BEL_IT.NET.USER.ZS,Belgium,BEL,Individuals using the Internet (% of population),IT.NET.USER.ZS,2026,96.78001403808594
BEL_IT.NET.USER.ZS,Belgium,BEL,Individuals using the Internet (% of population),IT.NET.USER.ZS,2027,98.11103820800781
BEL_IT.NET.USER.ZS,Belgium,BEL,Individuals using the Internet (% of population),IT.NET.USER.ZS,2028,97.83040618896484
BEL_IT.NET.USER.ZS,Belgium,BEL,Individuals using the Internet (% of population),IT.NET.USER.ZS,2029,98.19866180419922
BEL_IT.NET.USER.ZS,Belgium,BEL,Individuals using the Internet (% of population),IT.NET.USER.ZS,2030,97.95915222167969
BGR_IT.NET.USER.ZS,Bulgaria,BGR,Individuals using the Internet (% of population),IT.NET.USER.ZS,2024,82.87467956542969
BGR_IT.NET.USER.ZS,Bulgaria,BGR,Individuals using the Internet (% of population),IT.NET.USER.ZS,2025,85.50242614746094
BGR_IT.NET.USER.ZS,Bulgaria,BGR,Individuals using the Internet (% of population),IT.NET.USER.ZS,2026,88.0192642211914
BGR_IT.NET.USER.ZS,Bulgaria,BGR,Individuals using the Internet (% of population),IT.NET.USER.ZS,2027,87.61742401123047
BGR_IT.NET.USER.ZS,Bulgaria,BGR,Individuals using the Internet (% of population),IT.NET.USER.ZS,2028,89.32614135742188
BGR_IT.NET.USER.ZS,Bulgaria,BGR,Individuals using the Internet (% of population),IT.NET.USER.ZS,2029,90.34857940673828
BGR_IT.NET.USER.ZS,Bulgaria,BGR,Individuals using the Internet (% of population),IT.NET.USER.ZS,2030,90.97278594970703
CYP_IT.NET.USER.ZS,Cyprus,CYP,Individuals using the Internet (% of population),IT.NET.USER.ZS,2024,91.88319396972656
CYP_IT.NET.USER.ZS,Cyprus,CYP,Individuals using the Internet (% of population),IT.NET.USER.ZS,2025,92.3717041015625
CYP_IT.NET.USER.ZS,Cyprus,CYP,Individuals using the Internet (% of population),IT.NET.USER.ZS,2026,94.35362243652344
CYP_IT.NET.USER.ZS,Cyprus,CYP,Individuals using the Internet (% of population),IT.NET.USER.ZS,2027,94.19818878173828
CYP_IT.NET.USER.ZS,Cyprus,CYP,Individuals using the Internet (% of population),IT.NET.USER.ZS,2028,94.48507690429688
CYP_IT.NET.USER.ZS,Cyprus,CYP,Individuals using the Internet (% of population),IT.NET.USER.ZS,2029,94.3840560913086
CYP_IT.NET.USER.ZS,Cyprus,CYP,Individuals using the Internet (% of population),IT.NET.USER.ZS,2030,94.57443237304688
CZE_IT.NET.USER.ZS,Czechia,CZE,Individuals using the Internet (% of population),IT.NET.USER.ZS,2024,87.76232147216797
CZE_IT.NET.USER.ZS,Czechia,CZE,Individuals using the Internet (% of population),IT.NET.USER.ZS,2025,89.50162506103516
CZE_IT.NET.USER.ZS,Czechia,CZE,Individuals using the Internet (% of population),IT.NET.USER.ZS,2026,91.27217864990234
CZE_IT.NET.USER.ZS,Czechia,CZE,Individuals using the Internet (% of population),IT.NET.USER.ZS,2027,91.6746597290039
CZE_IT.NET.USER.ZS,Czechia,CZE,Individuals using the Internet (% of population),IT.NET.USER.ZS,2028,92.54717254638672
CZE_IT.NET.USER.ZS,Czechia,CZE,Individuals using the Internet (% of population),IT.NET.USER.ZS,2029,94.05635833740234
CZE_IT.NET.USER.ZS,Czechia,CZE,Individuals using the Internet (% of population),IT.NET.USER.ZS,2030,94.33064270019531
DEU_IT.NET.USER.ZS,Germany,DEU,Individuals using the Internet (% of population),IT.NET.USER.ZS,2024,94.00616455078125
DEU_IT.NET.USER.ZS,Germany,DEU,Individuals using the Internet (% of population),IT.NET.USER.ZS,2025,94.33064270019531
DEU_IT.NET.USER.ZS,Germany,DEU,Individuals using the Internet (% of population),IT.NET.USER.ZS,2026,94.5245590209961
DEU_IT.NET.USER.ZS,Germany,DEU,Individuals using the Internet (% of population),IT.NET.USER.ZS,2027,95.09680938720703
DEU_IT.NET.USER.ZS,Germany,DEU,Individuals using the Internet (% of population),IT.NET.USER.ZS,2028,95.8169937133789
DEU_IT.NET.USER.ZS,Germany,DEU,Individuals using the Internet (% of population),IT.NET.USER.ZS,2029,96.81832122802734
DEU_IT.NET.USER.ZS,Germany,DEU,Individuals using the Internet (% of population),IT.NET.USER.ZS,2030,97.84412384033203
DNK_IT.NET.USER.ZS,Denmark,DNK,Individuals using the Internet (% of population),IT.NET.USER.ZS,2024,97.86117553710938
DNK_IT.NET.USER.ZS,Denmark,DNK,Individuals using the Internet (% of population),IT.NET.USER.ZS,2025,98.19280242919922
DNK_IT.NET.USER.ZS,Denmark,DNK,Individuals using the Internet (% of population),IT.NET.USER.ZS,2026,98.01287078857422
DNK_IT.NET.USER.ZS,Denmark,DNK,Individuals using the Internet (% of population),IT.NET.USER.ZS,2027,98.159423828125
DNK_IT.NET.USER.ZS,Denmark,DNK,Individuals using the Internet (% of population),IT.NET.USER.ZS,2028,97.93915557861328
DNK_IT.NET.USER.ZS,Denmark,DNK,Individuals using the Internet (% of population),IT.NET.USER.ZS,2029,98.18477630615234
DNK_IT.NET.USER.ZS,Denmark,DNK,Individuals using the Internet (% of population),IT.NET.USER.ZS,2030,97.9165267944336
ESP_IT.NET.USER.ZS,Spain,ESP,Individuals using the Internet (% of population),IT.NET.USER.ZS,2024,95.71452331542969
ESP_IT.NET.USER.ZS,Spain,ESP,Individuals using the Internet (% of population),IT.NET.USER.ZS,2025,96.81912231445312
ESP_IT.NET.USER.ZS,Spain,ESP,Individuals using the Internet (% of population),IT.NET.USER.ZS,2026,97.80359649658203
ESP_IT.NET.USER.ZS,Spain,ESP,Individuals using the Internet (% of population),IT.NET.USER.ZS,2027,97.86654663085938
ESP_IT.NET.USER.ZS,Spain,ESP,Individuals using the Internet (% of population),IT.NET.USER.ZS,2028,98.43272399902344
ESP_IT.NET.USER.ZS,Spain,ESP,Individuals using the Internet (% of population),IT.NET.USER.ZS,2029,98.17046356201172
ESP_IT.NET.USER.ZS,Spain,ESP,Individuals using the Internet (% of population),IT.NET.USER.ZS,2030,98.23823547363281
EST_IT.NET.USER.ZS,Estonia,EST,Individuals using the Internet (% of population),IT.NET.USER.ZS,2024,94.13566589355469
EST_IT.NET.USER.ZS,Estonia,EST,Individuals using the Internet (% of population),IT.NET.USER.ZS,2025,94.29444885253906
EST_IT.NET.USER.ZS,Estonia,EST,Individuals using the Internet (% of population),IT.NET.USER.ZS,2026,94.70267486572266
EST_IT.NET.USER.ZS,Estonia,EST,Individuals using the Internet (% of population),IT.NET.USER.ZS,2027,95.78050994873047
EST_IT.NET.USER.ZS,Estonia,EST,Individuals using the Internet (% of population),IT.NET.USER.ZS,2028,95.76947784423828
EST_IT.NET.USER.ZS,Estonia,EST,Individuals using the Internet (% of population),IT.NET.USER.ZS,2029,96.91008758544922
EST_IT.NET.USER.ZS,Estonia,EST,Individuals using the Internet (% of population),IT.NET.USER.ZS,2030,98.11103820800781
FIN_IT.NET.USER.ZS,Finland,FIN,Individuals using the Internet (% of population),IT.NET.USER.ZS,2024,94.2433090209961
FIN_IT.NET.USER.ZS,Finland,FIN,Individuals using the Internet (% of population),IT.NET.USER.ZS,2025,94.83731842041016
FIN_IT.NET.USER.ZS,Finland,FIN,Individuals using the Internet (% of population),IT.NET.USER.ZS,2026,95.94738006591797
FIN_IT.NET.USER.ZS,Finland,FIN,Individuals using the Internet (% of population),IT.NET.USER.ZS,2027,96.49105834960938
FIN_IT.NET.USER.ZS,Finland,FIN,Individuals using the Internet (% of population),IT.NET.USER.ZS,2028,98.10311126708984
FIN_IT.NET.USER.ZS,Finland,FIN,Individuals using the Internet (% of population),IT.NET.USER.ZS,2029,97.92056274414062
FIN_IT.NET.USER.ZS,Finland,FIN,Individuals using the Internet (% of population),IT.NET.USER.ZS,2030,98.11832427978516
FRA_IT.NET.USER.ZS,France,FRA,Individuals using the Internet (% of population),IT.NET.USER.ZS,2024,89.01860046386719
FRA_IT.NET.USER.ZS,France,FRA,Individuals using the Internet (% of population),IT.NET.USER.ZS,2025,90.25119018554688
FRA_IT.NET.USER.ZS,France,FRA,Individuals using the Internet (% of population),IT.NET.USER.ZS,2026,91.32556915283203
FRA_IT.NET.USER.ZS,France,FRA,Individuals using the Internet (% of population),IT.NET.USER.ZS,2027,91.92811584472656
FRA_IT.NET.USER.ZS,France,FRA,Individuals using the Internet (% of population),IT.NET.USER.ZS,2028,93.85530853271484
FRA_IT.NET.USER.ZS,France,FRA,Individuals using the Internet (% of population),IT.NET.USER.ZS,2029,93.92221069335938
FRA_IT.NET.USER.ZS,France,FRA,Individuals using the Internet (% of population),IT.NET.USER.ZS,2030,94.46282196044922
GRC_IT.NET.USER.ZS,Greece,GRC,Individuals using the Internet (% of population),IT.NET.USER.ZS,2024,87.38751220703125
GRC_IT.NET.USER.ZS,Greece,GRC,Individuals using the Internet (% of population),IT.NET.USER.ZS,2025,86.95033264160156
GRC_IT.NET.USER.ZS,Greece,GRC,Individuals using the Internet (% of population),IT.NET.USER.ZS,2026,89.41426849365234
GRC_IT.NET.USER.ZS,Greece,GRC,Individuals using the Internet (% of population),IT.NET.USER.ZS,2027,90.83312225341797
GRC_IT.NET.USER.ZS,Greece,GRC,Individuals using the Internet (% of population),IT.NET.USER.ZS,2028,91.24187469482422
GRC_IT.NET.USER.ZS,Greece,GRC,Individuals using the Internet (% of population),IT.NET.USER.ZS,2029,92.48936462402344
GRC_IT.NET.USER.ZS,Greece,GRC,Individuals using the Internet (% of population),IT.NET.USER.ZS,2030,93.72364044189453
HRV_IT.NET.USER.ZS,Croatia,HRV,Individuals using the Internet (% of population),IT.NET.USER.ZS,2024,84.53304290771484
HRV_IT.NET.USER.ZS,Croatia,HRV,Individuals using the Internet (% of population),IT.NET.USER.ZS,2025,86.25241088867188
HRV_IT.NET.USER.ZS,Croatia,HRV,Individuals using the Internet (% of population),IT.NET.USER.ZS,2026,87.87571716308594
HRV_IT.NET.USER.ZS,Croatia,HRV,Individuals using the Internet (% of population),IT.NET.USER.ZS,2027,89.32518005371094
HRV_IT.NET.USER.ZS,Croatia,HRV,Individuals using the Internet (% of population),IT.NET.USER.ZS,2028,90.87297058105469
HRV_IT.NET.USER.ZS,Croatia,HRV,Individuals using the Internet (% of population),IT.NET.USER.ZS,2029,91.40493774414062
HRV_IT.NET.USER.ZS,Croatia,HRV,Individuals using the Internet (% of population),IT.NET.USER.ZS,2030,92.53793334960938
HUN_IT.NET.USER.ZS,Hungary,HUN,Individuals using the Internet (% of population),IT.NET.USER.ZS,2024,90.8366470336914
HUN_IT.NET.USER.ZS,Hungary,HUN,Individuals using the Internet (% of population),IT.NET.USER.ZS,2025,92.12640380859375
HUN_IT.NET.USER.ZS,Hungary,HUN,Individuals using the Internet (% of population),IT.NET.USER.ZS,2026,94.02108001708984
HUN_IT.NET.USER.ZS,Hungary,HUN,Individuals using the Internet (% of population),IT.NET.USER.ZS,2027,94.861328125
HUN_IT.NET.USER.ZS,Hungary,HUN,Individuals using the Internet (% of population),IT.NET.USER.ZS,2028,95.34161376953125
HUN_IT.NET.USER.ZS,Hungary,HUN,Individuals using the Internet (% of population),IT.NET.USER.ZS,2029,95.99561309814453
HUN_IT.NET.USER.ZS,Hungary,HUN,Individuals using the Internet (% of population),IT.NET.USER.ZS,2030,96.75389862060547
IRL_IT.NET.USER.ZS,Ireland,IRL,Individuals using the Internet (% of population),IT.NET.USER.ZS,2024,97.9514389038086
IRL_IT.NET.USER.ZS,Ireland,IRL,Individuals using the Internet (% of population),IT.NET.USER.ZS,2025,97.8642578125
IRL_IT.NET.USER.ZS,Ireland,IRL,Individuals using the Internet (% of population),IT.NET.USER.ZS,2026,98.174560546875
IRL_IT.NET.USER.ZS,Ireland,IRL,Individuals using the Internet (% of population),IT.NET.USER.ZS,2027,97.95915222167969
IRL_IT.NET.USER.ZS,Ireland,IRL,Individuals using the Internet (% of population),IT.NET.USER.ZS,2028,98.18477630615234
IRL_IT.NET.USER.ZS,Ireland,IRL,Individuals using the Internet (% of population),IT.NET.USER.ZS,2029,97.9165267944336
IRL_IT.NET.USER.ZS,Ireland,IRL,Individuals using the Internet (% of population),IT.NET.USER.ZS,2030,98.18477630615234
ITA_IT.NET.USER.ZS,Italy,ITA,Individuals using the Internet (% of population),IT.NET.USER.ZS,2024,86.72434997558594
ITA_IT.NET.USER.ZS,Italy,ITA,Individuals using the Internet (% of population),IT.NET.USER.ZS,2025,89.40233612060547
ITA_IT.NET.USER.ZS,Italy,ITA,Individuals using the Internet (% of population),IT.NET.USER.ZS,2026,90.85884857177734
ITA_IT.NET.USER.ZS,Italy,ITA,Individuals using the Internet (% of population),IT.NET.USER.ZS,2027,90.71047973632812
ITA_IT.NET.USER.ZS,Italy,ITA,Individuals using the Internet (% of population),IT.NET.USER.ZS,2028,91.93341064453125
ITA_IT.NET.USER.ZS,Italy,ITA,Individuals using the Internet (% of population),IT.NET.USER.ZS,2029,93.71395874023438
ITA_IT.NET.USER.ZS,Italy,ITA,Individuals using the Internet (% of population),IT.NET.USER.ZS,2030,94.86196899414062
LTU_IT.NET.USER.ZS,Lithuania,LTU,Individuals using the Internet (% of population),IT.NET.USER.ZS,2024,89.47200775146484
LTU_IT.NET.USER.ZS,Lithuania,LTU,Individuals using the Internet (% of population),IT.NET.USER.ZS,2025,90.78386688232422
LTU_IT.NET.USER.ZS,Lithuania,LTU,Individuals using the Internet (% of population),IT.NET.USER.ZS,2026,90.28803253173828
LTU_IT.NET.USER.ZS,Lithuania,LTU,Individuals using the Internet (% of population),IT.NET.USER.ZS,2027,92.29872131347656
LTU_IT.NET.USER.ZS,Lithuania,LTU,Individuals using the Internet (% of population),IT.NET.USER.ZS,2028,93.56588745117188
LTU_IT.NET.USER.ZS,Lithuania,LTU,Individuals using the Internet (% of population),IT.NET.USER.ZS,2029,94.57836151123047
LTU_IT.NET.USER.ZS,Lithuania,LTU,Individuals using the Internet (% of population),IT.NET.USER.ZS,2030,95.14095306396484
LUX_IT.NET.USER.ZS,Luxembourg,LUX,Individuals using the Internet (% of population),IT.NET.USER.ZS,2024,97.86117553710938
LUX_IT.NET.USER.ZS,Luxembourg,LUX,Individuals using the Internet (% of population),IT.NET.USER.ZS,2025,98.23733520507812
LUX_IT.NET.USER.ZS,Luxembourg,LUX,Individuals using the Internet (% of population),IT.NET.USER.ZS,2026,98.1209945678711
LUX_IT.NET.USER.ZS,Luxembourg,LUX,Individuals using the Internet (% of population),IT.NET.USER.ZS,2027,98.159423828125
LUX_IT.NET.USER.ZS,Luxembourg,LUX,Individuals using the Internet (% of population),IT.NET.USER.ZS,2028,98.08345794677734
LUX_IT.NET.USER.ZS,Luxembourg,LUX,Individuals using the Internet (% of population),IT.NET.USER.ZS,2029,98.105712890625
LUX_IT.NET.USER.ZS,Luxembourg,LUX,Individuals using the Internet (% of population),IT.NET.USER.ZS,2030,98.08345794677734
LVA_IT.NET.USER.ZS,Latvia,LVA,Individuals using the Internet (% of population),IT.NET.USER.ZS,2024,94.02108001708984
LVA_IT.NET.USER.ZS,Latvia,LVA,Individuals using the Internet (% of population),IT.NET.USER.ZS,2025,94.861328125
LVA_IT.NET.USER.ZS,Latvia,LVA,Individuals using the Internet (% of population),IT.NET.USER.ZS,2026,95.46102905273438
LVA_IT.NET.USER.ZS,Latvia,LVA,Individuals using the Internet (% of population),IT.NET.USER.ZS,2027,95.96476745605469
LVA_IT.NET.USER.ZS,Latvia,LVA,Individuals using the Internet (% of population),IT.NET.USER.ZS,2028,96.53650665283203
LVA_IT.NET.USER.ZS,Latvia,LVA,Individuals using the Internet (% of population),IT.NET.USER.ZS,2029,97.9127426147461
LVA_IT.NET.USER.ZS,Latvia,LVA,Individuals using the Internet (% of population),IT.NET.USER.ZS,2030,97.86654663085938
MLT_IT.NET.USER.ZS,Malta,MLT,Individuals using the Internet (% of population),IT.NET.USER.ZS,2024,93.87718200683594
MLT_IT.NET.USER.ZS,Malta,MLT,Individuals using the Internet (% of population),IT.NET.USER.ZS,2025,94.67621612548828
MLT_IT.NET.USER.ZS,Malta,MLT,Individuals using the Internet (% of population),IT.NET.USER.ZS,2026,95.577880859375
MLT_IT.NET.USER.ZS,Malta,MLT,Individuals using the Internet (% of population),IT.NET.USER.ZS,2027,95.72124481201172
MLT_IT.NET.USER.ZS,Malta,MLT,Individuals using the Internet (% of population),IT.NET.USER.ZS,2028,96.3694839477539
MLT_IT.NET.USER.ZS,Malta,MLT,Individuals using the Internet (% of population),IT.NET.USER.ZS,2029,97.69340515136719
MLT_IT.NET.USER.ZS,Malta,MLT,Individuals using the Internet (% of population),IT.NET.USER.ZS,2030,97.86654663085938
NLD_IT.NET.USER.ZS,Netherlands,NLD,Individuals using the Internet (% of population),IT.NET.USER.ZS,2024,97.95958709716797
NLD_IT.NET.USER.ZS,Netherlands,NLD,Individuals using the Internet (% of population),IT.NET.USER.ZS,2025,97.64958190917969
NLD_IT.NET.USER.ZS,Netherlands,NLD,Individuals using the Internet (% of population),IT.NET.USER.ZS,2026,98.20201110839844
NLD_IT.NET.USER.ZS,Netherlands,NLD,Individuals using the Internet (% of population),IT.NET.USER.ZS,2027,98.13397979736328
NLD_IT.NET.USER.ZS,Netherlands,NLD,Individuals using the Internet (% of population),IT.NET.USER.ZS,2028,98.15917205810547
NLD_IT.NET.USER.ZS,Netherlands,NLD,Individuals using the Internet (% of population),IT.NET.USER.ZS,2029,98.08345794677734
NLD_IT.NET.USER.ZS,Netherlands,NLD,Individuals using the Internet (% of population),IT.NET.USER.ZS,2030,98.105712890625
POL_IT.NET.USER.ZS,Poland,POL,Individuals using the Internet (% of population),IT.NET.USER.ZS,2024,89.432861328125
POL_IT.NET.USER.ZS,Poland,POL,Individuals using the Internet (% of population),IT.NET.USER.ZS,2025,90.27729797363281
POL_IT.NET.USER.ZS,Poland,POL,Individuals using the Internet (% of population),IT.NET.USER.ZS,2026,90.94054412841797
POL_IT.NET.USER.ZS,Poland,POL,Individuals using the Internet (% of population),IT.NET.USER.ZS,2027,91.85164642333984
POL_IT.NET.USER.ZS,Poland,POL,Individuals using the Internet (% of population),IT.NET.USER.ZS,2028,92.26435852050781
POL_IT.NET.USER.ZS,Poland,POL,Individuals using the Internet (% of population),IT.NET.USER.ZS,2029,94.11092376708984
POL_IT.NET.USER.ZS,Poland,POL,Individuals using the Internet (% of population),IT.NET.USER.ZS,2030,94.57371520996094
PRT_IT.NET.USER.ZS,Portugal,PRT,Individuals using the Internet (% of population),IT.NET.USER.ZS,2024,87.70570373535156
PRT_IT.NET.USER.ZS,Portugal,PRT,Individuals using the Internet (% of population),IT.NET.USER.ZS,2025,88.04534149169922
PRT_IT.NET.USER.ZS,Portugal,PRT,Individuals using the Internet (% of population),IT.NET.USER.ZS,2026,89.34968566894531
PRT_IT.NET.USER.ZS,Portugal,PRT,Individuals using the Internet (% of population),IT.NET.USER.ZS,2027,90.73922729492188
PRT_IT.NET.USER.ZS,Portugal,PRT,Individuals using the Internet (% of population),IT.NET.USER.ZS,2028,90.18144226074219
PRT_IT.NET.USER.ZS,Portugal,PRT,Individuals using the Internet (% of population),IT.NET.USER.ZS,2029,90.80990600585938
PRT_IT.NET.USER.ZS,Portugal,PRT,Individuals using the Internet (% of population),IT.NET.USER.ZS,2030,92.04076385498047
ROU_IT.NET.USER.ZS,Romania,ROU,Individuals using the Internet (% of population),IT.NET.USER.ZS,2024,90.18571472167969
ROU_IT.NET.USER.ZS,Romania,ROU,Individuals using the Internet (% of population),IT.NET.USER.ZS,2025,90.98687744140625
ROU_IT.NET.USER.ZS,Romania,ROU,Individuals using the Internet (% of population),IT.NET.USER.ZS,2026,91.66014099121094
ROU_IT.NET.USER.ZS,Romania,ROU,Individuals using the Internet (% of population),IT.NET.USER.ZS,2027,92.35549926757812
ROU_IT.NET.USER.ZS,Romania,ROU,Individuals using the Internet (% of population),IT.NET.USER.ZS,2028,93.89513397216797
ROU_IT.NET.USER.ZS,Romania,ROU,Individuals using the Internet (% of population),IT.NET.USER.ZS,2029,94.36678314208984
ROU_IT.NET.USER.ZS,Romania,ROU,Individuals using the Internet (% of population),IT.NET.USER.ZS,2030,94.7458724975586
SVK_IT.NET.USER.ZS,Slovak Republic,SVK,Individuals using the Internet (% of population),IT.NET.USER.ZS,2024,88.39559173583984
SVK_IT.NET.USER.ZS,Slovak Republic,SVK,Individuals using the Internet (% of population),IT.NET.USER.ZS,2025,88.92900085449219
SVK_IT.NET.USER.ZS,Slovak Republic,SVK,Individuals using the Internet (% of population),IT.NET.USER.ZS,2026,90.45609283447266
SVK_IT.NET.USER.ZS,Slovak Republic,SVK,Individuals using the Internet (% of population),IT.NET.USER.ZS,2027,90.27336883544922
SVK_IT.NET.USER.ZS,Slovak Republic,SVK,Individuals using the Internet (% of population),IT.NET.USER.ZS,2028,90.6596908569336
SVK_IT.NET.USER.ZS,Slovak Republic,SVK,Individuals using the Internet (% of population),IT.NET.USER.ZS,2029,91.91504669189453
SVK_IT.NET.USER.ZS,Slovak Republic,SVK,Individuals using the Internet (% of population),IT.NET.USER.ZS,2030,93.72364044189453
SVN_IT.NET.USER.ZS,Slovenia,SVN,Individuals using the Internet (% of population),IT.NET.USER.ZS,2024,90.228515625
SVN_IT.NET.USER.ZS,Slovenia,SVN,Individuals using the Internet (% of population),IT.NET.USER.ZS,2025,90.6596908569336
SVN_IT.NET.USER.ZS,Slovenia,SVN,Individuals using the Internet (% of population),IT.NET.USER.ZS,2026,92.10871887207031
SVN_IT.NET.USER.ZS,Slovenia,SVN,Individuals using the Internet (% of population),IT.NET.USER.ZS,2027,93.63439178466797
SVN_IT.NET.USER.ZS,Slovenia,SVN,Individuals using the Internet (% of population),IT.NET.USER.ZS,2028,95.23030853271484
SVN_IT.NET.USER.ZS,Slovenia,SVN,Individuals using the Internet (% of population),IT.NET.USER.ZS,2029,95.82612609863281
SVN_IT.NET.USER.ZS,Slovenia,SVN,Individuals using the Internet (% of population),IT.NET.USER.ZS,2030,96.02771759033203
SWE_IT.NET.USER.ZS,Sweden,SWE,Individuals using the Internet (% of population),IT.NET.USER.ZS,2024,96.36103820800781
SWE_IT.NET.USER.ZS,Sweden,SWE,Individuals using the Internet (% of population),IT.NET.USER.ZS,2025,97.82379150390625
SWE_IT.NET.USER.ZS,Sweden,SWE,Individuals using the Internet (% of population),IT.NET.USER.ZS,2026,97.77729797363281
SWE_IT.NET.USER.ZS,Sweden,SWE,Individuals using the Internet (% of population),IT.NET.USER.ZS,2027,98.11832427978516
SWE_IT.NET.USER.ZS,Sweden,SWE,Individuals using the Internet (% of population),IT.NET.USER.ZS,2028,97.95915222167969
SWE_IT.NET.USER.ZS,Sweden,SWE,Individuals using the Internet (% of population),IT.NET.USER.ZS,2029,98.159423828125
SWE_IT.NET.USER.ZS,Sweden,SWE,Individuals using the Internet (% of population),IT.NET.USER.ZS,2030,97.9165267944336
